thickness,energy,transmission
1,7000,0.72872
1,9000,0.85203
1,11000,0.91179
1,13000,0.9434
1,15000,0.96151
1,17000,0.9726
2,7000,0.53103
2,9000,0.72595
2,11000,0.83136
2,13000,0.89001
2,15000,0.92451
2,17000,0.94594
3,7000,0.38697
3,9000,0.61852
3,11000,0.75803
3,13000,0.83964
3,15000,0.88893
3,17000,0.92002
4,7000,0.28199
4,9000,0.527
4,11000,0.69116
4,13000,0.79212
4,15000,0.85472
4,17000,0.89481
5,7000,0.20549
5,9000,0.44902
5,11000,0.6302
5,13000,0.74729
5,15000,0.82182
5,17000,0.87029
6,7000,0.14975
6,9000,0.38257
6,11000,0.57461
6,13000,0.70499
6,15000,0.79019
6,17000,0.84644
7,7000,0.10912
7,9000,0.32596
7,11000,0.52392
7,13000,0.66509
7,15000,0.75978
7,17000,0.82325
8,7000,0.0795196
8,9000,0.27773
8,11000,0.47771
8,13000,0.62745
8,15000,0.73054
8,17000,0.80069
9,7000,0.0579474
9,9000,0.23663
9,11000,0.43557
9,13000,0.59194
9,15000,0.70243
9,17000,0.77875
10,7000,0.0422273
10,9000,0.20162
10,11000,0.39715
10,13000,0.55844
10,15000,0.67539
10,17000,0.75741
11,7000,0.0307718
11,9000,0.17178
11,11000,0.36211
11,13000,0.52683
11,15000,0.6494
11,17000,0.73665
12,7000,0.0224239
12,9000,0.14636
12,11000,0.33017
12,13000,0.49701
12,15000,0.62441
12,17000,0.71646
13,7000,0.0163407
13,9000,0.1247
13,11000,0.30105
13,13000,0.46889
13,15000,0.60038
13,17000,0.69683
14,7000,0.0119078
14,9000,0.10625
14,11000,0.27449
14,13000,0.44235
14,15000,0.57727
14,17000,0.67774
15,7000,0.0086774
15,9000,0.0905285
15,11000,0.25028
15,13000,0.41731
15,15000,0.55505
15,17000,0.65916
16,7000,0.00632337
16,9000,0.0771326
16,11000,0.2282
16,13000,0.39369
16,15000,0.53369
16,17000,0.6411
17,7000,0.00460796
17,9000,0.0657189
17,11000,0.20807
17,13000,0.37141
17,15000,0.51315
17,17000,0.62353
18,7000,0.0033579
18,9000,0.0559941
18,11000,0.18972
18,13000,0.35039
18,15000,0.4934
18,17000,0.60645
19,7000,0.00244696
19,9000,0.0477084
19,11000,0.17298
19,13000,0.33056
19,15000,0.47441
19,17000,0.58983
20,7000,0.00178314
20,9000,0.0406488
20,11000,0.15773
20,13000,0.31185
20,15000,0.45616
20,17000,0.57366
21,7000,0.00129941
21,9000,0.0346338
21,11000,0.14381
21,13000,0.2942
21,15000,0.4386
21,17000,0.55794
22,7000,0.000946901
22,9000,0.0295088
22,11000,0.13113
22,13000,0.27755
22,15000,0.42172
22,17000,0.54265
23,7000,0.000690024
23,9000,0.0251423
23,11000,0.11956
23,13000,0.26184
23,15000,0.40549
23,17000,0.52778
24,7000,0.000502833
24,9000,0.0214219
24,11000,0.10901
24,13000,0.24702
24,15000,0.38988
24,17000,0.51332
25,7000,0.000366423
25,9000,0.018252
25,11000,0.0993981
25,13000,0.23304
25,15000,0.37488
25,17000,0.49925
26,7000,0.000267019
26,9000,0.0155511
26,11000,0.0906302
26,13000,0.21985
26,15000,0.36045
26,17000,0.48557
27,7000,0.000194581
27,9000,0.0132499
27,11000,0.0826358
27,13000,0.20741
27,15000,0.34658
27,17000,0.47227
28,7000,0.000141795
28,9000,0.0112893
28,11000,0.0753466
28,13000,0.19567
28,15000,0.33324
28,17000,0.45933
29,7000,0.000103329
29,9000,0.00961875
29,11000,0.0687003
29,13000,0.1846
29,15000,0.32042
29,17000,0.44674
30,7000,7.52972e-05
30,9000,0.00819542
30,11000,0.0626403
30,13000,0.17415
30,15000,0.30808
30,17000,0.4345
31,7000,5.48705e-05
31,9000,0.0069827
31,11000,0.0571148
31,13000,0.16429
31,15000,0.29623
31,17000,0.42259
32,7000,3.99851e-05
32,9000,0.00594944
32,11000,0.0520768
32,13000,0.15499
32,15000,0.28483
32,17000,0.41101
33,7000,2.91378e-05
33,9000,0.00506907
33,11000,0.0474831
33,13000,0.14622
33,15000,0.27387
33,17000,0.39975
34,7000,2.12333e-05
34,9000,0.00431898
34,11000,0.0432946
34,13000,0.13795
34,15000,0.26333
34,17000,0.38879
35,7000,1.5473e-05
35,9000,0.00367987
35,11000,0.0394756
35,13000,0.13014
35,15000,0.25319
35,17000,0.37814
36,7000,1.12755e-05
36,9000,0.00313534
36,11000,0.0359935
36,13000,0.12277
36,15000,0.24345
36,17000,0.36778
37,7000,8.21664e-06
37,9000,0.00267139
37,11000,0.0328186
37,13000,0.11583
37,15000,0.23408
37,17000,0.3577
38,7000,5.98761e-06
38,9000,0.00227609
38,11000,0.0299236
38,13000,0.10927
38,15000,0.22507
38,17000,0.3479
39,7000,4.36328e-06
39,9000,0.00193929
39,11000,0.0272841
39,13000,0.10309
39,15000,0.21641
39,17000,0.33836
40,7000,3.1796e-06
40,9000,0.00165232
40,11000,0.0248774
40,13000,0.0972516
40,15000,0.20808
40,17000,0.32909
41,7000,2.31703e-06
41,9000,0.00140782
41,11000,0.022683
41,13000,0.0917475
41,15000,0.20007
41,17000,0.32007
42,7000,1.68846e-06
42,9000,0.0011995
42,11000,0.0206821
42,13000,0.0865549
42,15000,0.19237
42,17000,0.3113
43,7000,1.23041e-06
43,9000,0.001022
43,11000,0.0188578
43,13000,0.0816562
43,15000,0.18497
43,17000,0.30277
44,7000,8.96622e-07
44,9000,0.000870772
44,11000,0.0171943
44,13000,0.0770347
44,15000,0.17785
44,17000,0.29447
45,7000,6.53385e-07
45,9000,0.00074192
45,11000,0.0156776
45,13000,0.0726748
45,15000,0.171
45,17000,0.2864
46,7000,4.76133e-07
46,9000,0.000632134
46,11000,0.0142947
46,13000,0.0685616
46,15000,0.16442
46,17000,0.27856
47,7000,3.46967e-07
47,9000,0.000538594
47,11000,0.0130338
47,13000,0.0646813
47,15000,0.15809
47,17000,0.27092
48,7000,2.52841e-07
48,9000,0.000458896
48,11000,0.0118841
48,13000,0.0610205
48,15000,0.15201
48,17000,0.2635
49,7000,1.84249e-07
49,9000,0.000390991
49,11000,0.0108358
49,13000,0.057567
49,15000,0.14616
49,17000,0.25628
50,7000,1.34266e-07
50,9000,0.000333134
50,11000,0.00987998
50,13000,0.0543089
50,15000,0.14053
50,17000,0.24925
51,7000,9.78418e-08
51,9000,0.000283838
51,11000,0.00900847
51,13000,0.0512352
51,15000,0.13513
51,17000,0.24242
52,7000,7.12991e-08
52,9000,0.000241837
52,11000,0.00821384
52,13000,0.0483354
52,15000,0.12993
52,17000,0.23578
53,7000,5.19569e-08
53,9000,0.000206052
53,11000,0.0074893
53,13000,0.0455998
53,15000,0.12493
53,17000,0.22932
54,7000,3.78619e-08
54,9000,0.000175561
54,11000,0.00682867
54,13000,0.043019
54,15000,0.12012
54,17000,0.22304
55,7000,2.75907e-08
55,9000,0.000149582
55,11000,0.00622632
55,13000,0.0405843
55,15000,0.11549
55,17000,0.21692
56,7000,2.01058e-08
56,9000,0.000127448
56,11000,0.00567711
56,13000,0.0382873
56,15000,0.11105
56,17000,0.21098
57,7000,1.46514e-08
57,9000,0.000108589
57,11000,0.00517633
57,13000,0.0361204
57,15000,0.10678
57,17000,0.2052
58,7000,1.06768e-08
58,9000,9.25204e-05
58,11000,0.00471973
58,13000,0.0340761
58,15000,0.10267
58,17000,0.19957
59,7000,7.78034e-09
59,9000,7.88297e-05
59,11000,0.00430341
59,13000,0.0321475
59,15000,0.0987152
59,17000,0.19411
60,7000,5.66967e-09
60,9000,6.71649e-05
60,11000,0.0039238
60,13000,0.0303281
60,15000,0.094916
60,17000,0.18879
61,7000,4.13159e-09
61,9000,5.72262e-05
61,11000,0.00357769
61,13000,0.0286116
61,15000,0.0912631
61,17000,0.18361
62,7000,3.01077e-09
62,9000,4.87581e-05
62,11000,0.0032621
62,13000,0.0269923
62,15000,0.0877508
62,17000,0.17858
63,7000,2.194e-09
63,9000,4.15432e-05
63,11000,0.00297435
63,13000,0.0254646
63,15000,0.0843736
63,17000,0.17369
64,7000,1.59881e-09
64,9000,3.53958e-05
64,11000,0.00271199
64,13000,0.0240234
64,15000,0.0811264
64,17000,0.16893
65,7000,1.16508e-09
65,9000,3.01581e-05
65,11000,0.00247277
65,13000,0.0226638
65,15000,0.0780042
65,17000,0.1643
66,7000,8.49014e-10
66,9000,2.56955e-05
66,11000,0.00225464
66,13000,0.0213811
66,15000,0.0750021
66,17000,0.1598
67,7000,6.18691e-10
67,9000,2.18932e-05
67,11000,0.00205576
67,13000,0.020171
67,15000,0.0721156
67,17000,0.15542
68,7000,4.50851e-10
68,9000,1.86536e-05
68,11000,0.00187443
68,13000,0.0190294
68,15000,0.0693401
68,17000,0.15116
69,7000,3.28543e-10
69,9000,1.58933e-05
69,11000,0.00170908
69,13000,0.0179524
69,15000,0.0666715
69,17000,0.14702
70,7000,2.39415e-10
70,9000,1.35415e-05
70,11000,0.00155833
70,13000,0.0169363
70,15000,0.0641056
70,17000,0.14299
71,7000,1.74466e-10
71,9000,1.15377e-05
71,11000,0.00142087
71,13000,0.0159778
71,15000,0.0616385
71,17000,0.13907
72,7000,1.27136e-10
72,9000,9.83039e-06
72,11000,0.00129553
72,13000,0.0150735
72,15000,0.0592662
72,17000,0.13526
73,7000,9.26467e-11
73,9000,8.37574e-06
73,11000,0.00118126
73,13000,0.0142204
73,15000,0.0569853
73,17000,0.13155
74,7000,6.75132e-11
74,9000,7.13634e-06
74,11000,0.00107706
74,13000,0.0134156
74,15000,0.0547922
74,17000,0.12795
75,7000,4.91981e-11
75,9000,6.08034e-06
75,11000,0.000982051
75,13000,0.0126563
75,15000,0.0526835
75,17000,0.12444
76,7000,3.58515e-11
76,9000,5.18061e-06
76,11000,0.000895425
76,13000,0.01194
76,15000,0.0506559
76,17000,0.12103
77,7000,2.61256e-11
77,9000,4.41401e-06
77,11000,0.00081644
77,13000,0.0112642
77,15000,0.0487064
77,17000,0.11771
78,7000,1.90382e-11
78,9000,3.76084e-06
78,11000,0.000744422
78,13000,0.0106267
78,15000,0.0468318
78,17000,0.11449
79,7000,1.38735e-11
79,9000,3.20433e-06
79,11000,0.000678757
79,13000,0.0100253
79,15000,0.0450295
79,17000,0.11135
80,7000,1.01098e-11
80,9000,2.73017e-06
80,11000,0.000618885
80,13000,0.00945787
80,15000,0.0432965
80,17000,0.1083
81,7000,7.36723e-12
81,9000,2.32617e-06
81,11000,0.000564293
81,13000,0.00892258
81,15000,0.0416302
81,17000,0.10533
82,7000,5.36863e-12
82,9000,1.98196e-06
82,11000,0.000514518
82,13000,0.0084176
82,15000,0.040028
82,17000,0.10245
83,7000,3.91221e-12
83,9000,1.68868e-06
83,11000,0.000469132
83,13000,0.00794119
83,15000,0.0384875
83,17000,0.0996385
84,7000,2.8509e-12
84,9000,1.4388e-06
84,11000,0.00042775
84,13000,0.00749175
84,15000,0.0370063
84,17000,0.0969081
85,7000,2.0775e-12
85,9000,1.22589e-06
85,11000,0.000390019
85,13000,0.00706774
85,15000,0.0355821
85,17000,0.0942525
86,7000,1.51391e-12
86,9000,1.04449e-06
86,11000,0.000355615
86,13000,0.00666773
86,15000,0.0342126
86,17000,0.0916697
87,7000,1.10321e-12
87,9000,8.89932e-07
87,11000,0.000324247
87,13000,0.00629036
87,15000,0.0328959
87,17000,0.0891577
88,7000,8.03932e-13
88,9000,7.58244e-07
88,11000,0.000295645
88,13000,0.00593434
88,15000,0.0316299
88,17000,0.0867145
89,7000,5.85839e-13
89,9000,6.46043e-07
89,11000,0.000269566
89,13000,0.00559848
89,15000,0.0304126
89,17000,0.0843382
90,7000,4.26912e-13
90,9000,5.50445e-07
90,11000,0.000245788
90,13000,0.00528162
90,15000,0.0292422
90,17000,0.0820271
91,7000,3.11098e-13
91,9000,4.68992e-07
91,11000,0.000224107
91,13000,0.0049827
91,15000,0.0281167
91,17000,0.0797793
92,7000,2.26703e-13
92,9000,3.99593e-07
92,11000,0.000204339
92,13000,0.0047007
92,15000,0.0270346
92,17000,0.0775931
93,7000,1.65202e-13
93,9000,3.40464e-07
93,11000,0.000186314
93,13000,0.00443465
93,15000,0.0259942
93,17000,0.0754668
94,7000,1.20386e-13
94,9000,2.90084e-07
94,11000,0.00016988
94,13000,0.00418367
94,15000,0.0249938
94,17000,0.0733988
95,7000,8.77273e-14
95,9000,2.47159e-07
95,11000,0.000154895
95,13000,0.00394689
95,15000,0.0240319
95,17000,0.0713874
96,7000,6.39284e-14
96,9000,2.10585e-07
96,11000,0.000141231
96,13000,0.00372351
96,15000,0.023107
96,17000,0.0694312
97,7000,4.65857e-14
97,9000,1.79424e-07
97,11000,0.000128774
97,13000,0.00351277
97,15000,0.0222177
97,17000,0.0675286
98,7000,3.39478e-14
98,9000,1.52874e-07
98,11000,0.000117415
98,13000,0.00331396
98,15000,0.0213626
98,17000,0.0656781
99,7000,2.47384e-14
99,9000,1.30252e-07
99,11000,0.000107058
99,13000,0.0031264
99,15000,0.0205405
99,17000,0.0638783
100,7000,1.80273e-14
100,9000,1.10978e-07
100,11000,9.7614e-05
100,13000,0.00294945
100,15000,0.0197499
100,17000,0.0621278
101,7000,1.31368e-14
101,9000,9.45561e-08
101,11000,8.90036e-05
101,13000,0.00278252
101,15000,0.0189898
101,17000,0.0604253
102,7000,9.57302e-15
102,9000,8.05642e-08
102,11000,8.11525e-05
102,13000,0.00262504
102,15000,0.018259
102,17000,0.0587695
103,7000,6.97604e-15
103,9000,6.86427e-08
103,11000,7.39942e-05
103,13000,0.00247648
103,15000,0.0175563
103,17000,0.057159
104,7000,5.08356e-15
104,9000,5.84854e-08
104,11000,6.74672e-05
104,13000,0.00233632
104,15000,0.0168806
104,17000,0.0555927
105,7000,3.70448e-15
105,9000,4.9831e-08
105,11000,6.1516e-05
105,13000,0.00220409
105,15000,0.016231
105,17000,0.0540692
106,7000,2.69952e-15
106,9000,4.24573e-08
106,11000,5.60897e-05
106,13000,0.00207934
106,15000,0.0156063
106,17000,0.0525876
107,7000,1.96719e-15
107,9000,3.61747e-08
107,11000,5.11421e-05
107,13000,0.00196166
107,15000,0.0150057
107,17000,0.0511465
108,7000,1.43353e-15
108,9000,3.08217e-08
108,11000,4.66308e-05
108,13000,0.00185064
108,15000,0.0144282
108,17000,0.0497449
109,7000,1.04463e-15
109,9000,2.62608e-08
109,11000,4.25175e-05
109,13000,0.0017459
109,15000,0.0138729
109,17000,0.0483818
110,7000,7.61245e-16
110,9000,2.23749e-08
110,11000,3.87671e-05
110,13000,0.00164708
110,15000,0.013339
110,17000,0.047056
111,7000,5.54733e-16
111,9000,1.9064e-08
111,11000,3.53475e-05
111,13000,0.00155386
111,15000,0.0128256
111,17000,0.0457665
112,7000,4.04243e-16
112,9000,1.6243e-08
112,11000,3.22295e-05
112,13000,0.00146592
112,15000,0.012332
112,17000,0.0445123
113,7000,2.9458e-16
113,9000,1.38394e-08
113,11000,2.93866e-05
113,13000,0.00138295
113,15000,0.0118574
113,17000,0.0432925
114,7000,2.14665e-16
114,9000,1.17915e-08
114,11000,2.67944e-05
114,13000,0.00130468
114,15000,0.0114011
114,17000,0.0421062
115,7000,1.5643e-16
115,9000,1.00467e-08
115,11000,2.44309e-05
115,13000,0.00123084
115,15000,0.0109623
115,17000,0.0409524
116,7000,1.13994e-16
116,9000,8.56003e-09
116,11000,2.22758e-05
116,13000,0.00116118
116,15000,0.0105404
116,17000,0.0398301
117,7000,8.30691e-17
117,9000,7.29336e-09
117,11000,2.03109e-05
117,13000,0.00109546
117,15000,0.0101347
117,17000,0.0387387
118,7000,6.05338e-17
118,9000,6.21413e-09
118,11000,1.85193e-05
118,13000,0.00103346
118,15000,0.00974468
118,17000,0.0376771
119,7000,4.41121e-17
119,9000,5.29459e-09
119,11000,1.68857e-05
119,13000,0.000974973
119,15000,0.00936965
119,17000,0.0366446
120,7000,3.21452e-17
120,9000,4.51112e-09
120,11000,1.53962e-05
120,13000,0.000919793
120,15000,0.00900905
120,17000,0.0356404
121,7000,2.34248e-17
121,9000,3.84359e-09
121,11000,1.40381e-05
121,13000,0.000867736
121,15000,0.00866233
121,17000,0.0346638
122,7000,1.707e-17
122,9000,3.27483e-09
122,11000,1.27999e-05
122,13000,0.000818625
122,15000,0.00832895
122,17000,0.0337139
123,7000,1.24393e-17
123,9000,2.79024e-09
123,11000,1.16708e-05
123,13000,0.000772294
123,15000,0.0080084
123,17000,0.03279
124,7000,9.06472e-18
124,9000,2.37736e-09
124,11000,1.06413e-05
124,13000,0.000728584
124,15000,0.0077002
124,17000,0.0318915
125,7000,6.60561e-18
125,9000,2.02557e-09
125,11000,9.70265e-06
125,13000,0.000687349
125,15000,0.00740385
125,17000,0.0310176
126,7000,4.81363e-18
126,9000,1.72583e-09
126,11000,8.84678e-06
126,13000,0.000648447
126,15000,0.0071189
126,17000,0.0301676
127,7000,3.5077800000000005e-18
127,9000,1.47045e-09
127,11000,8.06641e-06
127,13000,0.000611747
127,15000,0.00684493
127,17000,0.0293409
128,7000,2.55618e-18
128,9000,1.25286e-09
128,11000,7.35488e-06
128,13000,0.000577124
128,15000,0.00658149
128,17000,0.0285369
129,7000,1.8627400000000002e-18
129,9000,1.06747e-09
129,11000,6.70611e-06
129,13000,0.000544461
129,15000,0.00632819
129,17000,0.0277549
130,7000,1.3574100000000001e-18
130,9000,9.09513e-10
130,11000,6.11457e-06
130,13000,0.000513646
130,15000,0.00608465
130,17000,0.0269943
131,7000,9.89167e-19
131,9000,7.74927e-10
131,11000,5.57521e-06
131,13000,0.000484575
131,15000,0.00585047
131,17000,0.0262546
132,7000,7.20824e-19
132,9000,6.60257e-10
132,11000,5.08342e-06
132,13000,0.00045715
132,15000,0.00562531
132,17000,0.0255351
133,7000,5.25276e-19
133,9000,5.62556e-10
133,11000,4.63502e-06
133,13000,0.000431277
133,15000,0.00540882
133,17000,0.0248354
134,7000,3.82779e-19
134,9000,4.79312e-10
134,11000,4.22616e-06
134,13000,0.000406868
134,15000,0.00520066
134,17000,0.0241548
135,7000,2.78938e-19
135,9000,4.08386e-10
135,11000,3.85338e-06
135,13000,0.000383841
135,15000,0.00500051
135,17000,0.0234929
136,7000,2.0326700000000001e-19
136,9000,3.47955e-10
136,11000,3.51347e-06
136,13000,0.000362117
136,15000,0.00480806
136,17000,0.0228491
137,7000,1.4812400000000001e-19
137,9000,2.96466e-10
137,11000,3.20355e-06
137,13000,0.000341622
137,15000,0.00462301
137,17000,0.022223
138,7000,1.07941e-19
138,9000,2.52596e-10
138,11000,2.92097e-06
138,13000,0.000322288
138,15000,0.00444509
138,17000,0.021614
139,7000,7.8658e-20
139,9000,2.15219e-10
139,11000,2.66331e-06
139,13000,0.000304047
139,15000,0.00427402
139,17000,0.0210217
140,7000,5.73196e-20
140,9000,1.83372e-10
140,11000,2.42838e-06
140,13000,0.000286839
140,15000,0.00410953
140,17000,0.0204456
141,7000,4.1769699999999994e-20
141,9000,1.56237e-10
141,11000,2.21418e-06
141,13000,0.000270605
141,15000,0.00395137
141,17000,0.0198854
142,7000,3.0438399999999995e-20
142,9000,1.33118e-10
142,11000,2.01886e-06
142,13000,0.00025529
142,15000,0.0037993
142,17000,0.0193404
143,7000,2.2181e-20
143,9000,1.1342e-10
143,11000,1.84078e-06
143,13000,0.000240841
143,15000,0.00365308
143,17000,0.0188104
144,7000,1.61637e-20
144,9000,9.66365e-11
144,11000,1.67841e-06
144,13000,0.00022721
144,15000,0.00351249
144,17000,0.018295
145,7000,1.1778799999999999e-20
145,9000,8.23368e-11
145,11000,1.53036e-06
145,13000,0.000214351
145,15000,0.00337731
145,17000,0.0177936
146,7000,8.5834e-21
146,9000,7.0153e-11
146,11000,1.39537e-06
146,13000,0.000202219
146,15000,0.00324733
146,17000,0.017306
147,7000,6.25486e-21
147,9000,5.97721e-11
147,11000,1.27228e-06
147,13000,0.000190774
147,15000,0.00312235
147,17000,0.0168318
148,7000,4.55804e-21
148,9000,5.09274e-11
148,11000,1.16005e-06
148,13000,0.000179977
148,15000,0.00300218
148,17000,0.0163705
149,7000,3.3215199999999998e-21
149,9000,4.33914e-11
149,11000,1.05773e-06
149,13000,0.000169791
149,15000,0.00288664
149,17000,0.0159219
150,7000,2.42045e-21
150,9000,3.69706e-11
150,11000,9.64425e-07
150,13000,0.000160182
150,15000,0.00277555
150,17000,0.0154856
151,7000,1.76383e-21
151,9000,3.14999e-11
151,11000,8.79353e-07
151,13000,0.000151116
151,15000,0.00266873
151,17000,0.0150613
152,7000,1.2853299999999999e-21
152,9000,2.68387e-11
152,11000,8.01786e-07
152,13000,0.000142563
152,15000,0.00256602
152,17000,0.0146486
153,7000,9.36644e-22
153,9000,2.28672e-11
153,11000,7.31062e-07
153,13000,0.000134495
153,15000,0.00246726
153,17000,0.0142471
154,7000,6.82548e-22
154,9000,1.94835e-11
154,11000,6.66574e-07
154,13000,0.000126883
154,15000,0.00237231
154,17000,0.0138567
155,7000,4.97385e-22
155,9000,1.66004e-11
155,11000,6.07776e-07
155,13000,0.000119702
155,15000,0.00228101
155,17000,0.013477
156,7000,3.62454e-22
156,9000,1.41439e-11
156,11000,5.54164e-07
156,13000,0.000112927
156,15000,0.00219322
156,17000,0.0131077
157,7000,2.64126e-22
157,9000,1.2051e-11
157,11000,5.05283e-07
157,13000,0.000106536
157,15000,0.00210881
157,17000,0.0127485
158,7000,1.92474e-22
158,9000,1.02677e-11
158,11000,4.60712e-07
158,13000,0.000100506
158,15000,0.00202766
158,17000,0.0123992
159,7000,1.40259e-22
159,9000,8.74838e-12
159,11000,4.20073e-07
159,13000,9.48177e-05
159,15000,0.00194962
159,17000,0.0120594
160,7000,1.02209e-22
160,9000,7.45383e-12
160,11000,3.83018e-07
160,13000,8.94513e-05
160,15000,0.00187459
160,17000,0.0117289
161,7000,7.44814e-23
161,9000,6.35085e-12
161,11000,3.49232e-07
161,13000,8.43886e-05
161,15000,0.00180244
161,17000,0.0114075
162,7000,5.4276e-23
162,9000,5.41108e-12
162,11000,3.18427e-07
162,13000,7.96125e-05
162,15000,0.00173307
162,17000,0.0110949
163,7000,3.95518e-23
163,9000,4.61038e-12
163,11000,2.90338e-07
163,13000,7.51067e-05
163,15000,0.00166637
163,17000,0.0107909
164,7000,2.88222e-23
164,9000,3.92816e-12
164,11000,2.64728e-07
164,13000,7.0856e-05
164,15000,0.00160224
164,17000,0.0104952
165,7000,2.10032e-23
165,9000,3.34689e-12
165,11000,2.41377e-07
165,13000,6.68457e-05
165,15000,0.00154058
165,17000,0.0102076
166,7000,1.53054e-23
166,9000,2.85164e-12
166,11000,2.20085e-07
166,13000,6.30625e-05
166,15000,0.00148129
166,17000,0.00992784
167,7000,1.11533e-23
167,9000,2.42966e-12
167,11000,2.00671e-07
167,13000,5.94934e-05
167,15000,0.00142428
167,17000,0.00965579
168,7000,8.127610000000001e-24
168,9000,2.07014e-12
168,11000,1.8297e-07
168,13000,5.61263e-05
168,15000,0.00136946
168,17000,0.00939119
169,7000,5.922750000000001e-24
169,9000,1.76381e-12
169,11000,1.66831e-07
169,13000,5.29497e-05
169,15000,0.00131676
169,17000,0.00913384
170,7000,4.3160200000000005e-24
170,9000,1.50281e-12
170,11000,1.52115e-07
170,13000,4.99529e-05
170,15000,0.00126608
170,17000,0.00888354
171,7000,3.1451500000000004e-24
171,9000,1.28043e-12
171,11000,1.38697e-07
171,13000,4.71257e-05
171,15000,0.00121736
171,17000,0.00864011
172,7000,2.29193e-24
172,9000,1.09096e-12
172,11000,1.26462e-07
172,13000,4.44586e-05
172,15000,0.00117051
172,17000,0.00840334
173,7000,1.6701700000000002e-24
173,9000,9.29526e-13
173,11000,1.15307e-07
173,13000,4.19424e-05
173,15000,0.00112546
173,17000,0.00817306
174,7000,1.21708e-24
174,9000,7.91978e-13
174,11000,1.05136e-07
174,13000,3.95686e-05
174,15000,0.00108214
174,17000,0.00794909
175,7000,8.86911e-25
175,9000,6.74784e-13
175,11000,9.5862e-08
175,13000,3.73291e-05
175,15000,0.0010405
175,17000,0.00773127
176,7000,6.46306e-25
176,9000,5.74934e-13
176,11000,8.74061e-08
176,13000,3.52164e-05
176,15000,0.00100045
176,17000,0.0075194
177,7000,4.70975e-25
177,9000,4.89858e-13
177,11000,7.9696e-08
177,13000,3.32233e-05
177,15000,0.000961948
177,17000,0.00731335
178,7000,3.43207e-25
178,9000,4.17372e-13
178,11000,7.26661e-08
178,13000,3.1343e-05
178,15000,0.000924926
178,17000,0.00711294
179,7000,2.50102e-25
179,9000,3.55611e-13
179,11000,6.62563e-08
179,13000,2.95691e-05
179,15000,0.000889329
179,17000,0.00691802
180,7000,1.82254e-25
180,9000,3.0299e-13
180,11000,6.04118e-08
180,13000,2.78956e-05
180,15000,0.000855103
180,17000,0.00672845
181,7000,1.32811e-25
181,9000,2.58155e-13
181,11000,5.50829e-08
181,13000,2.63168e-05
181,15000,0.000822194
181,17000,0.00654407
182,7000,9.678210000000001e-26
182,9000,2.19954e-13
182,11000,5.0224e-08
182,13000,2.48273e-05
182,15000,0.000790551
182,17000,0.00636474
183,7000,7.05269e-26
183,9000,1.87407e-13
183,11000,4.57939e-08
183,13000,2.34222e-05
183,15000,0.000760126
183,17000,0.00619032
184,7000,5.13941e-26
184,9000,1.59675e-13
184,11000,4.17544e-08
184,13000,2.20966e-05
184,15000,0.000730872
184,17000,0.00602069
185,7000,3.74518e-26
185,9000,1.36047e-13
185,11000,3.80713e-08
185,13000,2.0846e-05
185,15000,0.000702744
185,17000,0.00585571
186,7000,2.72918e-26
186,9000,1.15915e-13
186,11000,3.4713e-08
186,13000,1.96661e-05
186,15000,0.000675698
186,17000,0.00569524
187,7000,1.9888e-26
187,9000,9.87627e-14
187,11000,3.1651e-08
187,13000,1.85531e-05
187,15000,0.000649693
187,17000,0.00553917
188,7000,1.44928e-26
188,9000,8.41485e-14
188,11000,2.88591e-08
188,13000,1.75031e-05
188,15000,0.000624689
188,17000,0.00538738
189,7000,1.05611e-26
189,9000,7.16965e-14
189,11000,2.63134e-08
189,13000,1.65125e-05
189,15000,0.000600647
189,17000,0.00523975
190,7000,7.696089999999999e-27
190,9000,6.10873e-14
190,11000,2.39924e-08
190,13000,1.55779e-05
190,15000,0.000577531
190,17000,0.00509617
191,7000,5.6082799999999995e-27
191,9000,5.2048e-14
191,11000,2.1876e-08
191,13000,1.46963e-05
191,15000,0.000555304
191,17000,0.00495651
192,7000,4.08685e-27
192,9000,4.43462e-14
192,11000,1.99463e-08
192,13000,1.38645e-05
192,15000,0.000533933
192,17000,0.00482069
193,7000,2.9781399999999997e-27
193,9000,3.77841e-14
193,11000,1.81869e-08
193,13000,1.30798e-05
193,15000,0.000513384
193,17000,0.00468859
194,7000,2.17023e-27
194,9000,3.21929e-14
194,11000,1.65826e-08
194,13000,1.23395e-05
194,15000,0.000493626
194,17000,0.00456011
195,7000,1.58148e-27
195,9000,2.74292e-14
195,11000,1.51199e-08
195,13000,1.16412e-05
195,15000,0.000474628
195,17000,0.00443514
196,7000,1.15245e-27
196,9000,2.33704e-14
196,11000,1.37862e-08
196,13000,1.09823e-05
196,15000,0.000456361
196,17000,0.00431361
197,7000,8.39814e-28
197,9000,1.99122e-14
197,11000,1.25701e-08
197,13000,1.03607e-05
197,15000,0.000438798
197,17000,0.0041954
198,7000,6.11986e-28
198,9000,1.69656e-14
198,11000,1.14613e-08
198,13000,9.77436e-06
198,15000,0.000421911
198,17000,0.00408043
199,7000,4.45966e-28
199,9000,1.44551e-14
199,11000,1.04503e-08
199,13000,9.22116e-06
199,15000,0.000405673
199,17000,0.00396862
200,7000,3.24983e-28
200,9000,1.23161e-14
200,11000,9.5285e-09
200,13000,8.69928e-06
200,15000,0.00039006
200,17000,0.00385986
201,7000,2.36821e-28
201,9000,1.04937e-14
201,11000,8.68798e-09
201,13000,8.20693e-06
201,15000,0.000375048
201,17000,0.00375409
202,7000,1.72576e-28
202,9000,8.94086e-15
202,11000,7.92164e-09
202,13000,7.74244e-06
202,15000,0.000360614
202,17000,0.00365122
203,7000,1.2575900000000002e-28
203,9000,7.61785e-15
203,11000,7.22287e-09
203,13000,7.30425e-06
203,15000,0.000346736
203,17000,0.00355116
204,7000,9.16428e-29
204,9000,6.49059e-15
204,11000,6.58574e-09
204,13000,6.89086e-06
204,15000,0.000333391
204,17000,0.00345385
205,7000,6.678180000000001e-29
205,9000,5.53016e-15
205,11000,6.00482e-09
205,13000,6.50086e-06
205,15000,0.00032056
205,17000,0.0033592
206,7000,4.86652e-29
206,9000,4.71183e-15
206,11000,5.47514e-09
206,13000,6.13293e-06
206,15000,0.000308224
206,17000,0.00326715
207,7000,3.5463e-29
207,9000,4.0146e-15
207,11000,4.99218e-09
207,13000,5.78583e-06
207,15000,0.000296361
207,17000,0.00317762
208,7000,2.58425e-29
208,9000,3.42054e-15
208,11000,4.55182e-09
208,13000,5.45837e-06
208,15000,0.000284956
208,17000,0.00309054
209,7000,1.8831900000000001e-29
209,9000,2.91439e-15
209,11000,4.15031e-09
209,13000,5.14944e-06
209,15000,0.000273989
209,17000,0.00300585
210,7000,1.37232e-29
210,9000,2.48313e-15
210,11000,3.78421e-09
210,13000,4.858e-06
210,15000,0.000263444
210,17000,0.00292348
211,7000,1.0000300000000001e-29
211,9000,2.11568e-15
211,11000,3.45041e-09
211,13000,4.58305e-06
211,15000,0.000253305
211,17000,0.00284337
212,7000,7.287390000000001e-30
212,9000,1.80262e-15
212,11000,3.14605e-09
212,13000,4.32367e-06
212,15000,0.000243556
212,17000,0.00276545
213,7000,5.31046e-30
213,9000,1.53587e-15
213,11000,2.86854e-09
213,13000,4.07896e-06
213,15000,0.000234183
213,17000,0.00268967
214,7000,3.86983e-30
214,9000,1.30861e-15
214,11000,2.61551e-09
214,13000,3.8481e-06
214,15000,0.00022517
214,17000,0.00261597
215,7000,2.82002e-30
215,9000,1.11496e-15
215,11000,2.3848e-09
215,13000,3.63032e-06
215,15000,0.000216504
215,17000,0.00254428
216,7000,2.055e-30
216,9000,9.49976e-16
216,11000,2.17443e-09
216,13000,3.42485e-06
216,15000,0.000208172
216,17000,0.00247456
217,7000,1.49751e-30
217,9000,8.09405e-16
217,11000,1.98263e-09
217,13000,3.23102e-06
217,15000,0.00020016
217,17000,0.00240675
218,7000,1.09126e-30
218,9000,6.89632e-16
218,11000,1.80774e-09
218,13000,3.04815e-06
218,15000,0.000192457
218,17000,0.0023408
219,7000,7.95222e-31
219,9000,5.87585e-16
219,11000,1.64828e-09
219,13000,2.87564e-06
219,15000,0.00018505
219,17000,0.00227665
220,7000,5.79493e-31
220,9000,5.00636e-16
220,11000,1.50289e-09
220,13000,2.71289e-06
220,15000,0.000177928
220,17000,0.00221426
221,7000,4.22288e-31
221,9000,4.26556e-16
221,11000,1.37032e-09
221,13000,2.55935e-06
221,15000,0.000171081
221,17000,0.00215359
222,7000,3.07729e-31
222,9000,3.63435e-16
222,11000,1.24944e-09
222,13000,2.4145e-06
222,15000,0.000164496
222,17000,0.00209457
223,7000,2.24246e-31
223,9000,3.09656e-16
223,11000,1.13923e-09
223,13000,2.27784e-06
223,15000,0.000158166
223,17000,0.00203717
224,7000,1.63412e-31
224,9000,2.63835e-16
224,11000,1.03874e-09
224,13000,2.14892e-06
224,15000,0.000152078
224,17000,0.00198135
225,7000,1.1908199999999999e-31
225,9000,2.24794e-16
225,11000,9.47114e-10
225,13000,2.0273e-06
225,15000,0.000146226
225,17000,0.00192705
226,7000,8.677710000000001e-32
226,9000,1.9153e-16
226,11000,8.63571e-10
226,13000,1.91256e-06
226,15000,0.000140598
226,17000,0.00187424
227,7000,6.323610000000001e-32
227,9000,1.63188e-16
227,11000,7.87394e-10
227,13000,1.80432e-06
227,15000,0.000135187
227,17000,0.00182288
228,7000,4.6081e-32
228,9000,1.3904e-16
228,11000,7.17939e-10
228,13000,1.7022e-06
228,15000,0.000129984
228,17000,0.00177293
229,7000,3.35801e-32
229,9000,1.18466e-16
229,11000,6.54611e-10
229,13000,1.60586e-06
229,15000,0.000124982
229,17000,0.00172435
230,7000,2.44704e-32
230,9000,1.00936e-16
230,11000,5.96867e-10
230,13000,1.51498e-06
230,15000,0.000120171
230,17000,0.0016771
231,7000,1.7832100000000001e-32
231,9000,8.60001e-17
231,11000,5.44218e-10
231,13000,1.42924e-06
231,15000,0.000115547
231,17000,0.00163114
232,7000,1.29946e-32
232,9000,7.32741e-17
232,11000,4.96213e-10
232,13000,1.34834e-06
232,15000,0.0001111
232,17000,0.00158644
233,7000,9.46932e-33
233,9000,6.24313e-17
233,11000,4.52442e-10
233,13000,1.27203e-06
233,15000,0.000106824
233,17000,0.00154297
234,7000,6.90047e-33
234,9000,5.31931e-17
234,11000,4.12533e-10
234,13000,1.20004e-06
234,15000,0.000102713
234,17000,0.00150068
235,7000,5.02846e-33
235,9000,4.53218e-17
235,11000,3.76143e-10
235,13000,1.13212e-06
235,15000,9.87597e-05
235,17000,0.00145956
236,7000,3.66434e-33
236,9000,3.86154e-17
236,11000,3.42965e-10
236,13000,1.06805e-06
236,15000,9.49589e-05
236,17000,0.00141956
237,7000,2.67027e-33
237,9000,3.29012e-17
237,11000,3.12711e-10
237,13000,1.0076e-06
237,15000,9.13042e-05
237,17000,0.00138066
238,7000,1.94588e-33
238,9000,2.80327e-17
238,11000,2.85128e-10
238,13000,9.50572e-07
238,15000,8.77903e-05
238,17000,0.00134283
239,7000,1.41799e-33
239,9000,2.38845e-17
239,11000,2.59976e-10
239,13000,8.96774e-07
239,15000,8.44116e-05
239,17000,0.00130603
240,7000,1.03331e-33
240,9000,2.03502e-17
240,11000,2.37044e-10
240,13000,8.46019e-07
240,15000,8.1163e-05
240,17000,0.00127024
241,7000,7.52995e-34
241,9000,1.73389e-17
241,11000,2.16135e-10
241,13000,7.98137e-07
241,15000,7.80393e-05
241,17000,0.00123543
242,7000,5.48722e-34
242,9000,1.47732e-17
242,11000,1.97069e-10
242,13000,7.52965e-07
242,15000,7.50359e-05
242,17000,0.00120158
243,7000,3.998640000000001e-34
243,9000,1.25871e-17
243,11000,1.79686e-10
243,13000,7.10349e-07
243,15000,7.21481e-05
243,17000,0.00116865
244,7000,2.91386e-34
244,9000,1.07245e-17
244,11000,1.63836e-10
244,13000,6.70146e-07
244,15000,6.93714e-05
244,17000,0.00113663
245,7000,2.12339e-34
245,9000,9.13759e-18
245,11000,1.49384e-10
245,13000,6.32219e-07
245,15000,6.67016e-05
245,17000,0.00110548
246,7000,1.5473500000000001e-34
246,9000,7.78545e-18
246,11000,1.36207e-10
246,13000,5.96437e-07
246,15000,6.41345e-05
246,17000,0.00107519
247,7000,1.1275800000000001e-34
247,9000,6.63341e-18
247,11000,1.24192e-10
247,13000,5.6268e-07
247,15000,6.16662e-05
247,17000,0.00104572
248,7000,8.21692e-35
248,9000,5.6518200000000005e-18
248,11000,1.13238e-10
248,13000,5.30835e-07
248,15000,5.9293e-05
248,17000,0.00101707
249,7000,5.98782e-35
249,9000,4.8155e-18
249,11000,1.03249e-10
249,13000,5.00791e-07
249,15000,5.7011e-05
249,17000,0.000989195
250,7000,4.3634000000000005e-35
250,9000,4.10292e-18
250,11000,9.41414e-11
250,13000,4.72448e-07
250,15000,5.4817e-05
250,17000,0.000962089
251,7000,3.17969e-35
251,9000,3.4958e-18
251,11000,8.58373e-11
251,13000,4.45709e-07
251,15000,5.27072e-05
251,17000,0.000935724
252,7000,2.3171000000000003e-35
252,9000,2.97851e-18
252,11000,7.82655e-11
252,13000,4.20483e-07
252,15000,5.06788e-05
252,17000,0.000910082
253,7000,1.68852e-35
253,9000,2.53777e-18
253,11000,7.13618e-11
253,13000,3.96686e-07
253,15000,4.87283e-05
253,17000,0.000885143
254,7000,1.23045e-35
254,9000,2.16224e-18
254,11000,6.50669e-11
254,13000,3.74235e-07
254,15000,4.6853e-05
254,17000,0.000860888
255,7000,8.96648e-36
255,9000,1.8422800000000003e-18
255,11000,5.93276e-11
255,13000,3.53054e-07
255,15000,4.50498e-05
255,17000,0.000837297
256,7000,6.53405e-36
256,9000,1.5696700000000002e-18
256,11000,5.40943e-11
256,13000,3.33073e-07
256,15000,4.3316e-05
256,17000,0.000814352
257,7000,4.76148e-36
257,9000,1.3374e-18
257,11000,4.93226e-11
257,13000,3.14222e-07
257,15000,4.1649e-05
257,17000,0.000792036
258,7000,3.46978e-36
258,9000,1.1395e-18
258,11000,4.4972e-11
258,13000,2.96438e-07
258,15000,4.0046e-05
258,17000,0.000770332
259,7000,2.5285e-36
259,9000,9.70878e-19
259,11000,4.1005e-11
259,13000,2.7966e-07
259,15000,3.85049e-05
259,17000,0.000749222
260,7000,1.84255e-36
260,9000,8.27215e-19
260,11000,3.7388e-11
260,13000,2.63833e-07
260,15000,3.70229e-05
260,17000,0.000728692
261,7000,1.3427e-36
261,9000,7.048060000000001e-19
261,11000,3.409e-11
261,13000,2.48901e-07
261,15000,3.55981e-05
261,17000,0.000708723
262,7000,9.78451e-37
262,9000,6.00512e-19
262,11000,3.10829e-11
262,13000,2.34813e-07
262,15000,3.42281e-05
262,17000,0.000689301
263,7000,7.130149999999999e-37
263,9000,5.11652e-19
263,11000,2.83411e-11
263,13000,2.21524e-07
263,15000,3.29108e-05
263,17000,0.000670413
264,7000,5.19588e-37
264,9000,4.3594e-19
264,11000,2.58411e-11
264,13000,2.08986e-07
264,15000,3.16442e-05
264,17000,0.000652041
265,7000,3.7863e-37
265,9000,3.7143200000000003e-19
265,11000,2.35617e-11
265,13000,1.97159e-07
265,15000,3.04263e-05
265,17000,0.000634173
266,7000,2.75915e-37
266,9000,3.1646900000000003e-19
266,11000,2.14834e-11
266,13000,1.86e-07
266,15000,2.92553e-05
266,17000,0.000616795
267,7000,2.01065e-37
267,9000,2.6964e-19
267,11000,1.95884e-11
267,13000,1.75473e-07
267,15000,2.81294e-05
267,17000,0.000599893
268,7000,1.4652e-37
268,9000,2.2974000000000004e-19
268,11000,1.78605e-11
268,13000,1.65542e-07
268,15000,2.70468e-05
268,17000,0.000583454
269,7000,1.06772e-37
269,9000,1.9574400000000001e-19
269,11000,1.6285e-11
269,13000,1.56173e-07
269,15000,2.60059e-05
269,17000,0.000567465
270,7000,7.78065e-38
270,9000,1.66779e-19
270,11000,1.48485e-11
270,13000,1.47334e-07
270,15000,2.50051e-05
270,17000,0.000551915
271,7000,5.66986e-38
271,9000,1.421e-19
271,11000,1.35387e-11
271,13000,1.38995e-07
271,15000,2.40427e-05
271,17000,0.000536791
272,7000,4.13173e-38
272,9000,1.2107300000000001e-19
272,11000,1.23445e-11
272,13000,1.31129e-07
272,15000,2.31174e-05
272,17000,0.000522081
273,7000,3.01087e-38
273,9000,1.0315700000000001e-19
273,11000,1.12556e-11
273,13000,1.23707e-07
273,15000,2.22277e-05
273,17000,0.000507775
274,7000,2.1940799999999999e-38
274,9000,8.7892e-20
274,11000,1.02627e-11
274,13000,1.16706e-07
274,15000,2.13723e-05
274,17000,0.00049386
275,7000,1.59887e-38
275,9000,7.48864e-20
275,11000,9.35747e-12
275,13000,1.10101e-07
275,15000,2.05497e-05
275,17000,0.000480327
276,7000,1.16512e-38
276,9000,6.3805e-20
276,11000,8.53204e-12
276,13000,1.03869e-07
276,15000,1.97588e-05
276,17000,0.000467164
277,7000,8.490419999999999e-39
277,9000,5.43636e-20
277,11000,7.77946e-12
277,13000,9.79905e-08
277,15000,1.89984e-05
277,17000,0.000454363
278,7000,6.187079999999999e-39
278,9000,4.6319e-20
278,11000,7.09323e-12
278,13000,9.24447e-08
278,15000,1.82672e-05
278,17000,0.000441911
279,7000,4.50864e-39
279,9000,3.94651e-20
279,11000,6.46754e-12
279,13000,8.72126e-08
279,15000,1.75642e-05
279,17000,0.000429801
280,7000,3.2855299999999995e-39
280,9000,3.36252e-20
280,11000,5.89704e-12
280,13000,8.22768e-08
280,15000,1.68882e-05
280,17000,0.000418024
281,7000,2.39423e-39
281,9000,2.86494e-20
281,11000,5.37687e-12
281,13000,7.762e-08
281,15000,1.62383e-05
281,17000,0.000406568
282,7000,1.7447099999999997e-39
282,9000,2.4410099999999998e-20
282,11000,4.90258e-12
282,13000,7.32271e-08
282,15000,1.56133e-05
282,17000,0.000395427
283,7000,1.2714e-39
283,9000,2.0798e-20
283,11000,4.47012e-12
283,13000,6.90826e-08
283,15000,1.50124e-05
283,17000,0.000384591
284,7000,9.264940000000001e-40
284,9000,1.7720399999999998e-20
284,11000,4.07582e-12
284,13000,6.51729e-08
284,15000,1.44347e-05
284,17000,0.000374052
285,7000,6.75154e-40
285,9000,1.50982e-20
285,11000,3.71629e-12
285,13000,6.14841e-08
285,15000,1.38791e-05
285,17000,0.000363802
286,7000,4.91997e-40
286,9000,1.2864e-20
286,11000,3.38848e-12
286,13000,5.80044e-08
286,15000,1.3345e-05
286,17000,0.000353833
287,7000,3.58525e-40
287,9000,1.09605e-20
287,11000,3.08959e-12
287,13000,5.47215e-08
287,15000,1.28314e-05
287,17000,0.000344137
288,7000,2.6126400000000002e-40
288,9000,9.338619999999999e-21
288,11000,2.81705e-12
288,13000,5.16246e-08
288,15000,1.23376e-05
288,17000,0.000334706
289,7000,1.90387e-40
289,9000,7.956749999999999e-21
289,11000,2.56857e-12
289,13000,4.87028e-08
289,15000,1.18627e-05
289,17000,0.000325534
290,7000,1.3874e-40
290,9000,6.77934e-21
290,11000,2.342e-12
290,13000,4.59463e-08
290,15000,1.14062e-05
290,17000,0.000316613
291,7000,1.01102e-40
291,9000,5.77618e-21
291,11000,2.13541e-12
291,13000,4.3346e-08
291,15000,1.09672e-05
291,17000,0.000307937
292,7000,7.36747e-41
292,9000,4.92144e-21
292,11000,1.94704e-12
292,13000,4.08926e-08
292,15000,1.05451e-05
292,17000,0.000299499
293,7000,5.36879e-41
293,9000,4.1932e-21
293,11000,1.77529e-12
293,13000,3.85783e-08
293,15000,1.01393e-05
293,17000,0.000291292
294,7000,3.91229e-41
294,9000,3.57271e-21
294,11000,1.6187e-12
294,13000,3.63949e-08
294,15000,9.74908e-06
294,17000,0.000283309
295,7000,2.85094e-41
295,9000,3.0440399999999998e-21
295,11000,1.47591e-12
295,13000,3.43351e-08
295,15000,9.37387e-06
295,17000,0.000275546
296,7000,2.0775700000000001e-41
296,9000,2.5935999999999998e-21
296,11000,1.34572e-12
296,13000,3.23918e-08
296,15000,9.01311e-06
296,17000,0.000267995
297,7000,1.51396e-41
297,9000,2.20981e-21
297,11000,1.22702e-12
297,13000,3.05585e-08
297,15000,8.66623e-06
297,17000,0.000260651
298,7000,1.10324e-41
298,9000,1.88281e-21
298,11000,1.11878e-12
298,13000,2.8829e-08
298,15000,8.33271e-06
298,17000,0.000253508
299,7000,8.039249999999999e-42
299,9000,1.6042099999999999e-21
299,11000,1.0201e-12
299,13000,2.71974e-08
299,15000,8.01202e-06
299,17000,0.000246561
300,7000,5.85883e-42
300,9000,1.36682e-21
300,11000,9.30115e-13
300,13000,2.56581e-08
300,15000,7.70367e-06
300,17000,0.000239805
301,7000,4.2697599999999997e-42
301,9000,1.16457e-21
301,11000,8.48069e-13
301,13000,2.4206e-08
301,15000,7.40719e-06
301,17000,0.000233233
302,7000,3.11088e-42
302,9000,9.92241e-22
302,11000,7.73262e-13
302,13000,2.2836e-08
302,15000,7.12211e-06
302,17000,0.000226842
303,7000,2.2673e-42
303,9000,8.45413e-22
303,11000,7.05053e-13
303,13000,2.15436e-08
303,15000,6.84801e-06
303,17000,0.000220626
304,7000,1.65213e-42
304,9000,7.20315e-22
304,11000,6.4286e-13
304,13000,2.03243e-08
304,15000,6.58446e-06
304,17000,0.00021458
305,7000,1.20372e-42
305,9000,6.13725e-22
305,11000,5.86154e-13
305,13000,1.9174e-08
305,15000,6.33105e-06
305,17000,0.0002087
306,7000,8.77213e-43
306,9000,5.2291e-22
306,11000,5.34451e-13
306,13000,1.80888e-08
306,15000,6.08739e-06
306,17000,0.000202981
307,7000,6.389919999999999e-43
307,9000,4.45532e-22
307,11000,4.87306e-13
307,13000,1.7065e-08
307,15000,5.85312e-06
307,17000,0.000197419
308,7000,4.65231e-43
308,9000,3.79605e-22
308,11000,4.44321e-13
308,13000,1.60992e-08
308,15000,5.62785e-06
308,17000,0.000192009
309,7000,3.39114e-43
309,9000,3.23433e-22
309,11000,4.05129e-13
309,13000,1.5188e-08
309,15000,5.41126e-06
309,17000,0.000186747
310,7000,2.4802999999999997e-43
310,9000,2.75572e-22
310,11000,3.69392e-13
310,13000,1.43285e-08
310,15000,5.203e-06
310,17000,0.00018163
311,7000,1.80768e-43
311,9000,2.34795e-22
311,11000,3.36809e-13
311,13000,1.35175e-08
311,15000,5.00276e-06
311,17000,0.000176653
312,7000,1.31722e-43
312,9000,2.0005099999999999e-22
312,11000,3.07098e-13
312,13000,1.27525e-08
312,15000,4.81022e-06
312,17000,0.000171812
313,7000,9.52883e-44
313,9000,1.70449e-22
313,11000,2.8001e-13
313,13000,1.20307e-08
313,15000,4.6251e-06
313,17000,0.000167103
314,7000,7.00649e-44
314,9000,1.45226e-22
314,11000,2.55311e-13
314,13000,1.13498e-08
314,15000,4.4471e-06
314,17000,0.000162524
315,7000,5.044670000000001e-44
315,9000,1.23736e-22
315,11000,2.32789e-13
315,13000,1.07075e-08
315,15000,4.27595e-06
315,17000,0.000158071
316,7000,3.64338e-44
316,9000,1.05427e-22
316,11000,2.12255e-13
316,13000,1.01014e-08
316,15000,4.11139e-06
316,17000,0.000153739
317,7000,2.6624700000000003e-44
317,9000,8.9826e-23
317,11000,1.93533e-13
317,13000,9.52975e-09
317,15000,3.95316e-06
317,17000,0.000149526
318,7000,1.96182e-44
318,9000,7.65342e-23
318,11000,1.76461e-13
318,13000,8.99039e-09
318,15000,3.80101e-06
318,17000,0.000145429
319,7000,1.4012999999999998e-44
319,9000,6.52089e-23
319,11000,1.60896e-13
319,13000,8.48156e-09
319,15000,3.65473e-06
319,17000,0.000141443
320,7000,9.80909e-45
320,9000,5.55595e-23
320,11000,1.46703e-13
320,13000,8.00153e-09
320,15000,3.51407e-06
320,17000,0.000137567
321,7000,7.00649e-45
321,9000,4.73382e-23
321,11000,1.33762e-13
321,13000,7.54868e-09
321,15000,3.37883e-06
321,17000,0.000133798
322,7000,5.6051899999999996e-45
322,9000,4.03333e-23
322,11000,1.21963e-13
322,13000,7.12143e-09
322,15000,3.24879e-06
322,17000,0.000130131
323,7000,4.2039000000000005e-45
323,9000,3.4365e-23
323,11000,1.11205e-13
323,13000,6.71839e-09
323,15000,3.12376e-06
323,17000,0.000126565
324,7000,2.8026e-45
324,9000,2.92798e-23
324,11000,1.01396e-13
324,13000,6.33815e-09
324,15000,3.00354e-06
324,17000,0.000123097
325,7000,2.8026e-45
325,9000,2.49472e-23
325,11000,9.24516e-14
325,13000,5.97944e-09
325,15000,2.88795e-06
325,17000,0.000119723
326,7000,1.4013e-45
326,9000,2.12556e-23
326,11000,8.42964e-14
326,13000,5.64102e-09
326,15000,2.7768e-06
326,17000,0.000116443
327,7000,1.4013e-45
327,9000,1.81103e-23
327,11000,7.68607e-14
327,13000,5.32176e-09
327,15000,2.66993e-06
327,17000,0.000113252
328,7000,1.4013e-45
328,9000,1.54304e-23
328,11000,7.00811e-14
328,13000,5.02057e-09
328,15000,2.56718e-06
328,17000,0.000110148
329,7000,0.0
329,9000,1.3147200000000001e-23
329,11000,6.38991e-14
329,13000,4.73642e-09
329,15000,2.46838e-06
329,17000,0.00010713
330,7000,0.0
330,9000,1.12016e-23
330,11000,5.82627e-14
330,13000,4.46835e-09
330,15000,2.37338e-06
330,17000,0.000104194
331,7000,0.0
331,9000,9.5441e-24
331,11000,5.31232e-14
331,13000,4.21546e-09
331,15000,2.28204e-06
331,17000,0.000101339
332,7000,0.0
332,9000,8.131830000000001e-24
332,11000,4.84373e-14
332,13000,3.97688e-09
332,15000,2.19421e-06
332,17000,9.8562e-05
333,7000,0.0
333,9000,6.92851e-24
333,11000,4.41648e-14
333,13000,3.7518e-09
333,15000,2.10977e-06
333,17000,9.58611e-05
334,7000,0.0
334,9000,5.90326e-24
334,11000,4.02689e-14
334,13000,3.53946e-09
334,15000,2.02857e-06
334,17000,9.32342e-05
335,7000,0.0
335,9000,5.0297300000000005e-24
335,11000,3.67169e-14
335,13000,3.33914e-09
335,15000,1.9505e-06
335,17000,9.06793e-05
336,7000,0.0
336,9000,4.28547e-24
336,11000,3.34781e-14
336,13000,3.15016e-09
336,15000,1.87543e-06
336,17000,8.81944e-05
337,7000,0.0
337,9000,3.651320000000001e-24
337,11000,3.0525e-14
337,13000,2.97187e-09
337,15000,1.80325e-06
337,17000,8.57775e-05
338,7000,0.0
338,9000,3.1110100000000003e-24
338,11000,2.78324e-14
338,13000,2.80367e-09
338,15000,1.73385e-06
338,17000,8.34271e-05
339,7000,0.0
339,9000,2.65067e-24
339,11000,2.53774e-14
339,13000,2.64499e-09
339,15000,1.66712e-06
339,17000,8.11409e-05
340,7000,0.0
340,9000,2.2584300000000002e-24
340,11000,2.31388e-14
340,13000,2.4953e-09
340,15000,1.60296e-06
340,17000,7.89173e-05
341,7000,0.0
341,9000,1.92424e-24
341,11000,2.10978e-14
341,13000,2.35407e-09
341,15000,1.54127e-06
341,17000,7.67547e-05
342,7000,0.0
342,9000,1.6395100000000002e-24
342,11000,1.92367e-14
342,13000,2.22083e-09
342,15000,1.48196e-06
342,17000,7.46514e-05
343,7000,0.0
343,9000,1.3969e-24
343,11000,1.75399e-14
343,13000,2.09515e-09
343,15000,1.42492e-06
343,17000,7.26058e-05
344,7000,0.0
344,9000,1.1901900000000002e-24
344,11000,1.59927e-14
344,13000,1.97657e-09
344,15000,1.37008e-06
344,17000,7.06161e-05
345,7000,0.0
345,9000,1.0140700000000002e-24
345,11000,1.4582e-14
345,13000,1.8647e-09
345,15000,1.31735e-06
345,17000,6.8681e-05
346,7000,0.0
346,9000,8.64019e-25
346,11000,1.32957e-14
346,13000,1.75916e-09
346,15000,1.26665e-06
346,17000,6.6799e-05
347,7000,0.0
347,9000,7.36162e-25
347,11000,1.21229e-14
347,13000,1.6596e-09
347,15000,1.21791e-06
347,17000,6.49684e-05
348,7000,0.0
348,9000,6.27229e-25
348,11000,1.10536e-14
348,13000,1.56567e-09
348,15000,1.17103e-06
348,17000,6.31881e-05
349,7000,0.0
349,9000,5.34416e-25
349,11000,1.00786e-14
349,13000,1.47706e-09
349,15000,1.12597e-06
349,17000,6.14566e-05
350,7000,0.0
350,9000,4.55334e-25
350,11000,9.18952e-15
350,13000,1.39346e-09
350,15000,1.08263e-06
350,17000,5.97725e-05
351,7000,0.0
351,9000,3.8795699999999998e-25
351,11000,8.3789e-15
351,13000,1.3146e-09
351,15000,1.04097e-06
351,17000,5.81345e-05
352,7000,0.0
352,9000,3.30549e-25
352,11000,7.63983e-15
352,13000,1.2402e-09
352,15000,1.0009e-06
352,17000,5.65414e-05
353,7000,0.0
353,9000,2.81637e-25
353,11000,6.96591e-15
353,13000,1.17001e-09
353,15000,9.62382e-07
353,17000,5.4992e-05
354,7000,0.0
354,9000,2.3996000000000004e-25
354,11000,6.35145e-15
354,13000,1.10379e-09
354,15000,9.25344e-07
354,17000,5.34851e-05
355,7000,0.0
355,9000,2.04453e-25
355,11000,5.7912e-15
355,13000,1.04132e-09
355,15000,8.89731e-07
355,17000,5.20194e-05
356,7000,0.0
356,9000,1.7419899999999999e-25
356,11000,5.28036e-15
356,13000,9.82382e-10
356,15000,8.55488e-07
356,17000,5.05939e-05
357,7000,0.0
357,9000,1.48421e-25
357,11000,4.81457e-15
357,13000,9.26782e-10
357,15000,8.22565e-07
357,17000,4.92075e-05
358,7000,0.0
358,9000,1.2645899999999999e-25
358,11000,4.38989e-15
358,13000,8.7433e-10
358,15000,7.90907e-07
358,17000,4.7859e-05
359,7000,0.0
359,9000,1.07746e-25
359,11000,4.00266e-15
359,13000,8.24846e-10
359,15000,7.60469e-07
359,17000,4.65475e-05
360,7000,0.0
360,9000,9.18029e-26
360,11000,3.64958e-15
360,13000,7.78162e-10
360,15000,7.31202e-07
360,17000,4.5272e-05
361,7000,0.0
361,9000,7.82179e-26
361,11000,3.32765e-15
361,13000,7.3412e-10
361,15000,7.03061e-07
361,17000,4.40314e-05
362,7000,0.0
362,9000,6.66438e-26
362,11000,3.03413e-15
362,13000,6.92572e-10
362,15000,6.76003e-07
362,17000,4.28248e-05
363,7000,0.0
363,9000,5.67823e-26
363,11000,2.7665e-15
363,13000,6.53375e-10
363,15000,6.49986e-07
363,17000,4.16513e-05
364,7000,0.0
364,9000,4.8379700000000003e-26
364,11000,2.52245e-15
364,13000,6.16395e-10
364,15000,6.24971e-07
364,17000,4.05099e-05
365,7000,0.0
365,9000,4.12208e-26
365,11000,2.29995e-15
365,13000,5.8151e-10
365,15000,6.00918e-07
365,17000,3.93998e-05
366,7000,0.0
366,9000,3.51212e-26
366,11000,2.09708e-15
366,13000,5.48599e-10
366,15000,5.77791e-07
366,17000,3.83201e-05
367,7000,0.0
367,9000,2.9924e-26
367,11000,1.9121e-15
367,13000,5.1755e-10
367,15000,5.55554e-07
367,17000,3.727e-05
368,7000,0.0
368,9000,2.5496e-26
368,11000,1.74343e-15
368,13000,4.88258e-10
368,15000,5.34174e-07
368,17000,3.62487e-05
369,7000,0.0
369,9000,2.1723300000000002e-26
369,11000,1.58965e-15
369,13000,4.60625e-10
369,15000,5.13615e-07
369,17000,3.52554e-05
370,7000,0.0
370,9000,1.85088e-26
370,11000,1.44942e-15
370,13000,4.34555e-10
370,15000,4.93848e-07
370,17000,3.42893e-05
371,7000,0.0
371,9000,1.57699e-26
371,11000,1.32157e-15
371,13000,4.0996e-10
371,15000,4.74842e-07
371,17000,3.33496e-05
372,7000,0.0
372,9000,1.34364e-26
372,11000,1.20499e-15
372,13000,3.86757e-10
372,15000,4.56568e-07
372,17000,3.24357e-05
373,7000,0.0
373,9000,1.1448200000000001e-26
373,11000,1.0987e-15
373,13000,3.64869e-10
373,15000,4.38996e-07
373,17000,3.15469e-05
374,7000,0.0
374,9000,9.75407e-27
374,11000,1.00179e-15
374,13000,3.44218e-10
374,15000,4.22101e-07
374,17000,3.06824e-05
375,7000,0.0
375,9000,8.310729999999999e-27
375,11000,9.13419e-16
375,13000,3.24736e-10
375,15000,4.05856e-07
375,17000,2.98416e-05
376,7000,0.0
376,9000,7.08097e-27
376,11000,8.32849e-16
376,13000,3.06357e-10
376,15000,3.90236e-07
376,17000,2.90239e-05
377,7000,0.0
377,9000,6.03317e-27
377,11000,7.59383e-16
377,13000,2.89019e-10
377,15000,3.75218e-07
377,17000,2.82285e-05
378,7000,0.0
378,9000,5.1403899999999994e-27
378,11000,6.92397e-16
378,13000,2.72661e-10
378,15000,3.60777e-07
378,17000,2.7455e-05
379,7000,0.0
379,9000,4.37975e-27
379,11000,6.31323e-16
379,13000,2.57229e-10
379,15000,3.46892e-07
379,17000,2.67026e-05
380,7000,0.0
380,9000,3.73166e-27
380,11000,5.75633e-16
380,13000,2.42671e-10
380,15000,3.33542e-07
380,17000,2.59709e-05
381,7000,0.0
381,9000,3.17947e-27
381,11000,5.24857e-16
381,13000,2.28937e-10
381,15000,3.20705e-07
381,17000,2.52592e-05
382,7000,0.0
382,9000,2.70899e-27
382,11000,4.7856e-16
382,13000,2.1598e-10
382,15000,3.08362e-07
382,17000,2.4567e-05
383,7000,0.0
383,9000,2.3081199999999997e-27
383,11000,4.36346e-16
383,13000,2.03756e-10
383,15000,2.96495e-07
383,17000,2.38938e-05
384,7000,0.0
384,9000,1.96658e-27
384,11000,3.97856e-16
384,13000,1.92224e-10
384,15000,2.85084e-07
384,17000,2.32391e-05
385,7000,0.0
385,9000,1.6755799999999998e-27
385,11000,3.62762e-16
385,13000,1.81345e-10
385,15000,2.74112e-07
385,17000,2.26022e-05
386,7000,0.0
386,9000,1.4276399999999999e-27
386,11000,3.30763e-16
386,13000,1.71081e-10
386,15000,2.63563e-07
386,17000,2.19828e-05
387,7000,0.0
387,9000,1.2163799999999998e-27
387,11000,3.01587e-16
387,13000,1.61399e-10
387,15000,2.53419e-07
387,17000,2.13804e-05
388,7000,0.0
388,9000,1.0363799999999999e-27
388,11000,2.74984e-16
388,13000,1.52264e-10
388,15000,2.43666e-07
388,17000,2.07946e-05
389,7000,0.0
389,9000,8.83027e-28
389,11000,2.50728e-16
389,13000,1.43646e-10
389,15000,2.34289e-07
389,17000,2.02247e-05
390,7000,0.0
390,9000,7.52363e-28
390,11000,2.28612e-16
390,13000,1.35517e-10
390,15000,2.25272e-07
390,17000,1.96705e-05
391,7000,0.0
391,9000,6.410280000000001e-28
391,11000,2.08446e-16
391,13000,1.27847e-10
391,15000,2.16602e-07
391,17000,1.91315e-05
392,7000,0.0
392,9000,5.46173e-28
392,11000,1.90059e-16
392,13000,1.20611e-10
392,15000,2.08266e-07
392,17000,1.86072e-05
393,7000,0.0
393,9000,4.65354e-28
393,11000,1.73294e-16
393,13000,1.13785e-10
393,15000,2.00251e-07
393,17000,1.80973e-05
394,7000,0.0
394,9000,3.9649500000000003e-28
394,11000,1.58008e-16
394,13000,1.07345e-10
394,15000,1.92544e-07
394,17000,1.76014e-05
395,7000,0.0
395,9000,3.37821e-28
395,11000,1.4407e-16
395,13000,1.0127e-10
395,15000,1.85133e-07
395,17000,1.7119e-05
396,7000,0.0
396,9000,2.87833e-28
396,11000,1.31362e-16
396,13000,9.55382e-11
396,15000,1.78009e-07
396,17000,1.66499e-05
397,7000,0.0
397,9000,2.45241e-28
397,11000,1.19774e-16
397,13000,9.01312e-11
397,15000,1.71158e-07
397,17000,1.61937e-05
398,7000,0.0
398,9000,2.08951e-28
398,11000,1.09209e-16
398,13000,8.50298e-11
398,15000,1.64571e-07
398,17000,1.57499e-05
399,7000,0.0
399,9000,1.78032e-28
399,11000,9.95755e-17
399,13000,8.02176e-11
399,15000,1.58237e-07
399,17000,1.53183e-05
400,17000,1.48986e-05
