Ticker,Date,Time,Open,High,Low,Close,Volume
HDFCBANK,2025-06-20,09:15:00,1934.5,1939.85,1931.8,1939.8,2624
HDFCBANK,2025-06-20,09:16:00,1938.05,1940.05,1937.4,1940.05,69
HDFCBANK,2025-06-20,09:17:00,1939.35,1941.4,1939.35,1940.25,237
HDFCBANK,2025-06-20,09:18:00,1941.1,1942.0,1940.4,1942.0,87
HDFCBANK,2025-06-20,09:19:00,1941.6,1942.8,1940.35,1942.0,366
HDFCBANK,2025-06-20,09:20:00,1942.3,1944.3,1942.0,1942.0,700
HDFCBANK,2025-06-20,09:21:00,1941.3,1944.0,1941.3,1944.0,42
HDFCBANK,2025-06-20,09:22:00,1944.3,1944.9,1942.0,1942.7,180
HDFCBANK,2025-06-20,09:23:00,1941.25,1942.0,1941.25,1941.5,135
HDFCBANK,2025-06-20,09:24:00,1942.65,1943.5,1942.25,1943.5,386
HDFCBANK,2025-06-20,09:25:00,1944.9,1945.55,1944.9,1945.55,803
HDFCBANK,2025-06-20,09:26:00,1945.25,1946.0,1944.0,1944.2,15
HDFCBANK,2025-06-20,09:27:00,1944.1,1944.2,1942.1,1943.8,188
HDFCBANK,2025-06-20,09:28:00,1943.05,1945.15,1943.05,1945.0,809
HDFCBANK,2025-06-20,09:29:00,1945.35,1945.45,1944.4,1944.6,336
HDFCBANK,2025-06-20,09:30:00,1943.9,1945.15,1943.7,1945.15,73
HDFCBANK,2025-06-20,09:31:00,1944.9,1945.9,1943.8,1945.3,47
HDFCBANK,2025-06-20,09:32:00,1945.0,1945.0,1944.1,1944.1,65
HDFCBANK,2025-06-20,09:33:00,1943.6,1944.45,1942.45,1943.1,90
HDFCBANK,2025-06-20,09:34:00,1942.7,1943.25,1942.7,1942.95,35
HDFCBANK,2025-06-20,09:35:00,1942.95,1944.0,1942.95,1944.0,31
HDFCBANK,2025-06-20,09:36:00,1945.0,1945.3,1944.35,1944.95,383
HDFCBANK,2025-06-20,09:37:00,1944.95,1944.95,1944.0,1944.0,184
HDFCBANK,2025-06-20,09:38:00,1944.3,1944.3,1944.0,1944.0,752
HDFCBANK,2025-06-20,09:39:00,1944.45,1945.4,1944.25,1945.2,105
HDFCBANK,2025-06-20,09:40:00,1944.25,1945.25,1944.2,1945.05,107
HDFCBANK,2025-06-20,09:41:00,1944.9,1945.25,1944.3,1945.0,38
HDFCBANK,2025-06-20,09:42:00,1945.25,1946.0,1944.35,1945.9,891
HDFCBANK,2025-06-20,09:43:00,1944.85,1945.65,1944.4,1945.3,323
HDFCBANK,2025-06-20,09:44:00,1944.45,1945.25,1944.25,1945.25,484
HDFCBANK,2025-06-20,09:45:00,1944.4,1945.15,1944.2,1944.2,108
HDFCBANK,2025-06-20,09:46:00,1945.0,1945.0,1944.2,1944.2,236
HDFCBANK,2025-06-20,09:47:00,1944.3,1945.45,1944.3,1945.0,321
HDFCBANK,2025-06-20,09:48:00,1945.35,1946.2,1944.55,1946.2,170
HDFCBANK,2025-06-20,09:49:00,1946.15,1946.85,1945.25,1946.25,64
HDFCBANK,2025-06-20,09:50:00,1946.25,1946.9,1946.25,1946.9,46
HDFCBANK,2025-06-20,09:51:00,1947.0,1947.0,1945.75,1946.6,176
HDFCBANK,2025-06-20,09:52:00,1946.0,1946.1,1945.15,1945.15,15
HDFCBANK,2025-06-20,09:53:00,1945.15,1946.0,1945.05,1946.0,78
HDFCBANK,2025-06-20,09:54:00,1946.0,1948.0,1946.0,1947.7,203
HDFCBANK,2025-06-20,09:55:00,1948.0,1948.5,1948.0,1948.5,185
HDFCBANK,2025-06-20,09:56:00,1948.65,1949.0,1948.0,1948.75,74
HDFCBANK,2025-06-20,09:57:00,1948.65,1948.65,1946.75,1947.3,112
HDFCBANK,2025-06-20,09:58:00,1948.35,1949.1,1947.9,1948.5,1565
HDFCBANK,2025-06-20,09:59:00,1949.1,1949.3,1948.3,1948.8,51
HDFCBANK,2025-06-20,10:00:00,1949.4,1949.4,1948.5,1949.3,80
HDFCBANK,2025-06-20,10:01:00,1949.3,1949.9,1949.05,1949.85,156
HDFCBANK,2025-06-20,10:02:00,1949.5,1949.5,1948.0,1948.8,103
HDFCBANK,2025-06-20,10:03:00,1948.8,1949.7,1948.8,1949.65,59
HDFCBANK,2025-06-20,10:04:00,1949.65,1949.95,1949.3,1949.3,28
HDFCBANK,2025-06-20,10:05:00,1949.0,1951.0,1949.0,1951.0,2242
HDFCBANK,2025-06-20,10:06:00,1950.95,1951.0,1950.1,1950.2,64
HDFCBANK,2025-06-20,10:07:00,1950.9,1951.45,1950.2,1951.05,354
HDFCBANK,2025-06-20,10:08:00,1950.95,1950.95,1950.05,1950.95,84
HDFCBANK,2025-06-20,10:09:00,1950.65,1950.65,1949.05,1950.2,149
HDFCBANK,2025-06-20,10:10:00,1949.45,1950.35,1949.4,1950.35,113
HDFCBANK,2025-06-20,10:11:00,1950.3,1950.3,1949.3,1950.0,34
HDFCBANK,2025-06-20,10:12:00,1950.0,1951.0,1950.0,1951.0,291
HDFCBANK,2025-06-20,10:13:00,1951.6,1951.6,1950.4,1951.4,106
HDFCBANK,2025-06-20,10:14:00,1950.15,1951.4,1950.1,1950.8,66
HDFCBANK,2025-06-20,10:15:00,1951.7,1953.0,1951.7,1952.5,1174
HDFCBANK,2025-06-20,10:16:00,1952.7,1953.35,1952.1,1952.5,225
HDFCBANK,2025-06-20,10:17:00,1952.5,1952.55,1952.1,1952.55,1304
HDFCBANK,2025-06-20,10:18:00,1953.25,1954.0,1953.0,1954.0,83
HDFCBANK,2025-06-20,10:19:00,1953.75,1954.0,1952.65,1953.45,165
HDFCBANK,2025-06-20,10:20:00,1952.85,1954.35,1952.85,1954.35,181
HDFCBANK,2025-06-20,10:21:00,1954.1,1956.75,1954.1,1956.75,1361
HDFCBANK,2025-06-20,10:22:00,1956.7,1956.8,1955.85,1956.7,248
HDFCBANK,2025-06-20,10:23:00,1957.0,1957.95,1955.75,1955.75,202
HDFCBANK,2025-06-20,10:24:00,1955.3,1955.65,1955.3,1955.65,53
HDFCBANK,2025-06-20,10:25:00,1954.7,1956.0,1954.7,1955.8,82
HDFCBANK,2025-06-20,10:26:00,1955.1,1956.6,1954.6,1956.6,150
HDFCBANK,2025-06-20,10:27:00,1957.0,1959.45,1957.0,1959.3,214
HDFCBANK,2025-06-20,10:28:00,1959.0,1959.0,1958.5,1958.9,193
HDFCBANK,2025-06-20,10:29:00,1958.7,1959.25,1958.1,1958.1,978
HDFCBANK,2025-06-20,10:30:00,1958.95,1959.7,1958.25,1959.3,1001
HDFCBANK,2025-06-20,10:31:00,1959.4,1961.6,1959.2,1960.55,4357
HDFCBANK,2025-06-20,10:32:00,1959.0,1960.0,1958.35,1960.0,749
HDFCBANK,2025-06-20,10:33:00,1961.6,1962.0,1960.7,1960.7,42
HDFCBANK,2025-06-20,10:34:00,1960.7,1960.7,1958.4,1958.4,65
HDFCBANK,2025-06-20,10:35:00,1958.6,1959.75,1958.6,1959.75,142
HDFCBANK,2025-06-20,10:36:00,1959.7,1959.7,1958.45,1959.15,276
HDFCBANK,2025-06-20,10:37:00,1959.2,1959.9,1958.6,1958.6,129
HDFCBANK,2025-06-20,10:38:00,1959.55,1959.55,1957.2,1957.2,144
HDFCBANK,2025-06-20,10:39:00,1957.95,1958.0,1957.4,1957.95,62
HDFCBANK,2025-06-20,10:40:00,1957.95,1958.9,1957.95,1958.4,212
HDFCBANK,2025-06-20,10:41:00,1958.4,1960.0,1958.4,1959.0,2986
HDFCBANK,2025-06-20,10:42:00,1959.3,1959.9,1959.0,1959.3,314
HDFCBANK,2025-06-20,10:43:00,1959.9,1959.9,1957.95,1958.8,530
HDFCBANK,2025-06-20,10:44:00,1958.0,1958.0,1957.0,1957.0,723
HDFCBANK,2025-06-20,10:45:00,1957.0,1957.45,1956.15,1956.45,164
HDFCBANK,2025-06-20,10:46:00,1956.5,1956.5,1955.7,1955.7,301
HDFCBANK,2025-06-20,10:47:00,1955.95,1956.5,1955.0,1955.0,154
HDFCBANK,2025-06-20,10:48:00,1955.2,1955.2,1954.8,1954.8,119
HDFCBANK,2025-06-20,10:49:00,1955.7,1955.7,1954.55,1954.55,157
HDFCBANK,2025-06-20,10:50:00,1955.25,1955.25,1954.35,1954.7,438
HDFCBANK,2025-06-20,10:51:00,1954.6,1954.7,1954.35,1954.7,116
HDFCBANK,2025-06-20,10:52:00,1954.8,1955.0,1954.55,1955.0,656
HDFCBANK,2025-06-20,10:53:00,1955.0,1955.95,1954.85,1955.95,455
HDFCBANK,2025-06-20,10:54:00,1955.4,1955.4,1954.0,1954.4,174
HDFCBANK,2025-06-20,10:55:00,1955.05,1955.05,1952.2,1952.2,151
HDFCBANK,2025-06-20,10:56:00,1952.1,1952.85,1952.0,1952.0,160
HDFCBANK,2025-06-20,10:57:00,1951.7,1952.25,1951.7,1952.25,17
HDFCBANK,2025-06-20,10:58:00,1951.65,1951.9,1950.3,1951.0,531
HDFCBANK,2025-06-20,10:59:00,1950.05,1951.45,1950.05,1951.45,165
HDFCBANK,2025-06-20,11:00:00,1951.5,1952.0,1951.0,1951.05,565
HDFCBANK,2025-06-20,11:01:00,1952.2,1952.2,1951.5,1951.5,216
HDFCBANK,2025-06-20,11:02:00,1951.65,1952.65,1951.5,1951.5,132
HDFCBANK,2025-06-20,11:03:00,1952.0,1952.0,1951.0,1951.0,243
HDFCBANK,2025-06-20,11:04:00,1951.2,1951.95,1950.9,1950.9,1324
HDFCBANK,2025-06-20,11:05:00,1952.2,1952.2,1951.3,1951.5,36
HDFCBANK,2025-06-20,11:06:00,1952.0,1952.0,1951.65,1952.0,14
HDFCBANK,2025-06-20,11:07:00,1952.5,1953.2,1952.15,1952.9,233
HDFCBANK,2025-06-20,11:08:00,1953.55,1953.8,1952.9,1953.8,106
HDFCBANK,2025-06-20,11:09:00,1953.0,1954.0,1952.7,1954.0,67
HDFCBANK,2025-06-20,11:10:00,1953.8,1954.25,1953.2,1954.1,81
HDFCBANK,2025-06-20,11:11:00,1954.05,1954.05,1952.45,1953.4,60
HDFCBANK,2025-06-20,11:12:00,1953.4,1953.6,1953.15,1953.4,16
HDFCBANK,2025-06-20,11:13:00,1953.9,1953.9,1952.85,1953.8,17
HDFCBANK,2025-06-20,11:14:00,1953.8,1954.8,1953.8,1953.95,139
HDFCBANK,2025-06-20,11:15:00,1954.8,1954.8,1954.55,1954.55,6
HDFCBANK,2025-06-20,11:16:00,1953.9,1954.8,1953.9,1954.75,46
HDFCBANK,2025-06-20,11:17:00,1954.6,1954.6,1953.5,1953.95,328
HDFCBANK,2025-06-20,11:18:00,1953.9,1953.9,1953.0,1953.0,10
HDFCBANK,2025-06-20,11:19:00,1953.75,1953.8,1953.0,1953.0,6
HDFCBANK,2025-06-20,11:20:00,1952.55,1954.0,1952.55,1953.45,24
HDFCBANK,2025-06-20,11:21:00,1953.3,1953.35,1952.0,1952.95,91
HDFCBANK,2025-06-20,11:22:00,1952.8,1952.8,1952.0,1952.0,15
HDFCBANK,2025-06-20,11:23:00,1951.65,1952.95,1951.65,1952.5,65
HDFCBANK,2025-06-20,11:24:00,1952.5,1953.0,1952.5,1953.0,449
HDFCBANK,2025-06-20,11:25:00,1952.5,1952.5,1951.6,1951.6,1668
HDFCBANK,2025-06-20,11:26:00,1951.6,1951.8,1951.6,1951.6,5410
HDFCBANK,2025-06-20,11:27:00,1951.5,1952.5,1951.2,1952.15,23890
HDFCBANK,2025-06-20,11:28:00,1952.15,1952.85,1952.15,1952.85,525
HDFCBANK,2025-06-20,11:29:00,1953.0,1953.0,1952.55,1952.55,27
HDFCBANK,2025-06-20,11:30:00,1953.2,1953.45,1952.8,1953.45,31
HDFCBANK,2025-06-20,11:31:00,1953.95,1953.95,1953.0,1953.9,118
HDFCBANK,2025-06-20,11:32:00,1954.1,1954.1,1953.2,1953.9,32
HDFCBANK,2025-06-20,11:33:00,1953.9,1953.95,1953.9,1953.95,56
HDFCBANK,2025-06-20,11:34:00,1953.9,1953.9,1953.7,1953.9,58
HDFCBANK,2025-06-20,11:35:00,1953.7,1953.95,1953.7,1953.95,2
HDFCBANK,2025-06-20,11:36:00,1953.95,1954.0,1953.5,1953.5,215
HDFCBANK,2025-06-20,11:37:00,1953.0,1953.9,1953.0,1953.5,40
HDFCBANK,2025-06-20,11:38:00,1954.0,1954.0,1953.3,1953.3,14
HDFCBANK,2025-06-20,11:39:00,1952.9,1955.0,1952.9,1955.0,5913
HDFCBANK,2025-06-20,11:40:00,1955.95,1956.0,1955.6,1956.0,568
HDFCBANK,2025-06-20,11:41:00,1955.0,1955.2,1953.95,1953.95,2555
HDFCBANK,2025-06-20,11:42:00,1953.9,1954.0,1953.0,1954.0,7240
HDFCBANK,2025-06-20,11:43:00,1953.2,1954.2,1953.2,1953.3,2553
HDFCBANK,2025-06-20,11:44:00,1953.85,1954.0,1953.0,1954.0,2808
HDFCBANK,2025-06-20,11:45:00,1954.0,1954.25,1953.4,1953.4,2555
HDFCBANK,2025-06-20,11:46:00,1954.0,1954.0,1954.0,1954.0,1284
HDFCBANK,2025-06-20,11:47:00,1954.0,1954.0,1953.5,1953.95,15
HDFCBANK,2025-06-20,11:48:00,1953.0,1953.5,1952.7,1952.7,2511
HDFCBANK,2025-06-20,11:49:00,1953.1,1954.45,1952.9,1952.9,3813
HDFCBANK,2025-06-20,11:50:00,1953.9,1954.65,1953.15,1954.5,64
HDFCBANK,2025-06-20,11:51:00,1954.45,1954.45,1954.15,1954.15,47
HDFCBANK,2025-06-20,11:52:00,1954.3,1954.45,1954.0,1954.45,17
HDFCBANK,2025-06-20,11:53:00,1954.5,1954.5,1953.75,1953.75,13
HDFCBANK,2025-06-20,11:54:00,1954.35,1954.5,1954.1,1954.5,9
HDFCBANK,2025-06-20,11:55:00,1953.45,1953.85,1953.0,1953.0,274
HDFCBANK,2025-06-20,11:56:00,1954.3,1954.3,1953.3,1953.8,10
HDFCBANK,2025-06-20,11:57:00,1954.2,1954.2,1952.45,1952.45,2006
HDFCBANK,2025-06-20,11:58:00,1953.45,1953.45,1952.1,1953.15,54
HDFCBANK,2025-06-20,11:59:00,1952.9,1953.0,1952.0,1952.0,15
HDFCBANK,2025-06-20,12:00:00,1952.0,1952.0,1951.5,1951.65,32
HDFCBANK,2025-06-20,12:01:00,1951.2,1951.2,1950.4,1950.4,4
HDFCBANK,2025-06-20,12:02:00,1950.3,1951.25,1950.3,1950.4,166
HDFCBANK,2025-06-20,12:03:00,1950.1,1951.65,1950.1,1950.45,90
HDFCBANK,2025-06-20,12:04:00,1951.3,1951.95,1950.75,1951.95,13
HDFCBANK,2025-06-20,12:05:00,1951.9,1951.9,1951.1,1951.5,7
HDFCBANK,2025-06-20,12:06:00,1951.5,1951.5,1951.5,1951.5,60
HDFCBANK,2025-06-20,12:07:00,1951.5,1951.95,1951.5,1951.95,184
HDFCBANK,2025-06-20,12:08:00,1951.95,1951.95,1951.8,1951.8,6
HDFCBANK,2025-06-20,12:09:00,1951.2,1951.95,1951.2,1951.95,10
HDFCBANK,2025-06-20,12:10:00,1951.95,1952.1,1951.95,1952.1,40
HDFCBANK,2025-06-20,12:11:00,1952.1,1953.1,1952.1,1953.1,59
HDFCBANK,2025-06-20,12:12:00,1953.1,1953.5,1952.7,1952.7,7
HDFCBANK,2025-06-20,12:13:00,1953.95,1954.3,1953.2,1954.3,130
HDFCBANK,2025-06-20,12:14:00,1954.3,1955.25,1954.3,1954.5,124
HDFCBANK,2025-06-20,12:15:00,1955.25,1955.25,1954.25,1955.25,47
HDFCBANK,2025-06-20,12:16:00,1955.25,1955.3,1954.65,1955.25,71
HDFCBANK,2025-06-20,12:17:00,1955.0,1955.0,1954.25,1954.25,2
HDFCBANK,2025-06-20,12:18:00,1955.15,1955.15,1954.95,1954.95,24
HDFCBANK,2025-06-20,12:19:00,1954.95,1954.95,1954.15,1954.8,205
HDFCBANK,2025-06-20,12:20:00,1954.3,1955.25,1954.3,1955.25,153
HDFCBANK,2025-06-20,12:21:00,1955.25,1955.25,1954.25,1954.25,119
HDFCBANK,2025-06-20,12:22:00,1955.1,1955.25,1954.35,1955.25,19
HDFCBANK,2025-06-20,12:23:00,1955.25,1955.25,1954.0,1954.9,3248
HDFCBANK,2025-06-20,12:24:00,1954.15,1954.95,1953.3,1953.3,1621
HDFCBANK,2025-06-20,12:25:00,1954.0,1954.0,1953.0,1953.6,6298
HDFCBANK,2025-06-20,12:26:00,1953.5,1954.2,1953.5,1954.2,2563
HDFCBANK,2025-06-20,12:27:00,1953.5,1954.6,1952.55,1952.55,17655
HDFCBANK,2025-06-20,12:28:00,1953.9,1954.15,1952.9,1953.1,1890
HDFCBANK,2025-06-20,12:29:00,1953.1,1954.05,1953.1,1954.05,1127
HDFCBANK,2025-06-20,12:30:00,1953.0,1954.4,1953.0,1953.7,239
HDFCBANK,2025-06-20,12:31:00,1954.3,1954.3,1953.0,1953.1,1076
HDFCBANK,2025-06-20,12:32:00,1953.2,1953.65,1953.0,1953.6,2857
HDFCBANK,2025-06-20,12:33:00,1953.55,1953.8,1952.7,1953.0,1765
HDFCBANK,2025-06-20,12:34:00,1953.0,1953.45,1952.3,1952.3,10
HDFCBANK,2025-06-20,12:35:00,1952.0,1952.0,1952.0,1952.0,45
HDFCBANK,2025-06-20,12:36:00,1952.8,1952.8,1952.5,1952.5,13
HDFCBANK,2025-06-20,12:37:00,1952.1,1954.2,1952.1,1953.4,2133
HDFCBANK,2025-06-20,12:38:00,1953.45,1953.5,1952.7,1952.8,10020
HDFCBANK,2025-06-20,12:39:00,1954.0,1954.0,1954.0,1954.0,3
HDFCBANK,2025-06-20,12:40:00,1954.0,1955.5,1954.0,1955.3,7013
HDFCBANK,2025-06-20,12:41:00,1955.3,1955.3,1954.55,1955.15,118
HDFCBANK,2025-06-20,12:42:00,1954.7,1955.3,1954.55,1955.15,1058
HDFCBANK,2025-06-20,12:43:00,1955.2,1955.3,1954.95,1955.3,203
HDFCBANK,2025-06-20,12:44:00,1955.2,1955.2,1955.2,1955.2,25
HDFCBANK,2025-06-20,12:45:00,1954.85,1955.4,1954.85,1954.95,74
HDFCBANK,2025-06-20,12:46:00,1955.9,1956.0,1955.5,1956.0,166
HDFCBANK,2025-06-20,12:47:00,1956.75,1956.75,1956.7,1956.7,43
HDFCBANK,2025-06-20,12:48:00,1955.85,1956.55,1955.85,1956.55,307
HDFCBANK,2025-06-20,12:49:00,1956.4,1956.45,1955.7,1955.7,4
HDFCBANK,2025-06-20,12:50:00,1956.55,1956.95,1956.4,1956.4,3
HDFCBANK,2025-06-20,12:51:00,1956.6,1958.1,1956.6,1957.9,3266
HDFCBANK,2025-06-20,12:52:00,1957.35,1957.95,1956.3,1957.5,3423
HDFCBANK,2025-06-20,12:53:00,1956.7,1958.0,1956.7,1958.0,202
HDFCBANK,2025-06-20,12:54:00,1958.4,1958.95,1957.4,1958.75,3106
HDFCBANK,2025-06-20,12:55:00,1958.7,1958.7,1957.1,1957.15,3001
HDFCBANK,2025-06-20,12:56:00,1957.2,1957.65,1956.1,1956.6,147
HDFCBANK,2025-06-20,12:57:00,1956.1,1956.15,1956.0,1956.15,275
HDFCBANK,2025-06-20,12:58:00,1957.05,1957.05,1956.5,1956.5,31
HDFCBANK,2025-06-20,12:59:00,1956.85,1957.45,1956.15,1957.35,2219
HDFCBANK,2025-06-20,13:00:00,1957.35,1957.4,1955.9,1955.9,1493
HDFCBANK,2025-06-20,13:01:00,1955.8,1956.75,1955.55,1956.7,2519
HDFCBANK,2025-06-20,13:02:00,1956.6,1957.0,1955.8,1957.0,19
HDFCBANK,2025-06-20,13:03:00,1957.0,1957.6,1956.8,1956.8,80
HDFCBANK,2025-06-20,13:04:00,1958.0,1958.0,1958.0,1958.0,1
HDFCBANK,2025-06-20,13:05:00,1958.0,1958.0,1957.05,1957.05,258
HDFCBANK,2025-06-20,13:06:00,1957.05,1957.05,1957.05,1957.05,3
HDFCBANK,2025-06-20,13:07:00,1957.35,1959.4,1957.35,1959.4,3026
HDFCBANK,2025-06-20,13:08:00,1959.35,1959.45,1957.75,1957.8,4051
HDFCBANK,2025-06-20,13:09:00,1958.8,1959.25,1958.8,1959.25,15
HDFCBANK,2025-06-20,13:10:00,1958.9,1959.3,1958.9,1959.3,71
HDFCBANK,2025-06-20,13:11:00,1959.3,1959.3,1959.2,1959.2,594
HDFCBANK,2025-06-20,13:12:00,1958.8,1959.25,1958.8,1959.25,241
HDFCBANK,2025-06-20,13:13:00,1958.8,1959.25,1958.45,1958.45,6
HDFCBANK,2025-06-20,13:14:00,1959.0,1959.0,1959.0,1959.0,1
HDFCBANK,2025-06-20,13:15:00,1958.7,1959.25,1958.7,1959.25,101
HDFCBANK,2025-06-20,13:16:00,1959.2,1959.5,1958.85,1959.5,1924
HDFCBANK,2025-06-20,13:17:00,1959.3,1959.5,1959.3,1959.5,13
HDFCBANK,2025-06-20,13:18:00,1959.55,1960.7,1959.55,1960.7,2466
HDFCBANK,2025-06-20,13:19:00,1960.6,1962.15,1960.6,1962.15,999
HDFCBANK,2025-06-20,13:20:00,1962.45,1962.8,1961.7,1961.7,308
HDFCBANK,2025-06-20,13:21:00,1961.65,1961.65,1960.9,1960.9,201
HDFCBANK,2025-06-20,13:22:00,1960.9,1962.35,1960.9,1961.0,3078
HDFCBANK,2025-06-20,13:23:00,1960.65,1960.9,1960.2,1960.85,3260
HDFCBANK,2025-06-20,13:24:00,1961.95,1961.95,1960.5,1960.5,11
HDFCBANK,2025-06-20,13:25:00,1960.5,1960.85,1960.3,1960.85,16
HDFCBANK,2025-06-20,13:26:00,1960.8,1960.85,1960.8,1960.85,7
HDFCBANK,2025-06-20,13:27:00,1960.2,1960.85,1960.2,1960.2,62
HDFCBANK,2025-06-20,13:28:00,1960.85,1961.65,1960.35,1961.65,510
HDFCBANK,2025-06-20,13:29:00,1961.6,1961.95,1960.75,1961.95,43
HDFCBANK,2025-06-20,13:30:00,1961.9,1962.0,1961.9,1962.0,233
HDFCBANK,2025-06-20,13:31:00,1962.0,1962.0,1961.6,1961.6,82
HDFCBANK,2025-06-20,13:32:00,1962.0,1962.0,1961.0,1961.0,253
HDFCBANK,2025-06-20,13:33:00,1960.5,1960.9,1960.05,1960.05,459
HDFCBANK,2025-06-20,13:34:00,1960.5,1960.5,1960.05,1960.05,11
HDFCBANK,2025-06-20,13:35:00,1960.5,1961.6,1960.5,1960.8,148
HDFCBANK,2025-06-20,13:36:00,1960.7,1961.35,1960.5,1960.5,44
HDFCBANK,2025-06-20,13:37:00,1961.1,1961.1,1959.3,1959.3,145
HDFCBANK,2025-06-20,13:38:00,1959.95,1959.95,1959.95,1959.95,25
HDFCBANK,2025-06-20,13:39:00,1959.95,1960.45,1959.95,1960.0,67
HDFCBANK,2025-06-20,13:40:00,1959.1,1959.9,1958.8,1958.8,471
HDFCBANK,2025-06-20,13:41:00,1958.9,1959.0,1958.4,1959.0,1389
HDFCBANK,2025-06-20,13:42:00,1958.7,1959.75,1958.4,1959.75,337
HDFCBANK,2025-06-20,13:43:00,1960.0,1960.4,1959.5,1960.35,8
HDFCBANK,2025-06-20,13:44:00,1959.1,1959.3,1958.35,1959.3,46
HDFCBANK,2025-06-20,13:45:00,1959.3,1959.3,1958.15,1958.45,106
HDFCBANK,2025-06-20,13:46:00,1958.45,1958.45,1958.45,1958.45,1
HDFCBANK,2025-06-20,13:47:00,1959.5,1959.5,1958.55,1958.55,161
HDFCBANK,2025-06-20,13:48:00,1959.5,1959.65,1959.1,1959.65,26
HDFCBANK,2025-06-20,13:49:00,1959.1,1960.0,1959.1,1960.0,12
HDFCBANK,2025-06-20,13:50:00,1960.0,1960.0,1959.45,1959.65,25
HDFCBANK,2025-06-20,13:51:00,1959.95,1959.95,1959.95,1959.95,6
HDFCBANK,2025-06-20,13:52:00,1959.95,1959.95,1959.95,1959.95,7
HDFCBANK,2025-06-20,13:53:00,1959.95,1960.35,1959.95,1960.35,1125
HDFCBANK,2025-06-20,13:54:00,1960.2,1961.0,1959.85,1961.0,267
HDFCBANK,2025-06-20,13:55:00,1960.7,1961.0,1959.95,1960.6,614
HDFCBANK,2025-06-20,13:56:00,1961.0,1961.0,1960.0,1960.0,34
HDFCBANK,2025-06-20,13:57:00,1960.0,1960.0,1959.45,1960.0,7
HDFCBANK,2025-06-20,13:58:00,1959.3,1959.95,1959.0,1959.0,2337
HDFCBANK,2025-06-20,13:59:00,1959.0,1960.0,1959.0,1960.0,8163
HDFCBANK,2025-06-20,14:00:00,1960.2,1960.65,1960.0,1960.65,18
HDFCBANK,2025-06-20,14:01:00,1961.0,1961.0,1960.1,1960.2,19
HDFCBANK,2025-06-20,14:02:00,1961.0,1961.0,1960.2,1961.0,20
HDFCBANK,2025-06-20,14:03:00,1961.0,1961.0,1960.2,1960.95,3
HDFCBANK,2025-06-20,14:04:00,1960.85,1961.0,1960.85,1961.0,23
HDFCBANK,2025-06-20,14:05:00,1960.2,1961.0,1960.2,1961.0,10
HDFCBANK,2025-06-20,14:06:00,1961.0,1961.0,1960.65,1961.0,19
HDFCBANK,2025-06-20,14:07:00,1960.9,1961.0,1960.6,1961.0,13
HDFCBANK,2025-06-20,14:08:00,1960.6,1961.0,1960.3,1961.0,80
HDFCBANK,2025-06-20,14:09:00,1961.0,1961.0,1961.0,1961.0,14
HDFCBANK,2025-06-20,14:10:00,1961.0,1961.0,1961.0,1961.0,57
HDFCBANK,2025-06-20,14:11:00,1960.5,1961.0,1960.0,1960.05,148
HDFCBANK,2025-06-20,14:12:00,1960.5,1961.0,1960.5,1960.5,512
HDFCBANK,2025-06-20,14:13:00,1960.15,1960.15,1960.15,1960.15,1
HDFCBANK,2025-06-20,14:14:00,1960.5,1961.0,1960.45,1961.0,41
HDFCBANK,2025-06-20,14:15:00,1960.8,1961.0,1960.5,1961.0,56
HDFCBANK,2025-06-20,14:16:00,1961.0,1961.0,1960.25,1960.45,49
HDFCBANK,2025-06-20,14:17:00,1960.65,1961.2,1960.65,1961.15,381
HDFCBANK,2025-06-20,14:18:00,1961.75,1962.0,1961.05,1962.0,192
HDFCBANK,2025-06-20,14:19:00,1961.05,1961.05,1960.05,1960.05,437
HDFCBANK,2025-06-20,14:20:00,1959.55,1960.35,1959.55,1960.05,72
HDFCBANK,2025-06-20,14:21:00,1960.0,1960.3,1958.2,1959.3,82
HDFCBANK,2025-06-20,14:22:00,1959.55,1959.95,1959.55,1959.95,2
HDFCBANK,2025-06-20,14:23:00,1960.35,1960.35,1960.35,1960.35,4
HDFCBANK,2025-06-20,14:24:00,1961.0,1961.0,1960.6,1961.0,11
HDFCBANK,2025-06-20,14:25:00,1961.0,1962.0,1960.25,1960.25,352
HDFCBANK,2025-06-20,14:26:00,1960.4,1961.35,1960.4,1961.0,36
HDFCBANK,2025-06-20,14:27:00,1960.4,1960.45,1959.25,1959.25,103
HDFCBANK,2025-06-20,14:28:00,1960.25,1960.25,1960.15,1960.15,2
HDFCBANK,2025-06-20,14:29:00,1960.0,1960.0,1959.0,1959.0,41
HDFCBANK,2025-06-20,14:30:00,1958.9,1959.8,1958.85,1959.75,189
HDFCBANK,2025-06-20,14:31:00,1959.75,1959.8,1959.75,1959.75,3
HDFCBANK,2025-06-20,14:32:00,1959.75,1959.8,1959.15,1959.8,33
HDFCBANK,2025-06-20,14:33:00,1959.95,1960.45,1959.1,1960.45,57
HDFCBANK,2025-06-20,14:34:00,1960.15,1960.15,1958.1,1958.1,129
HDFCBANK,2025-06-20,14:35:00,1958.5,1958.9,1958.5,1958.55,28
HDFCBANK,2025-06-20,14:36:00,1958.65,1958.85,1958.0,1958.0,107
HDFCBANK,2025-06-20,14:37:00,1958.65,1958.65,1958.0,1958.0,201
HDFCBANK,2025-06-20,14:38:00,1959.55,1959.95,1958.35,1959.65,14
HDFCBANK,2025-06-20,14:39:00,1958.1,1958.9,1958.1,1958.5,261
HDFCBANK,2025-06-20,14:40:00,1958.6,1958.6,1958.0,1958.0,980
HDFCBANK,2025-06-20,14:41:00,1958.5,1958.5,1958.0,1958.0,26
HDFCBANK,2025-06-20,14:42:00,1958.5,1959.3,1957.85,1957.85,360
HDFCBANK,2025-06-20,14:43:00,1958.1,1958.2,1958.1,1958.1,58
HDFCBANK,2025-06-20,14:44:00,1959.55,1959.55,1958.7,1959.15,8
HDFCBANK,2025-06-20,14:45:00,1958.25,1959.3,1958.25,1959.0,17
HDFCBANK,2025-06-20,14:46:00,1958.8,1959.3,1958.7,1958.7,31
HDFCBANK,2025-06-20,14:47:00,1959.35,1959.35,1958.35,1958.4,27
HDFCBANK,2025-06-20,14:48:00,1959.0,1959.0,1957.7,1959.0,751
HDFCBANK,2025-06-20,14:49:00,1960.0,1960.0,1958.5,1958.5,107
HDFCBANK,2025-06-20,14:50:00,1958.55,1959.3,1958.5,1959.05,33
HDFCBANK,2025-06-20,14:51:00,1958.05,1958.7,1957.55,1958.4,83
HDFCBANK,2025-06-20,14:52:00,1957.2,1957.2,1957.2,1957.2,29
HDFCBANK,2025-06-20,14:53:00,1958.4,1958.4,1957.85,1957.9,69
HDFCBANK,2025-06-20,14:54:00,1958.4,1958.85,1958.0,1958.0,165
HDFCBANK,2025-06-20,14:55:00,1958.0,1958.0,1957.2,1957.2,64
HDFCBANK,2025-06-20,14:56:00,1958.5,1959.0,1958.5,1959.0,3008
HDFCBANK,2025-06-20,14:57:00,1957.75,1958.0,1957.05,1958.0,3010
HDFCBANK,2025-06-20,14:58:00,1958.8,1958.8,1957.55,1957.55,75
HDFCBANK,2025-06-20,14:59:00,1958.0,1959.05,1958.0,1959.05,7
HDFCBANK,2025-06-20,15:00:00,1958.4,1959.5,1958.35,1959.5,54
HDFCBANK,2025-06-20,15:01:00,1959.5,1961.05,1959.2,1961.05,436
HDFCBANK,2025-06-20,15:02:00,1960.95,1962.0,1960.95,1961.15,2099
HDFCBANK,2025-06-20,15:03:00,1962.0,1963.5,1960.9,1963.5,817
HDFCBANK,2025-06-20,15:04:00,1963.15,1965.0,1963.1,1964.5,4658
HDFCBANK,2025-06-20,15:05:00,1963.6,1964.7,1963.6,1964.5,4429
HDFCBANK,2025-06-20,15:06:00,1964.5,1964.8,1961.75,1964.8,2948
HDFCBANK,2025-06-20,15:07:00,1964.0,1964.65,1962.15,1962.75,421
HDFCBANK,2025-06-20,15:08:00,1963.0,1964.35,1962.45,1964.35,799
HDFCBANK,2025-06-20,15:09:00,1964.35,1964.7,1963.5,1964.7,332
HDFCBANK,2025-06-20,15:10:00,1964.0,1966.0,1963.8,1966.0,3548
HDFCBANK,2025-06-20,15:11:00,1966.15,1966.15,1964.55,1965.45,365
HDFCBANK,2025-06-20,15:12:00,1965.2,1966.0,1965.1,1966.0,303
HDFCBANK,2025-06-20,15:13:00,1965.4,1966.0,1965.2,1966.0,1156
HDFCBANK,2025-06-20,15:14:00,1965.1,1965.1,1963.25,1963.35,8817
HDFCBANK,2025-06-20,15:15:00,1964.3,1965.65,1963.75,1965.65,284
HDFCBANK,2025-06-20,15:16:00,1965.4,1965.4,1964.1,1964.3,368
HDFCBANK,2025-06-20,15:17:00,1964.6,1964.6,1962.75,1963.3,634
HDFCBANK,2025-06-20,15:18:00,1963.35,1965.95,1962.1,1965.95,1597
HDFCBANK,2025-06-20,15:19:00,1963.85,1965.0,1963.6,1965.0,437
HDFCBANK,2025-06-20,15:20:00,1964.95,1966.9,1964.6,1966.5,436
HDFCBANK,2025-06-20,15:21:00,1966.9,1967.0,1966.2,1966.5,342
HDFCBANK,2025-06-20,15:22:00,1966.5,1967.7,1966.5,1967.7,1261
HDFCBANK,2025-06-20,15:23:00,1967.15,1969.15,1967.15,1967.85,2732
HDFCBANK,2025-06-20,15:24:00,1967.75,1968.75,1967.0,1967.3,34833
HDFCBANK,2025-06-20,15:25:00,1967.95,1968.0,1964.6,1965.4,392
HDFCBANK,2025-06-20,15:26:00,1964.95,1964.95,1962.65,1963.25,110
HDFCBANK,2025-06-20,15:27:00,1963.9,1967.95,1963.9,1966.45,453
HDFCBANK,2025-06-20,15:28:00,1967.95,1967.95,1964.25,1965.5,321
HDFCBANK,2025-06-20,15:29:00,1965.0,1968.6,1963.6,1964.5,2286
RELIANCE,2025-06-20,09:15:00,1430.0,1436.85,1428.1,1435.95,8675
RELIANCE,2025-06-20,09:16:00,1436.9,1436.9,1433.8,1435.7,812
RELIANCE,2025-06-20,09:17:00,1435.25,1436.6,1435.0,1435.7,778
RELIANCE,2025-06-20,09:18:00,1436.0,1436.65,1435.35,1436.65,1302
RELIANCE,2025-06-20,09:19:00,1436.4,1436.4,1435.0,1435.4,1641
RELIANCE,2025-06-20,09:20:00,1435.3,1436.65,1434.55,1434.85,1750
RELIANCE,2025-06-20,09:21:00,1434.85,1435.05,1433.25,1433.25,704
RELIANCE,2025-06-20,09:22:00,1433.15,1434.05,1432.55,1433.2,613
RELIANCE,2025-06-20,09:23:00,1434.0,1435.1,1433.15,1434.85,2037
RELIANCE,2025-06-20,09:24:00,1433.45,1435.2,1433.0,1434.65,2660
RELIANCE,2025-06-20,09:25:00,1435.5,1436.25,1435.05,1435.7,1821
RELIANCE,2025-06-20,09:26:00,1435.65,1436.1,1434.35,1434.35,281
RELIANCE,2025-06-20,09:27:00,1434.3,1435.0,1434.0,1434.6,939
RELIANCE,2025-06-20,09:28:00,1435.6,1436.55,1435.1,1435.9,1379
RELIANCE,2025-06-20,09:29:00,1435.6,1436.0,1435.2,1435.65,307
RELIANCE,2025-06-20,09:30:00,1435.95,1437.05,1435.65,1437.0,1332
RELIANCE,2025-06-20,09:31:00,1436.9,1436.95,1435.3,1435.55,1052
RELIANCE,2025-06-20,09:32:00,1436.05,1436.05,1435.0,1435.65,288
RELIANCE,2025-06-20,09:33:00,1434.8,1435.75,1434.65,1435.3,401
RELIANCE,2025-06-20,09:34:00,1435.55,1436.1,1434.8,1435.8,1449
RELIANCE,2025-06-20,09:35:00,1436.4,1436.5,1435.45,1435.8,405
RELIANCE,2025-06-20,09:36:00,1435.8,1436.85,1435.55,1436.65,347
RELIANCE,2025-06-20,09:37:00,1436.65,1437.0,1436.15,1437.0,358
RELIANCE,2025-06-20,09:38:00,1436.9,1437.0,1435.95,1436.8,119
RELIANCE,2025-06-20,09:39:00,1436.45,1436.8,1435.55,1435.55,429
RELIANCE,2025-06-20,09:40:00,1435.55,1436.25,1435.05,1436.15,945
RELIANCE,2025-06-20,09:41:00,1435.95,1436.55,1434.65,1436.55,1417
RELIANCE,2025-06-20,09:42:00,1436.55,1436.95,1435.6,1436.7,218
RELIANCE,2025-06-20,09:43:00,1436.1,1436.9,1435.75,1436.0,361
RELIANCE,2025-06-20,09:44:00,1436.05,1440.4,1436.05,1439.9,6193
RELIANCE,2025-06-20,09:45:00,1440.55,1443.5,1440.2,1441.0,4270
RELIANCE,2025-06-20,09:46:00,1440.2,1443.2,1440.2,1442.7,929
RELIANCE,2025-06-20,09:47:00,1442.55,1442.7,1441.75,1441.85,701
RELIANCE,2025-06-20,09:48:00,1441.7,1442.65,1441.25,1442.45,2124
RELIANCE,2025-06-20,09:49:00,1442.45,1442.9,1441.55,1441.55,2279
RELIANCE,2025-06-20,09:50:00,1442.4,1442.7,1441.55,1442.6,651
RELIANCE,2025-06-20,09:51:00,1442.5,1442.5,1441.85,1441.85,466
RELIANCE,2025-06-20,09:52:00,1442.0,1442.0,1441.2,1441.2,494
RELIANCE,2025-06-20,09:53:00,1441.2,1442.3,1441.15,1441.9,1350
RELIANCE,2025-06-20,09:54:00,1441.9,1442.3,1441.3,1442.3,798
RELIANCE,2025-06-20,09:55:00,1442.2,1442.8,1441.8,1442.15,360
RELIANCE,2025-06-20,09:56:00,1441.8,1442.15,1440.95,1440.95,1384
RELIANCE,2025-06-20,09:57:00,1440.95,1441.45,1440.25,1440.35,1060
RELIANCE,2025-06-20,09:58:00,1440.35,1441.9,1440.25,1441.9,1157
RELIANCE,2025-06-20,09:59:00,1442.0,1442.0,1441.05,1441.05,194
RELIANCE,2025-06-20,10:00:00,1441.35,1442.7,1441.1,1441.1,475
RELIANCE,2025-06-20,10:01:00,1441.15,1442.25,1441.15,1442.0,1746
RELIANCE,2025-06-20,10:02:00,1442.0,1442.0,1441.1,1441.1,228
RELIANCE,2025-06-20,10:03:00,1441.1,1441.8,1441.0,1441.05,719
RELIANCE,2025-06-20,10:04:00,1441.1,1441.7,1440.95,1440.95,491
RELIANCE,2025-06-20,10:05:00,1441.7,1442.7,1440.95,1442.0,570
RELIANCE,2025-06-20,10:06:00,1442.7,1444.55,1442.2,1443.4,2517
RELIANCE,2025-06-20,10:07:00,1443.15,1444.35,1443.1,1443.95,435
RELIANCE,2025-06-20,10:08:00,1443.95,1445.0,1443.1,1444.1,1607
RELIANCE,2025-06-20,10:09:00,1444.9,1444.9,1443.55,1444.25,274
RELIANCE,2025-06-20,10:10:00,1444.65,1444.65,1443.55,1443.85,525
RELIANCE,2025-06-20,10:11:00,1443.75,1446.55,1443.75,1445.65,4635
RELIANCE,2025-06-20,10:12:00,1446.7,1447.55,1445.7,1447.55,2064
RELIANCE,2025-06-20,10:13:00,1447.6,1447.6,1446.05,1446.05,170
RELIANCE,2025-06-20,10:14:00,1446.1,1447.95,1446.1,1447.1,2630
RELIANCE,2025-06-20,10:15:00,1447.1,1449.0,1447.1,1449.0,1995
RELIANCE,2025-06-20,10:16:00,1449.0,1449.9,1447.8,1447.9,4014
RELIANCE,2025-06-20,10:17:00,1448.05,1450.0,1448.05,1449.3,1508
RELIANCE,2025-06-20,10:18:00,1449.05,1451.75,1449.05,1451.75,8545
RELIANCE,2025-06-20,10:19:00,1450.75,1452.0,1450.3,1451.1,2678
RELIANCE,2025-06-20,10:20:00,1451.75,1453.9,1451.75,1452.5,4669
RELIANCE,2025-06-20,10:21:00,1452.6,1453.95,1452.5,1453.8,2251
RELIANCE,2025-06-20,10:22:00,1453.6,1454.9,1452.4,1454.2,5723
RELIANCE,2025-06-20,10:23:00,1454.85,1454.9,1453.0,1453.0,1744
RELIANCE,2025-06-20,10:24:00,1454.45,1456.55,1453.6,1456.0,12532
RELIANCE,2025-06-20,10:25:00,1456.55,1457.5,1455.6,1456.7,3016
RELIANCE,2025-06-20,10:26:00,1457.45,1458.6,1456.2,1457.45,4790
RELIANCE,2025-06-20,10:27:00,1457.8,1458.75,1457.0,1457.6,1276
RELIANCE,2025-06-20,10:28:00,1457.0,1457.75,1455.35,1456.0,2344
RELIANCE,2025-06-20,10:29:00,1455.6,1456.6,1455.0,1456.2,736
RELIANCE,2025-06-20,10:30:00,1456.2,1457.0,1455.35,1456.05,1230
RELIANCE,2025-06-20,10:31:00,1457.0,1457.9,1455.0,1455.0,2143
RELIANCE,2025-06-20,10:32:00,1455.0,1456.0,1453.75,1455.4,2971
RELIANCE,2025-06-20,10:33:00,1455.3,1457.25,1455.3,1457.0,1596
RELIANCE,2025-06-20,10:34:00,1457.1,1457.8,1456.65,1457.0,1597
RELIANCE,2025-06-20,10:35:00,1457.0,1457.6,1456.6,1457.4,1055
RELIANCE,2025-06-20,10:36:00,1456.65,1457.6,1456.4,1457.55,1503
RELIANCE,2025-06-20,10:37:00,1456.7,1457.4,1456.15,1456.4,560
RELIANCE,2025-06-20,10:38:00,1457.0,1457.35,1456.0,1456.0,721
RELIANCE,2025-06-20,10:39:00,1455.5,1456.0,1454.9,1455.0,1769
RELIANCE,2025-06-20,10:40:00,1455.05,1456.5,1455.05,1456.5,4088
RELIANCE,2025-06-20,10:41:00,1456.5,1457.35,1455.45,1455.6,1271
RELIANCE,2025-06-20,10:42:00,1456.0,1456.25,1455.25,1455.25,849
RELIANCE,2025-06-20,10:43:00,1455.6,1455.95,1455.5,1455.7,357
RELIANCE,2025-06-20,10:44:00,1455.8,1456.0,1455.1,1455.5,1410
RELIANCE,2025-06-20,10:45:00,1455.5,1456.4,1455.45,1456.0,1354
RELIANCE,2025-06-20,10:46:00,1456.1,1456.55,1455.6,1456.0,1901
RELIANCE,2025-06-20,10:47:00,1456.1,1456.9,1456.0,1456.0,937
RELIANCE,2025-06-20,10:48:00,1456.0,1456.5,1454.8,1455.95,2041
RELIANCE,2025-06-20,10:49:00,1456.0,1456.5,1455.15,1455.15,611
RELIANCE,2025-06-20,10:50:00,1455.4,1456.7,1455.4,1456.3,765
RELIANCE,2025-06-20,10:51:00,1456.75,1457.35,1456.35,1456.55,2132
RELIANCE,2025-06-20,10:52:00,1456.4,1457.45,1456.4,1457.0,1339
RELIANCE,2025-06-20,10:53:00,1456.65,1457.5,1456.35,1456.35,375
RELIANCE,2025-06-20,10:54:00,1456.35,1457.0,1455.7,1456.0,225
RELIANCE,2025-06-20,10:55:00,1456.95,1456.95,1455.85,1456.25,259
RELIANCE,2025-06-20,10:56:00,1456.0,1456.9,1455.8,1455.8,2425
RELIANCE,2025-06-20,10:57:00,1456.5,1456.85,1455.6,1456.3,556
RELIANCE,2025-06-20,10:58:00,1456.7,1456.7,1455.55,1455.55,774
RELIANCE,2025-06-20,10:59:00,1455.55,1455.55,1454.5,1455.5,1537
RELIANCE,2025-06-20,11:00:00,1455.5,1456.25,1455.1,1456.0,1233
RELIANCE,2025-06-20,11:01:00,1456.2,1456.5,1455.5,1455.65,414
RELIANCE,2025-06-20,11:02:00,1455.8,1456.45,1455.4,1455.7,586
RELIANCE,2025-06-20,11:03:00,1456.2,1456.3,1455.8,1456.0,450
RELIANCE,2025-06-20,11:04:00,1455.85,1456.4,1455.6,1455.65,281
RELIANCE,2025-06-20,11:05:00,1455.7,1456.35,1455.7,1455.7,934
RELIANCE,2025-06-20,11:06:00,1456.0,1456.3,1454.3,1455.15,529
RELIANCE,2025-06-20,11:07:00,1455.85,1456.0,1454.55,1455.05,1176
RELIANCE,2025-06-20,11:08:00,1455.0,1455.25,1454.5,1455.25,192
RELIANCE,2025-06-20,11:09:00,1454.7,1456.0,1454.7,1455.5,1532
RELIANCE,2025-06-20,11:10:00,1455.5,1456.0,1454.9,1454.9,764
RELIANCE,2025-06-20,11:11:00,1455.6,1455.6,1453.05,1453.05,917
RELIANCE,2025-06-20,11:12:00,1453.15,1454.9,1453.15,1454.45,1314
RELIANCE,2025-06-20,11:13:00,1454.0,1455.0,1454.0,1454.1,1873
RELIANCE,2025-06-20,11:14:00,1454.2,1455.0,1454.2,1454.2,524
RELIANCE,2025-06-20,11:15:00,1454.4,1454.8,1453.5,1453.8,587
RELIANCE,2025-06-20,11:16:00,1453.95,1455.0,1453.6,1453.6,198
RELIANCE,2025-06-20,11:17:00,1453.95,1454.45,1453.55,1454.0,349
RELIANCE,2025-06-20,11:18:00,1453.4,1453.95,1453.0,1453.75,947
RELIANCE,2025-06-20,11:19:00,1453.05,1453.15,1452.1,1452.1,165
RELIANCE,2025-06-20,11:20:00,1452.8,1453.15,1452.05,1452.1,941
RELIANCE,2025-06-20,11:21:00,1453.0,1453.0,1452.2,1452.6,197
RELIANCE,2025-06-20,11:22:00,1452.6,1453.0,1452.4,1453.0,481
RELIANCE,2025-06-20,11:23:00,1452.65,1453.7,1452.65,1453.7,250
RELIANCE,2025-06-20,11:24:00,1453.75,1454.0,1452.3,1452.8,830
RELIANCE,2025-06-20,11:25:00,1453.0,1454.4,1453.0,1454.4,1344
RELIANCE,2025-06-20,11:26:00,1455.0,1455.2,1454.5,1454.5,1448
RELIANCE,2025-06-20,11:27:00,1453.8,1454.5,1453.8,1454.05,3861
RELIANCE,2025-06-20,11:28:00,1454.7,1454.7,1453.55,1454.4,616
RELIANCE,2025-06-20,11:29:00,1454.35,1454.35,1453.3,1454.0,265
RELIANCE,2025-06-20,11:30:00,1454.0,1454.5,1453.3,1454.5,1462
RELIANCE,2025-06-20,11:31:00,1454.5,1454.5,1453.7,1454.45,146
RELIANCE,2025-06-20,11:32:00,1453.8,1454.45,1452.6,1452.6,218
RELIANCE,2025-06-20,11:33:00,1452.5,1453.2,1452.2,1452.2,379
RELIANCE,2025-06-20,11:34:00,1452.2,1453.0,1452.05,1453.0,672
RELIANCE,2025-06-20,11:35:00,1453.0,1453.05,1452.5,1453.0,736
RELIANCE,2025-06-20,11:36:00,1452.75,1453.1,1452.55,1453.0,591
RELIANCE,2025-06-20,11:37:00,1452.6,1452.8,1451.9,1452.0,1579
RELIANCE,2025-06-20,11:38:00,1451.3,1452.3,1451.3,1451.55,1069
RELIANCE,2025-06-20,11:39:00,1451.7,1453.4,1451.7,1453.1,1303
RELIANCE,2025-06-20,11:40:00,1453.3,1454.7,1453.2,1454.0,1866
RELIANCE,2025-06-20,11:41:00,1454.7,1454.7,1453.5,1453.55,521
RELIANCE,2025-06-20,11:42:00,1453.45,1454.25,1453.3,1453.5,1601
RELIANCE,2025-06-20,11:43:00,1454.0,1454.0,1452.35,1452.35,545
RELIANCE,2025-06-20,11:44:00,1452.15,1452.2,1451.55,1452.2,128
RELIANCE,2025-06-20,11:45:00,1452.15,1452.2,1451.25,1451.5,1191
RELIANCE,2025-06-20,11:46:00,1451.5,1452.85,1451.5,1452.6,150
RELIANCE,2025-06-20,11:47:00,1452.6,1452.8,1451.7,1452.4,317
RELIANCE,2025-06-20,11:48:00,1453.0,1453.0,1452.2,1452.7,54
RELIANCE,2025-06-20,11:49:00,1452.0,1452.9,1452.0,1452.9,288
RELIANCE,2025-06-20,11:50:00,1452.9,1452.9,1451.8,1452.7,231
RELIANCE,2025-06-20,11:51:00,1452.6,1452.6,1451.5,1452.0,707
RELIANCE,2025-06-20,11:52:00,1451.65,1452.8,1451.65,1452.8,187
RELIANCE,2025-06-20,11:53:00,1452.7,1452.7,1452.0,1452.6,116
RELIANCE,2025-06-20,11:54:00,1452.6,1452.6,1451.35,1451.6,226
RELIANCE,2025-06-20,11:55:00,1451.6,1451.95,1450.65,1450.65,642
RELIANCE,2025-06-20,11:56:00,1450.8,1451.95,1450.7,1451.95,519
RELIANCE,2025-06-20,11:57:00,1451.6,1452.45,1451.2,1451.4,432
RELIANCE,2025-06-20,11:58:00,1452.0,1452.0,1451.4,1451.4,268
RELIANCE,2025-06-20,11:59:00,1451.4,1452.7,1451.4,1452.45,972
RELIANCE,2025-06-20,12:00:00,1452.25,1452.5,1451.55,1451.55,525
RELIANCE,2025-06-20,12:01:00,1451.55,1452.1,1451.5,1452.1,236
RELIANCE,2025-06-20,12:02:00,1451.55,1451.85,1451.0,1451.0,213
RELIANCE,2025-06-20,12:03:00,1451.0,1451.6,1451.0,1451.0,124
RELIANCE,2025-06-20,12:04:00,1451.65,1451.65,1451.0,1451.3,569
RELIANCE,2025-06-20,12:05:00,1451.3,1451.9,1451.0,1451.0,519
RELIANCE,2025-06-20,12:06:00,1451.0,1451.5,1451.0,1451.1,300
RELIANCE,2025-06-20,12:07:00,1452.0,1452.8,1451.7,1452.2,317
RELIANCE,2025-06-20,12:08:00,1452.2,1452.2,1451.2,1451.2,321
RELIANCE,2025-06-20,12:09:00,1451.2,1451.2,1451.2,1451.2,148
RELIANCE,2025-06-20,12:10:00,1451.8,1451.8,1451.0,1451.7,112
RELIANCE,2025-06-20,12:11:00,1451.7,1451.8,1451.1,1451.1,123
RELIANCE,2025-06-20,12:12:00,1451.1,1451.4,1450.45,1450.5,832
RELIANCE,2025-06-20,12:13:00,1451.35,1451.4,1450.4,1451.0,473
RELIANCE,2025-06-20,12:14:00,1450.75,1451.4,1450.55,1450.55,474
RELIANCE,2025-06-20,12:15:00,1450.7,1451.65,1450.7,1451.0,95
RELIANCE,2025-06-20,12:16:00,1451.2,1451.2,1451.0,1451.0,289
RELIANCE,2025-06-20,12:17:00,1450.7,1451.65,1450.5,1450.8,406
RELIANCE,2025-06-20,12:18:00,1451.35,1451.45,1450.0,1450.0,1402
RELIANCE,2025-06-20,12:19:00,1450.75,1450.95,1449.85,1450.0,1217
RELIANCE,2025-06-20,12:20:00,1450.0,1450.5,1449.6,1449.6,460
RELIANCE,2025-06-20,12:21:00,1449.15,1450.0,1449.1,1449.1,662
RELIANCE,2025-06-20,12:22:00,1449.9,1449.9,1448.75,1449.3,735
RELIANCE,2025-06-20,12:23:00,1449.2,1450.0,1449.05,1450.0,320
RELIANCE,2025-06-20,12:24:00,1450.0,1450.15,1448.6,1448.6,252
RELIANCE,2025-06-20,12:25:00,1449.45,1449.45,1448.0,1448.05,159
RELIANCE,2025-06-20,12:26:00,1448.05,1448.85,1447.9,1448.0,1432
RELIANCE,2025-06-20,12:27:00,1448.0,1449.0,1448.0,1448.75,326
RELIANCE,2025-06-20,12:28:00,1448.7,1448.7,1447.1,1447.1,1150
RELIANCE,2025-06-20,12:29:00,1447.3,1448.25,1447.3,1448.0,2083
RELIANCE,2025-06-20,12:30:00,1448.0,1448.0,1447.6,1447.6,267
RELIANCE,2025-06-20,12:31:00,1447.65,1448.0,1447.1,1447.1,1504
RELIANCE,2025-06-20,12:32:00,1447.1,1448.1,1447.05,1448.1,2475
RELIANCE,2025-06-20,12:33:00,1447.2,1448.1,1447.2,1448.0,1691
RELIANCE,2025-06-20,12:34:00,1447.8,1447.8,1447.0,1447.0,1299
RELIANCE,2025-06-20,12:35:00,1446.65,1447.9,1446.65,1447.0,668
RELIANCE,2025-06-20,12:36:00,1447.8,1448.0,1447.05,1447.7,370
RELIANCE,2025-06-20,12:37:00,1447.3,1448.65,1447.25,1447.85,3348
RELIANCE,2025-06-20,12:38:00,1448.6,1448.85,1447.2,1447.5,10227
RELIANCE,2025-06-20,12:39:00,1447.65,1448.4,1447.65,1447.85,283
RELIANCE,2025-06-20,12:40:00,1447.85,1449.25,1447.85,1448.9,7262
RELIANCE,2025-06-20,12:41:00,1448.85,1448.85,1448.1,1448.2,122
RELIANCE,2025-06-20,12:42:00,1448.2,1449.1,1448.2,1449.1,107
RELIANCE,2025-06-20,12:43:00,1449.7,1450.0,1448.85,1450.0,270
RELIANCE,2025-06-20,12:44:00,1449.2,1450.0,1449.05,1449.8,157
RELIANCE,2025-06-20,12:45:00,1449.6,1449.6,1449.05,1449.1,44
RELIANCE,2025-06-20,12:46:00,1449.15,1450.2,1449.15,1450.2,896
RELIANCE,2025-06-20,12:47:00,1450.2,1451.0,1450.2,1451.0,387
RELIANCE,2025-06-20,12:48:00,1450.4,1450.75,1450.2,1450.75,162
RELIANCE,2025-06-20,12:49:00,1450.55,1451.0,1450.4,1451.0,2362
RELIANCE,2025-06-20,12:50:00,1452.0,1452.0,1451.1,1452.0,539
RELIANCE,2025-06-20,12:51:00,1451.3,1452.85,1451.3,1452.8,3129
RELIANCE,2025-06-20,12:52:00,1452.8,1452.8,1451.75,1451.95,3316
RELIANCE,2025-06-20,12:53:00,1452.2,1453.0,1452.2,1453.0,149
RELIANCE,2025-06-20,12:54:00,1452.3,1453.45,1452.3,1453.45,3185
RELIANCE,2025-06-20,12:55:00,1453.35,1453.35,1451.75,1452.7,2683
RELIANCE,2025-06-20,12:56:00,1451.95,1452.75,1451.9,1452.0,279
RELIANCE,2025-06-20,12:57:00,1452.0,1452.2,1451.75,1451.95,852
RELIANCE,2025-06-20,12:58:00,1451.8,1452.8,1451.8,1452.2,301
RELIANCE,2025-06-20,12:59:00,1452.8,1453.3,1452.4,1453.2,2650
RELIANCE,2025-06-20,13:00:00,1453.25,1453.25,1451.95,1451.95,1451
RELIANCE,2025-06-20,13:01:00,1451.95,1452.55,1451.75,1452.5,2282
RELIANCE,2025-06-20,13:02:00,1452.65,1452.65,1452.0,1452.0,4
RELIANCE,2025-06-20,13:03:00,1452.0,1452.5,1451.55,1451.55,213
RELIANCE,2025-06-20,13:04:00,1452.5,1452.5,1452.05,1452.05,137
RELIANCE,2025-06-20,13:05:00,1452.0,1452.35,1451.0,1451.0,653
RELIANCE,2025-06-20,13:06:00,1451.0,1452.0,1451.0,1451.45,198
RELIANCE,2025-06-20,13:07:00,1452.0,1453.1,1451.65,1453.1,2548
RELIANCE,2025-06-20,13:08:00,1453.1,1453.15,1451.4,1451.8,3999
RELIANCE,2025-06-20,13:09:00,1451.8,1452.7,1451.6,1452.7,383
RELIANCE,2025-06-20,13:10:00,1452.7,1452.7,1451.75,1451.75,48
RELIANCE,2025-06-20,13:11:00,1452.65,1452.65,1451.65,1452.0,156
RELIANCE,2025-06-20,13:12:00,1452.2,1452.5,1451.8,1451.8,79
RELIANCE,2025-06-20,13:13:00,1452.0,1452.3,1452.0,1452.0,70
RELIANCE,2025-06-20,13:14:00,1452.0,1452.0,1451.5,1451.5,126
RELIANCE,2025-06-20,13:15:00,1451.5,1452.0,1451.5,1451.5,297
RELIANCE,2025-06-20,13:16:00,1451.5,1452.0,1451.5,1452.0,299
RELIANCE,2025-06-20,13:17:00,1452.0,1452.0,1451.8,1452.0,56
RELIANCE,2025-06-20,13:18:00,1452.0,1452.9,1451.8,1452.3,2181
RELIANCE,2025-06-20,13:19:00,1453.6,1454.95,1453.2,1454.95,5033
RELIANCE,2025-06-20,13:20:00,1455.0,1455.0,1453.55,1453.55,1963
RELIANCE,2025-06-20,13:21:00,1453.55,1454.0,1453.2,1453.3,105
RELIANCE,2025-06-20,13:22:00,1453.2,1454.2,1453.05,1453.05,3164
RELIANCE,2025-06-20,13:23:00,1453.0,1454.05,1452.45,1453.4,3194
RELIANCE,2025-06-20,13:24:00,1453.6,1453.6,1453.1,1453.1,24
RELIANCE,2025-06-20,13:25:00,1452.85,1454.0,1452.85,1454.0,138
RELIANCE,2025-06-20,13:26:00,1454.3,1454.3,1453.4,1453.7,2416
RELIANCE,2025-06-20,13:27:00,1454.2,1454.85,1453.7,1454.25,475
RELIANCE,2025-06-20,13:28:00,1454.85,1455.0,1454.45,1454.45,690
RELIANCE,2025-06-20,13:29:00,1454.45,1455.0,1454.2,1455.0,345
RELIANCE,2025-06-20,13:30:00,1454.85,1454.85,1454.15,1454.75,75
RELIANCE,2025-06-20,13:31:00,1454.4,1454.75,1454.05,1454.2,826
RELIANCE,2025-06-20,13:32:00,1454.75,1455.0,1454.45,1454.6,953
RELIANCE,2025-06-20,13:33:00,1454.6,1455.0,1454.25,1454.9,558
RELIANCE,2025-06-20,13:34:00,1454.2,1454.75,1454.05,1454.05,238
RELIANCE,2025-06-20,13:35:00,1454.0,1454.8,1453.85,1453.85,510
RELIANCE,2025-06-20,13:36:00,1453.9,1454.65,1453.55,1453.55,158
RELIANCE,2025-06-20,13:37:00,1454.0,1454.2,1453.2,1453.55,174
RELIANCE,2025-06-20,13:38:00,1453.45,1454.5,1453.4,1453.6,570
RELIANCE,2025-06-20,13:39:00,1453.5,1453.5,1453.3,1453.3,111
RELIANCE,2025-06-20,13:40:00,1453.35,1453.9,1453.2,1453.9,535
RELIANCE,2025-06-20,13:41:00,1453.2,1453.85,1452.95,1452.95,144
RELIANCE,2025-06-20,13:42:00,1452.9,1453.45,1452.3,1452.7,243
RELIANCE,2025-06-20,13:43:00,1452.7,1453.5,1452.7,1453.5,103
RELIANCE,2025-06-20,13:44:00,1453.5,1453.75,1453.1,1453.1,283
RELIANCE,2025-06-20,13:45:00,1453.1,1453.3,1452.5,1452.5,135
RELIANCE,2025-06-20,13:46:00,1453.0,1453.0,1452.4,1452.6,75
RELIANCE,2025-06-20,13:47:00,1453.0,1453.3,1452.8,1453.0,356
RELIANCE,2025-06-20,13:48:00,1453.3,1453.3,1452.8,1452.9,346
RELIANCE,2025-06-20,13:49:00,1453.0,1453.3,1452.7,1453.25,498
RELIANCE,2025-06-20,13:50:00,1453.3,1453.3,1452.8,1453.0,581
RELIANCE,2025-06-20,13:51:00,1452.9,1453.0,1452.5,1452.75,77
RELIANCE,2025-06-20,13:52:00,1452.5,1453.35,1452.5,1453.0,292
RELIANCE,2025-06-20,13:53:00,1453.0,1453.55,1452.5,1453.55,2280
RELIANCE,2025-06-20,13:54:00,1453.7,1453.7,1453.2,1453.3,498
RELIANCE,2025-06-20,13:55:00,1453.2,1453.7,1453.2,1453.35,197
RELIANCE,2025-06-20,13:56:00,1454.0,1454.0,1453.4,1453.95,205
RELIANCE,2025-06-20,13:57:00,1454.0,1454.0,1453.6,1453.6,6
RELIANCE,2025-06-20,13:58:00,1453.2,1453.4,1452.8,1453.25,127
RELIANCE,2025-06-20,13:59:00,1452.6,1453.45,1452.6,1452.65,677
RELIANCE,2025-06-20,14:00:00,1452.85,1453.6,1452.85,1453.4,77
RELIANCE,2025-06-20,14:01:00,1453.0,1454.0,1453.0,1453.95,352
RELIANCE,2025-06-20,14:02:00,1453.1,1453.9,1453.05,1453.1,149
RELIANCE,2025-06-20,14:03:00,1453.2,1453.9,1453.1,1453.9,114
RELIANCE,2025-06-20,14:04:00,1453.8,1454.0,1453.15,1453.75,295
RELIANCE,2025-06-20,14:05:00,1453.75,1453.75,1453.25,1453.75,16
RELIANCE,2025-06-20,14:06:00,1453.25,1454.0,1453.25,1454.0,374
RELIANCE,2025-06-20,14:07:00,1453.8,1454.0,1453.6,1453.75,683
RELIANCE,2025-06-20,14:08:00,1454.0,1454.0,1453.5,1453.5,1334
RELIANCE,2025-06-20,14:09:00,1453.5,1453.95,1453.25,1453.35,430
RELIANCE,2025-06-20,14:10:00,1453.5,1454.0,1453.0,1453.0,2407
RELIANCE,2025-06-20,14:11:00,1453.0,1454.0,1453.0,1454.0,757
RELIANCE,2025-06-20,14:12:00,1454.0,1454.4,1453.4,1454.4,907
RELIANCE,2025-06-20,14:13:00,1454.4,1454.4,1453.7,1453.9,498
RELIANCE,2025-06-20,14:14:00,1454.4,1454.45,1453.7,1453.8,509
RELIANCE,2025-06-20,14:15:00,1453.8,1454.5,1453.8,1454.5,654
RELIANCE,2025-06-20,14:16:00,1453.6,1454.5,1453.6,1453.7,165
RELIANCE,2025-06-20,14:17:00,1454.45,1454.45,1453.65,1454.0,301
RELIANCE,2025-06-20,14:18:00,1454.5,1454.7,1454.0,1454.05,1963
RELIANCE,2025-06-20,14:19:00,1454.05,1454.6,1453.65,1453.65,422
RELIANCE,2025-06-20,14:20:00,1454.2,1454.2,1453.0,1453.5,57
RELIANCE,2025-06-20,14:21:00,1453.0,1453.8,1452.85,1453.8,329
RELIANCE,2025-06-20,14:22:00,1453.1,1454.2,1453.1,1453.6,2015
RELIANCE,2025-06-20,14:23:00,1453.7,1454.55,1453.7,1454.2,1538
RELIANCE,2025-06-20,14:24:00,1454.5,1454.5,1453.7,1454.2,133
RELIANCE,2025-06-20,14:25:00,1454.0,1454.0,1453.5,1454.0,350
RELIANCE,2025-06-20,14:26:00,1453.6,1454.25,1453.4,1454.25,524
RELIANCE,2025-06-20,14:27:00,1453.4,1454.2,1453.35,1453.5,813
RELIANCE,2025-06-20,14:28:00,1454.1,1454.2,1453.6,1453.6,280
RELIANCE,2025-06-20,14:29:00,1454.0,1454.0,1453.45,1454.0,16
RELIANCE,2025-06-20,14:30:00,1454.0,1454.0,1453.4,1453.5,338
RELIANCE,2025-06-20,14:31:00,1454.0,1454.0,1453.4,1454.0,511
RELIANCE,2025-06-20,14:32:00,1453.4,1454.0,1453.3,1453.4,998
RELIANCE,2025-06-20,14:33:00,1453.95,1454.0,1453.4,1453.5,36
RELIANCE,2025-06-20,14:34:00,1453.5,1453.95,1453.4,1453.4,256
RELIANCE,2025-06-20,14:35:00,1453.5,1453.7,1452.9,1452.9,316
RELIANCE,2025-06-20,14:36:00,1453.55,1453.95,1453.3,1453.5,585
RELIANCE,2025-06-20,14:37:00,1453.95,1454.15,1453.5,1453.7,3449
RELIANCE,2025-06-20,14:38:00,1453.6,1454.35,1453.5,1453.7,381
RELIANCE,2025-06-20,14:39:00,1454.4,1454.9,1454.1,1454.9,1120
RELIANCE,2025-06-20,14:40:00,1455.0,1455.35,1454.65,1455.35,5577
RELIANCE,2025-06-20,14:41:00,1455.35,1455.4,1455.0,1455.05,186
RELIANCE,2025-06-20,14:42:00,1455.4,1455.4,1454.7,1455.3,206
RELIANCE,2025-06-20,14:43:00,1454.6,1455.2,1454.35,1454.35,109
RELIANCE,2025-06-20,14:44:00,1455.0,1455.0,1454.0,1454.6,120
RELIANCE,2025-06-20,14:45:00,1454.1,1454.1,1453.45,1454.0,658
RELIANCE,2025-06-20,14:46:00,1453.55,1454.45,1453.55,1454.25,165
RELIANCE,2025-06-20,14:47:00,1453.65,1454.25,1453.35,1453.6,855
RELIANCE,2025-06-20,14:48:00,1454.35,1454.35,1453.8,1453.9,50
RELIANCE,2025-06-20,14:49:00,1454.35,1454.9,1454.0,1454.0,509
RELIANCE,2025-06-20,14:50:00,1454.0,1454.5,1453.5,1453.5,326
RELIANCE,2025-06-20,14:51:00,1454.0,1454.0,1453.4,1453.95,126
RELIANCE,2025-06-20,14:52:00,1453.95,1454.25,1453.35,1453.45,644
RELIANCE,2025-06-20,14:53:00,1454.2,1454.3,1453.3,1453.3,184
RELIANCE,2025-06-20,14:54:00,1453.3,1454.0,1453.3,1453.4,421
RELIANCE,2025-06-20,14:55:00,1453.95,1453.95,1453.3,1453.3,243
RELIANCE,2025-06-20,14:56:00,1453.75,1454.0,1453.3,1453.3,3041
RELIANCE,2025-06-20,14:57:00,1453.55,1453.55,1452.6,1452.6,3655
RELIANCE,2025-06-20,14:58:00,1452.6,1453.3,1452.6,1452.6,486
RELIANCE,2025-06-20,14:59:00,1452.6,1453.3,1452.6,1453.0,1834
RELIANCE,2025-06-20,15:00:00,1453.65,1459.8,1452.9,1459.8,35504
RELIANCE,2025-06-20,15:01:00,1460.0,1464.9,1459.45,1464.2,43781
RELIANCE,2025-06-20,15:02:00,1464.05,1468.0,1464.05,1467.0,37251
RELIANCE,2025-06-20,15:03:00,1467.6,1468.0,1463.05,1466.5,12100
RELIANCE,2025-06-20,15:04:00,1465.6,1466.45,1463.8,1465.05,6679
RELIANCE,2025-06-20,15:05:00,1464.95,1467.0,1463.35,1466.1,7341
RELIANCE,2025-06-20,15:06:00,1466.1,1467.95,1465.95,1467.3,13733
RELIANCE,2025-06-20,15:07:00,1467.3,1467.9,1465.5,1466.1,2200
RELIANCE,2025-06-20,15:08:00,1466.1,1467.0,1464.9,1466.2,2022
RELIANCE,2025-06-20,15:09:00,1466.0,1467.0,1465.0,1465.35,2731
RELIANCE,2025-06-20,15:10:00,1465.35,1467.0,1465.3,1467.0,3604
RELIANCE,2025-06-20,15:11:00,1466.75,1467.25,1465.95,1466.15,4263
RELIANCE,2025-06-20,15:12:00,1466.1,1466.85,1465.9,1466.0,2346
RELIANCE,2025-06-20,15:13:00,1466.0,1466.6,1465.6,1465.9,3475
RELIANCE,2025-06-20,15:14:00,1465.9,1467.0,1465.7,1466.6,6535
RELIANCE,2025-06-20,15:15:00,1466.6,1467.5,1465.8,1466.0,3770
RELIANCE,2025-06-20,15:16:00,1467.0,1467.5,1465.95,1466.5,9719
RELIANCE,2025-06-20,15:17:00,1466.5,1467.0,1466.1,1466.95,3093
RELIANCE,2025-06-20,15:18:00,1466.8,1467.5,1466.4,1467.0,3065
RELIANCE,2025-06-20,15:19:00,1467.5,1469.0,1467.0,1468.5,12731
RELIANCE,2025-06-20,15:20:00,1468.0,1468.95,1467.8,1468.0,2182
RELIANCE,2025-06-20,15:21:00,1468.0,1468.9,1467.9,1468.0,2530
RELIANCE,2025-06-20,15:22:00,1468.0,1468.5,1467.1,1467.1,3592
RELIANCE,2025-06-20,15:23:00,1467.1,1467.8,1466.25,1466.25,2551
RELIANCE,2025-06-20,15:24:00,1466.2,1466.8,1465.8,1465.8,3067
RELIANCE,2025-06-20,15:25:00,1465.8,1466.0,1465.7,1465.7,1622
RELIANCE,2025-06-20,15:26:00,1465.7,1466.0,1465.05,1465.8,39701
RELIANCE,2025-06-20,15:27:00,1464.7,1466.75,1464.3,1466.0,7454
RELIANCE,2025-06-20,15:28:00,1466.95,1468.3,1465.9,1467.95,8848
RELIANCE,2025-06-20,15:29:00,1467.3,1470.0,1463.1,1463.5,23737
TCS,2025-06-20,09:15:00,3425.0,3439.9,3425.0,3438.0,16316
TCS,2025-06-20,09:16:00,3437.9,3439.5,3433.7,3436.5,7148
TCS,2025-06-20,09:17:00,3437.9,3439.4,3435.7,3439.4,10195
TCS,2025-06-20,09:18:00,3439.4,3441.0,3436.0,3439.1,6318
TCS,2025-06-20,09:19:00,3439.9,3440.5,3436.1,3437.0,5178
TCS,2025-06-20,09:20:00,3437.0,3439.9,3437.0,3439.1,2919
TCS,2025-06-20,09:21:00,3439.1,3439.7,3432.7,3433.3,4715
TCS,2025-06-20,09:22:00,3433.9,3433.9,3428.1,3430.6,3714
TCS,2025-06-20,09:23:00,3430.1,3431.4,3428.1,3429.0,3729
TCS,2025-06-20,09:24:00,3429.0,3430.0,3426.0,3428.7,2496
TCS,2025-06-20,09:25:00,3428.7,3428.9,3427.0,3428.8,2652
TCS,2025-06-20,09:26:00,3428.7,3428.7,3423.0,3424.3,5493
TCS,2025-06-20,09:27:00,3423.8,3424.8,3421.5,3422.5,3720
TCS,2025-06-20,09:28:00,3423.0,3426.6,3423.0,3425.9,3331
TCS,2025-06-20,09:29:00,3425.5,3426.9,3422.4,3422.4,3865
TCS,2025-06-20,09:30:00,3422.1,3426.1,3422.1,3424.2,4976
TCS,2025-06-20,09:31:00,3424.0,3425.9,3423.0,3425.9,1719
TCS,2025-06-20,09:32:00,3425.1,3426.4,3424.9,3425.0,5415
TCS,2025-06-20,09:33:00,3425.0,3428.3,3424.0,3427.1,1877
TCS,2025-06-20,09:34:00,3427.1,3429.9,3425.3,3428.9,1933
TCS,2025-06-20,09:35:00,3428.4,3431.3,3428.3,3429.7,3119
TCS,2025-06-20,09:36:00,3429.7,3429.7,3427.0,3427.9,2103
TCS,2025-06-20,09:37:00,3428.4,3430.0,3428.0,3428.9,4434
TCS,2025-06-20,09:38:00,3428.9,3429.0,3427.0,3428.4,2368
TCS,2025-06-20,09:39:00,3428.4,3428.9,3425.8,3427.2,1493
TCS,2025-06-20,09:40:00,3426.6,3428.4,3426.6,3427.8,1368
TCS,2025-06-20,09:41:00,3427.4,3428.1,3425.7,3427.3,1702
TCS,2025-06-20,09:42:00,3428.0,3430.2,3427.4,3429.4,2267
TCS,2025-06-20,09:43:00,3429.3,3430.1,3429.0,3429.0,2407
TCS,2025-06-20,09:44:00,3428.8,3428.8,3426.0,3427.6,2108
TCS,2025-06-20,09:45:00,3427.6,3431.8,3427.0,3430.0,235374
TCS,2025-06-20,09:46:00,3429.7,3432.5,3429.2,3431.7,3724
TCS,2025-06-20,09:47:00,3431.7,3432.3,3431.0,3431.4,1639
TCS,2025-06-20,09:48:00,3431.5,3431.5,3428.8,3429.8,1459
TCS,2025-06-20,09:49:00,3429.8,3430.6,3428.7,3429.1,2962
TCS,2025-06-20,09:50:00,3429.2,3429.2,3426.0,3426.3,2949
TCS,2025-06-20,09:51:00,3426.2,3426.3,3421.7,3421.7,3679
TCS,2025-06-20,09:52:00,3421.6,3423.6,3418.6,3419.5,83329
TCS,2025-06-20,09:53:00,3419.5,3419.5,3414.9,3417.2,5517
TCS,2025-06-20,09:54:00,3417.6,3420.0,3417.6,3419.1,1315
TCS,2025-06-20,09:55:00,3419.9,3420.3,3418.1,3418.7,3502
TCS,2025-06-20,09:56:00,3418.7,3418.7,3417.0,3417.1,1946
TCS,2025-06-20,09:57:00,3417.1,3417.7,3415.9,3416.4,2351
TCS,2025-06-20,09:58:00,3416.8,3418.2,3413.7,3413.7,2913
TCS,2025-06-20,09:59:00,3413.6,3414.5,3411.8,3413.5,2924
TCS,2025-06-20,10:00:00,3413.8,3416.0,3411.0,3411.2,2527
TCS,2025-06-20,10:01:00,3412.0,3413.5,3411.2,3413.5,2100
TCS,2025-06-20,10:02:00,3412.7,3414.9,3411.0,3414.9,3144
TCS,2025-06-20,10:03:00,3414.4,3416.7,3414.1,3414.3,1332
TCS,2025-06-20,10:04:00,3415.3,3416.7,3414.3,3415.4,1130
TCS,2025-06-20,10:05:00,3415.9,3417.9,3415.5,3417.5,1688
TCS,2025-06-20,10:06:00,3416.7,3419.2,3416.7,3419.2,1119
TCS,2025-06-20,10:07:00,3419.2,3419.6,3413.4,3415.0,4947
TCS,2025-06-20,10:08:00,3415.0,3417.7,3414.1,3416.6,1410
TCS,2025-06-20,10:09:00,3416.5,3416.6,3415.0,3415.1,1382
TCS,2025-06-20,10:10:00,3415.1,3417.5,3415.1,3416.4,1140
TCS,2025-06-20,10:11:00,3417.4,3418.9,3416.7,3418.9,2081
TCS,2025-06-20,10:12:00,3418.9,3420.0,3418.9,3419.5,1065
TCS,2025-06-20,10:13:00,3419.3,3420.2,3418.0,3418.0,1970
TCS,2025-06-20,10:14:00,3418.0,3420.0,3417.2,3420.0,1390
TCS,2025-06-20,10:15:00,3419.2,3421.1,3418.0,3419.2,11967
TCS,2025-06-20,10:16:00,3419.5,3420.5,3419.3,3420.5,2210
TCS,2025-06-20,10:17:00,3420.6,3423.7,3419.6,3422.4,2365
TCS,2025-06-20,10:18:00,3422.4,3424.4,3422.4,3424.0,1776
TCS,2025-06-20,10:19:00,3424.0,3424.4,3421.0,3421.1,1929
TCS,2025-06-20,10:20:00,3421.1,3424.4,3421.1,3423.5,2147
TCS,2025-06-20,10:21:00,3423.5,3424.1,3410.9,3418.9,45939
TCS,2025-06-20,10:22:00,3418.9,3419.8,3417.6,3417.7,8445
TCS,2025-06-20,10:23:00,3418.0,3418.0,3416.0,3418.0,6305
TCS,2025-06-20,10:24:00,3417.9,3419.0,3417.5,3418.5,4986
TCS,2025-06-20,10:25:00,3419.0,3421.6,3418.5,3421.6,9455
TCS,2025-06-20,10:26:00,3421.4,3422.7,3420.3,3422.0,2628
TCS,2025-06-20,10:27:00,3422.7,3426.8,3422.7,3426.0,4401
TCS,2025-06-20,10:28:00,3425.2,3426.6,3423.6,3426.3,2961
TCS,2025-06-20,10:29:00,3426.6,3429.7,3426.3,3428.7,3130
TCS,2025-06-20,10:30:00,3428.7,3430.0,3427.4,3429.1,4681
TCS,2025-06-20,10:31:00,3430.0,3432.6,3428.4,3429.3,4464
TCS,2025-06-20,10:32:00,3428.4,3429.3,3426.5,3427.3,8542
TCS,2025-06-20,10:33:00,3427.4,3428.5,3426.5,3427.6,2102
TCS,2025-06-20,10:34:00,3427.6,3430.5,3427.6,3430.0,2310
TCS,2025-06-20,10:35:00,3430.6,3431.0,3428.4,3429.1,5023
TCS,2025-06-20,10:36:00,3429.1,3429.9,3426.0,3427.5,9457
TCS,2025-06-20,10:37:00,3428.6,3429.8,3427.2,3429.1,1248
TCS,2025-06-20,10:38:00,3429.1,3429.5,3427.6,3428.2,2270
TCS,2025-06-20,10:39:00,3428.2,3429.2,3423.1,3423.1,2661
TCS,2025-06-20,10:40:00,3424.1,3425.3,3422.1,3423.5,1781
TCS,2025-06-20,10:41:00,3423.5,3426.6,3420.4,3426.6,5039
TCS,2025-06-20,10:42:00,3426.1,3426.4,3423.5,3424.7,1748
TCS,2025-06-20,10:43:00,3424.1,3425.6,3424.0,3425.0,2558
TCS,2025-06-20,10:44:00,3425.0,3425.0,3423.5,3425.0,2546
TCS,2025-06-20,10:45:00,3425.2,3426.5,3424.6,3425.2,1198
TCS,2025-06-20,10:46:00,3425.0,3426.0,3425.0,3425.7,1374
TCS,2025-06-20,10:47:00,3425.9,3426.0,3423.3,3425.7,2494
TCS,2025-06-20,10:48:00,3425.7,3427.7,3424.6,3427.3,1766
TCS,2025-06-20,10:49:00,3427.6,3429.5,3426.0,3428.6,1338
TCS,2025-06-20,10:50:00,3428.5,3431.0,3428.5,3431.0,2233
TCS,2025-06-20,10:51:00,3430.5,3431.5,3430.1,3431.2,3192
TCS,2025-06-20,10:52:00,3431.2,3431.8,3429.8,3430.0,5652
TCS,2025-06-20,10:53:00,3431.0,3432.7,3429.4,3430.9,8727
TCS,2025-06-20,10:54:00,3430.8,3431.9,3430.0,3431.9,2069
TCS,2025-06-20,10:55:00,3431.6,3432.0,3430.2,3431.5,4930
TCS,2025-06-20,10:56:00,3431.5,3432.2,3428.4,3429.8,1601
TCS,2025-06-20,10:57:00,3428.5,3429.1,3428.4,3428.9,629
TCS,2025-06-20,10:58:00,3428.6,3429.0,3426.6,3427.2,3159
TCS,2025-06-20,10:59:00,3427.0,3427.2,3423.2,3423.3,1874
TCS,2025-06-20,11:00:00,3423.3,3424.8,3423.3,3424.3,1491
TCS,2025-06-20,11:01:00,3423.8,3424.3,3422.0,3422.7,2420
TCS,2025-06-20,11:02:00,3422.3,3424.4,3420.0,3420.0,2592
TCS,2025-06-20,11:03:00,3420.0,3422.4,3420.0,3421.6,1285
TCS,2025-06-20,11:04:00,3421.7,3425.0,3421.7,3424.6,1557
TCS,2025-06-20,11:05:00,3424.6,3424.9,3423.1,3423.4,1104
TCS,2025-06-20,11:06:00,3423.8,3423.8,3423.1,3423.2,998
TCS,2025-06-20,11:07:00,3423.2,3425.2,3423.2,3425.0,765
TCS,2025-06-20,11:08:00,3424.1,3424.9,3423.0,3423.7,2700
TCS,2025-06-20,11:09:00,3423.3,3424.5,3422.1,3422.1,1257
TCS,2025-06-20,11:10:00,3423.4,3423.4,3422.1,3422.1,593
TCS,2025-06-20,11:11:00,3422.6,3422.6,3421.6,3422.2,1570
TCS,2025-06-20,11:12:00,3422.0,3422.5,3421.0,3421.7,1274
TCS,2025-06-20,11:13:00,3421.7,3423.8,3421.7,3423.1,843
TCS,2025-06-20,11:14:00,3423.1,3425.0,3423.1,3424.8,1489
TCS,2025-06-20,11:15:00,3424.8,3424.8,3421.2,3422.6,2588
TCS,2025-06-20,11:16:00,3422.6,3423.8,3421.7,3423.0,870
TCS,2025-06-20,11:17:00,3423.0,3423.5,3422.0,3422.1,1137
TCS,2025-06-20,11:18:00,3422.2,3422.7,3421.1,3421.7,1180
TCS,2025-06-20,11:19:00,3422.5,3423.3,3421.8,3422.7,646
TCS,2025-06-20,11:20:00,3423.0,3423.0,3420.8,3421.0,2881
TCS,2025-06-20,11:21:00,3421.3,3421.6,3419.1,3421.2,10763
TCS,2025-06-20,11:22:00,3421.2,3422.5,3419.5,3422.5,2735
TCS,2025-06-20,11:23:00,3423.0,3424.6,3422.5,3424.6,874
TCS,2025-06-20,11:24:00,3424.6,3425.8,3424.4,3425.7,2196
TCS,2025-06-20,11:25:00,3425.1,3426.0,3423.0,3424.2,5731
TCS,2025-06-20,11:26:00,3423.7,3425.3,3423.3,3424.5,483
TCS,2025-06-20,11:27:00,3424.5,3425.3,3423.4,3423.4,1858
TCS,2025-06-20,11:28:00,3423.0,3423.9,3422.5,3423.9,1160
TCS,2025-06-20,11:29:00,3423.7,3424.6,3423.2,3424.0,851
TCS,2025-06-20,11:30:00,3423.9,3425.8,3423.5,3425.8,906
TCS,2025-06-20,11:31:00,3424.6,3426.0,3424.5,3425.1,706
TCS,2025-06-20,11:32:00,3425.9,3426.1,3423.7,3424.6,1640
TCS,2025-06-20,11:33:00,3424.9,3427.0,3424.6,3426.1,792
TCS,2025-06-20,11:34:00,3426.9,3428.0,3426.1,3428.0,1178
TCS,2025-06-20,11:35:00,3427.9,3428.1,3427.0,3427.9,1158
TCS,2025-06-20,11:36:00,3427.5,3428.0,3426.0,3427.3,1348
TCS,2025-06-20,11:37:00,3427.5,3428.0,3427.0,3427.5,946
TCS,2025-06-20,11:38:00,3427.3,3429.8,3427.1,3429.8,1320
TCS,2025-06-20,11:39:00,3429.6,3431.0,3428.9,3430.3,3816
TCS,2025-06-20,11:40:00,3430.5,3432.0,3429.5,3431.5,3038
TCS,2025-06-20,11:41:00,3430.7,3431.8,3428.1,3429.0,1373
TCS,2025-06-20,11:42:00,3429.0,3429.0,3427.6,3428.5,975
TCS,2025-06-20,11:43:00,3428.5,3429.9,3428.0,3428.2,1228
TCS,2025-06-20,11:44:00,3428.0,3428.3,3426.1,3427.1,1099
TCS,2025-06-20,11:45:00,3427.8,3431.0,3427.0,3429.7,2650
TCS,2025-06-20,11:46:00,3429.7,3432.0,3427.0,3427.7,14880
TCS,2025-06-20,11:47:00,3427.5,3430.7,3426.9,3430.1,11648
TCS,2025-06-20,11:48:00,3430.1,3432.7,3430.1,3432.4,3167
TCS,2025-06-20,11:49:00,3432.4,3434.0,3432.4,3433.9,3377
TCS,2025-06-20,11:50:00,3433.9,3435.2,3432.7,3433.8,5941
TCS,2025-06-20,11:51:00,3434.0,3434.7,3432.3,3433.3,3156
TCS,2025-06-20,11:52:00,3433.0,3434.7,3433.0,3434.4,1930
TCS,2025-06-20,11:53:00,3433.9,3435.0,3433.9,3434.2,3506
TCS,2025-06-20,11:54:00,3434.2,3435.3,3434.2,3435.0,1694
TCS,2025-06-20,11:55:00,3435.0,3436.0,3433.0,3433.2,3284
TCS,2025-06-20,11:56:00,3433.2,3433.7,3431.1,3433.5,1571
TCS,2025-06-20,11:57:00,3433.1,3434.9,3433.0,3434.5,1287
TCS,2025-06-20,11:58:00,3434.5,3435.0,3433.0,3433.0,4800
TCS,2025-06-20,11:59:00,3433.7,3434.1,3433.0,3433.5,1971
TCS,2025-06-20,12:00:00,3433.5,3434.5,3433.2,3433.6,1324
TCS,2025-06-20,12:01:00,3434.4,3434.8,3433.0,3433.6,2172
TCS,2025-06-20,12:02:00,3433.0,3433.6,3431.1,3432.6,4670
TCS,2025-06-20,12:03:00,3433.1,3435.0,3432.6,3433.4,2746
TCS,2025-06-20,12:04:00,3433.4,3434.1,3432.3,3433.9,2005
TCS,2025-06-20,12:05:00,3433.3,3434.8,3432.6,3433.0,1857
TCS,2025-06-20,12:06:00,3434.1,3435.0,3433.0,3434.5,1636
TCS,2025-06-20,12:07:00,3435.0,3436.0,3434.1,3435.2,2199
TCS,2025-06-20,12:08:00,3435.6,3437.0,3435.2,3436.7,1892
TCS,2025-06-20,12:09:00,3436.7,3439.7,3436.7,3438.0,3508
TCS,2025-06-20,12:10:00,3438.0,3438.7,3437.9,3438.4,662
TCS,2025-06-20,12:11:00,3438.3,3439.9,3437.7,3439.1,1649
TCS,2025-06-20,12:12:00,3439.3,3439.9,3436.6,3437.8,1554
TCS,2025-06-20,12:13:00,3437.8,3439.4,3437.5,3439.0,781
TCS,2025-06-20,12:14:00,3439.0,3439.9,3437.9,3438.9,1150
TCS,2025-06-20,12:15:00,3438.9,3439.9,3438.9,3439.5,869
TCS,2025-06-20,12:16:00,3439.5,3439.9,3437.9,3438.9,2139
TCS,2025-06-20,12:17:00,3438.9,3439.8,3437.9,3439.0,709
TCS,2025-06-20,12:18:00,3438.9,3439.0,3436.2,3437.2,1729
TCS,2025-06-20,12:19:00,3437.2,3438.0,3435.5,3436.5,1106
TCS,2025-06-20,12:20:00,3436.3,3436.7,3435.0,3435.0,1306
TCS,2025-06-20,12:21:00,3435.0,3436.0,3434.0,3434.1,1775
TCS,2025-06-20,12:22:00,3434.8,3436.3,3434.2,3436.3,1120
TCS,2025-06-20,12:23:00,3435.7,3436.2,3435.0,3435.7,1430
TCS,2025-06-20,12:24:00,3435.0,3435.6,3435.0,3435.6,774
TCS,2025-06-20,12:25:00,3435.5,3436.6,3432.4,3434.0,3181
TCS,2025-06-20,12:26:00,3433.3,3436.6,3433.3,3436.0,1442
TCS,2025-06-20,12:27:00,3436.0,3437.0,3434.2,3435.2,2254
TCS,2025-06-20,12:28:00,3435.2,3435.8,3432.0,3432.1,1305
TCS,2025-06-20,12:29:00,3432.6,3433.4,3432.0,3432.2,1484
TCS,2025-06-20,12:30:00,3433.1,3433.6,3432.1,3432.8,1348
TCS,2025-06-20,12:31:00,3432.8,3433.0,3430.0,3430.9,3114
TCS,2025-06-20,12:32:00,3430.9,3432.6,3430.5,3432.2,1478
TCS,2025-06-20,12:33:00,3432.4,3433.4,3432.2,3432.6,1581
TCS,2025-06-20,12:34:00,3433.1,3433.1,3430.1,3431.6,1034
TCS,2025-06-20,12:35:00,3431.6,3432.3,3430.0,3431.4,2555
TCS,2025-06-20,12:36:00,3431.5,3431.6,3430.0,3430.6,1131
TCS,2025-06-20,12:37:00,3431.3,3432.7,3430.6,3431.9,872
TCS,2025-06-20,12:38:00,3431.3,3432.4,3428.9,3431.4,5236
TCS,2025-06-20,12:39:00,3430.4,3432.5,3430.2,3432.2,1577
TCS,2025-06-20,12:40:00,3432.0,3432.9,3430.9,3432.2,2026
TCS,2025-06-20,12:41:00,3432.1,3432.5,3430.3,3431.0,874
TCS,2025-06-20,12:42:00,3431.0,3432.6,3430.4,3432.0,939
TCS,2025-06-20,12:43:00,3431.6,3434.0,3431.6,3432.8,2739
TCS,2025-06-20,12:44:00,3432.8,3434.2,3432.0,3432.4,1285
TCS,2025-06-20,12:45:00,3433.2,3434.1,3432.5,3433.2,910
TCS,2025-06-20,12:46:00,3434.0,3435.0,3433.1,3433.7,1908
TCS,2025-06-20,12:47:00,3433.9,3435.8,3433.7,3435.7,1473
TCS,2025-06-20,12:48:00,3435.8,3437.0,3435.7,3436.6,2025
TCS,2025-06-20,12:49:00,3436.5,3436.8,3434.4,3435.1,1839
TCS,2025-06-20,12:50:00,3435.1,3436.0,3434.5,3434.7,2524
TCS,2025-06-20,12:51:00,3435.8,3438.0,3434.9,3437.6,2525
TCS,2025-06-20,12:52:00,3437.6,3438.3,3436.1,3437.1,2821
TCS,2025-06-20,12:53:00,3437.8,3438.9,3437.1,3438.1,1412
TCS,2025-06-20,12:54:00,3438.3,3438.4,3437.1,3438.4,2060
TCS,2025-06-20,12:55:00,3438.1,3438.7,3437.2,3437.9,1375
TCS,2025-06-20,12:56:00,3438.5,3438.9,3437.0,3438.7,1645
TCS,2025-06-20,12:57:00,3438.7,3439.9,3438.7,3439.3,2594
TCS,2025-06-20,12:58:00,3439.5,3440.0,3439.3,3440.0,1590
TCS,2025-06-20,12:59:00,3440.0,3440.0,3439.5,3440.0,4287
TCS,2025-06-20,13:00:00,3440.0,3440.6,3437.7,3440.5,3880
TCS,2025-06-20,13:01:00,3440.6,3441.8,3439.4,3440.7,3333
TCS,2025-06-20,13:02:00,3441.5,3443.0,3441.1,3442.7,2777
TCS,2025-06-20,13:03:00,3442.8,3442.8,3440.0,3441.4,2777
TCS,2025-06-20,13:04:00,3441.5,3442.0,3441.4,3441.9,1351
TCS,2025-06-20,13:05:00,3442.0,3442.0,3438.1,3438.3,2294
TCS,2025-06-20,13:06:00,3438.3,3440.4,3438.1,3439.4,1867
TCS,2025-06-20,13:07:00,3439.4,3440.9,3438.9,3440.2,1472
TCS,2025-06-20,13:08:00,3440.8,3440.8,3438.0,3438.3,2248
TCS,2025-06-20,13:09:00,3439.1,3441.5,3437.6,3440.3,2941
TCS,2025-06-20,13:10:00,3440.3,3441.0,3438.1,3439.5,2517
TCS,2025-06-20,13:11:00,3439.5,3441.8,3439.5,3441.3,915
TCS,2025-06-20,13:12:00,3441.1,3441.3,3440.0,3440.3,1172
TCS,2025-06-20,13:13:00,3440.5,3441.8,3438.2,3439.1,2000
TCS,2025-06-20,13:14:00,3439.0,3440.5,3439.0,3440.5,855
TCS,2025-06-20,13:15:00,3439.2,3440.6,3439.2,3439.7,1142
TCS,2025-06-20,13:16:00,3440.0,3441.0,3439.9,3441.0,1261
TCS,2025-06-20,13:17:00,3441.0,3441.0,3438.9,3440.5,1353
TCS,2025-06-20,13:18:00,3440.5,3443.0,3439.6,3442.0,2547
TCS,2025-06-20,13:19:00,3442.1,3444.6,3442.0,3443.5,2362
TCS,2025-06-20,13:20:00,3443.6,3444.9,3440.7,3441.9,1875
TCS,2025-06-20,13:21:00,3443.0,3443.9,3441.9,3442.1,1191
TCS,2025-06-20,13:22:00,3442.1,3443.9,3442.1,3443.2,1488
TCS,2025-06-20,13:23:00,3443.2,3443.2,3442.1,3442.4,2160
TCS,2025-06-20,13:24:00,3443.0,3443.5,3440.3,3441.3,1957
TCS,2025-06-20,13:25:00,3441.3,3443.1,3441.1,3443.1,1133
TCS,2025-06-20,13:26:00,3443.0,3443.8,3441.1,3443.1,1509
TCS,2025-06-20,13:27:00,3443.5,3443.5,3441.7,3441.7,1649
TCS,2025-06-20,13:28:00,3443.3,3444.0,3441.9,3443.6,1928
TCS,2025-06-20,13:29:00,3443.6,3445.0,3441.7,3444.3,3831
TCS,2025-06-20,13:30:00,3444.9,3446.3,3444.3,3444.3,4011
TCS,2025-06-20,13:31:00,3444.3,3445.9,3444.3,3445.3,2810
TCS,2025-06-20,13:32:00,3445.9,3445.9,3444.4,3444.5,1338
TCS,2025-06-20,13:33:00,3444.4,3445.4,3442.5,3442.8,1144
TCS,2025-06-20,13:34:00,3443.8,3443.8,3440.8,3440.8,1667
TCS,2025-06-20,13:35:00,3441.4,3442.2,3440.8,3441.0,1271
TCS,2025-06-20,13:36:00,3441.0,3442.2,3440.0,3440.1,1497
TCS,2025-06-20,13:37:00,3440.1,3440.6,3438.2,3438.9,1465
TCS,2025-06-20,13:38:00,3439.8,3439.8,3438.9,3439.2,1037
TCS,2025-06-20,13:39:00,3439.1,3439.7,3438.0,3438.2,1021
TCS,2025-06-20,13:40:00,3438.2,3438.3,3435.2,3435.3,2239
TCS,2025-06-20,13:41:00,3435.7,3437.0,3434.1,3435.0,1960
TCS,2025-06-20,13:42:00,3435.0,3437.8,3435.0,3436.5,1325
TCS,2025-06-20,13:43:00,3436.6,3438.6,3436.0,3437.1,1697
TCS,2025-06-20,13:44:00,3437.3,3438.5,3435.6,3435.7,1440
TCS,2025-06-20,13:45:00,3437.2,3441.0,3436.1,3440.4,2492
TCS,2025-06-20,13:46:00,3440.5,3442.5,3439.1,3439.4,1736
TCS,2025-06-20,13:47:00,3439.5,3441.4,3438.4,3439.1,2102
TCS,2025-06-20,13:48:00,3439.1,3440.5,3439.1,3439.1,2291
TCS,2025-06-20,13:49:00,3439.0,3440.2,3438.0,3439.2,3801
TCS,2025-06-20,13:50:00,3439.6,3440.0,3438.5,3438.5,3575
TCS,2025-06-20,13:51:00,3439.0,3440.0,3438.5,3439.9,1174
TCS,2025-06-20,13:52:00,3439.4,3443.0,3439.4,3440.9,3619
TCS,2025-06-20,13:53:00,3440.5,3442.7,3440.5,3441.2,1288
TCS,2025-06-20,13:54:00,3441.1,3443.5,3441.1,3443.0,1265
TCS,2025-06-20,13:55:00,3442.1,3443.5,3441.3,3442.5,1479
TCS,2025-06-20,13:56:00,3442.5,3443.4,3441.9,3442.4,1397
TCS,2025-06-20,13:57:00,3442.8,3443.4,3441.0,3441.4,3550
TCS,2025-06-20,13:58:00,3440.8,3440.8,3439.1,3439.9,4148
TCS,2025-06-20,13:59:00,3439.6,3441.7,3439.1,3441.7,5374
TCS,2025-06-20,14:00:00,3441.3,3442.5,3441.3,3441.6,2492
TCS,2025-06-20,14:01:00,3442.1,3443.2,3442.0,3442.7,1190
TCS,2025-06-20,14:02:00,3442.9,3443.3,3441.1,3441.1,2362
TCS,2025-06-20,14:03:00,3441.0,3442.7,3440.0,3442.5,9052
TCS,2025-06-20,14:04:00,3442.4,3442.6,3441.9,3442.5,1472
TCS,2025-06-20,14:05:00,3442.5,3444.0,3442.1,3443.2,2228
TCS,2025-06-20,14:06:00,3443.2,3444.4,3443.2,3444.0,2439
TCS,2025-06-20,14:07:00,3444.0,3444.5,3442.2,3442.5,2955
TCS,2025-06-20,14:08:00,3443.0,3443.0,3441.9,3442.3,1269
TCS,2025-06-20,14:09:00,3442.4,3443.0,3440.0,3440.1,3972
TCS,2025-06-20,14:10:00,3440.1,3442.2,3438.7,3438.7,3109
TCS,2025-06-20,14:11:00,3438.7,3439.7,3437.6,3439.4,1442
TCS,2025-06-20,14:12:00,3439.4,3439.7,3438.7,3438.9,1661
TCS,2025-06-20,14:13:00,3439.0,3440.8,3439.0,3439.8,1297
TCS,2025-06-20,14:14:00,3439.9,3440.9,3439.9,3440.7,1354
TCS,2025-06-20,14:15:00,3440.7,3440.9,3439.0,3439.7,2563
TCS,2025-06-20,14:16:00,3439.7,3440.2,3439.2,3439.3,1238
TCS,2025-06-20,14:17:00,3440.0,3440.1,3439.2,3439.8,1111
TCS,2025-06-20,14:18:00,3440.0,3440.2,3439.2,3439.9,3125
TCS,2025-06-20,14:19:00,3439.7,3439.9,3438.0,3438.8,1207
TCS,2025-06-20,14:20:00,3438.6,3439.1,3437.1,3438.1,2930
TCS,2025-06-20,14:21:00,3438.0,3438.1,3436.4,3437.5,1235
TCS,2025-06-20,14:22:00,3437.8,3438.0,3436.4,3437.4,2070
TCS,2025-06-20,14:23:00,3437.4,3439.7,3437.4,3438.8,1280
TCS,2025-06-20,14:24:00,3438.8,3440.0,3438.1,3439.4,1496
TCS,2025-06-20,14:25:00,3439.4,3440.4,3438.1,3438.1,1566
TCS,2025-06-20,14:26:00,3438.1,3438.9,3438.1,3438.2,1184
TCS,2025-06-20,14:27:00,3438.2,3438.2,3435.7,3437.0,1622
TCS,2025-06-20,14:28:00,3436.8,3437.6,3435.0,3435.7,1892
TCS,2025-06-20,14:29:00,3436.0,3436.5,3435.0,3435.1,2034
TCS,2025-06-20,14:30:00,3435.4,3436.3,3435.0,3435.3,1765
TCS,2025-06-20,14:31:00,3435.3,3436.3,3434.0,3434.0,3699
TCS,2025-06-20,14:32:00,3434.0,3435.9,3434.0,3435.1,1807
TCS,2025-06-20,14:33:00,3435.1,3435.7,3434.1,3434.2,2004
TCS,2025-06-20,14:34:00,3434.5,3435.5,3432.1,3432.2,7956
TCS,2025-06-20,14:35:00,3432.0,3434.1,3431.1,3433.2,5167
TCS,2025-06-20,14:36:00,3433.2,3435.2,3433.2,3434.4,2551
TCS,2025-06-20,14:37:00,3434.4,3435.4,3434.0,3435.4,2938
TCS,2025-06-20,14:38:00,3435.4,3436.4,3433.6,3435.5,2155
TCS,2025-06-20,14:39:00,3435.5,3436.0,3433.8,3433.9,2845
TCS,2025-06-20,14:40:00,3434.1,3435.8,3434.0,3434.2,2824
TCS,2025-06-20,14:41:00,3434.4,3435.3,3433.6,3434.1,1880
TCS,2025-06-20,14:42:00,3434.4,3434.8,3432.4,3433.1,3182
TCS,2025-06-20,14:43:00,3433.2,3434.2,3432.0,3432.3,5487
TCS,2025-06-20,14:44:00,3432.3,3433.4,3431.7,3432.9,2425
TCS,2025-06-20,14:45:00,3432.9,3433.0,3430.4,3432.0,4564
TCS,2025-06-20,14:46:00,3432.7,3432.8,3430.9,3431.1,3114
TCS,2025-06-20,14:47:00,3431.3,3431.3,3430.2,3430.6,2384
TCS,2025-06-20,14:48:00,3431.2,3432.2,3430.6,3431.9,2140
TCS,2025-06-20,14:49:00,3431.9,3432.0,3431.1,3431.1,3178
TCS,2025-06-20,14:50:00,3431.3,3432.4,3430.4,3431.2,4662
TCS,2025-06-20,14:51:00,3431.1,3432.9,3431.0,3432.7,3401
TCS,2025-06-20,14:52:00,3432.8,3435.0,3432.2,3434.0,4795
TCS,2025-06-20,14:53:00,3434.7,3434.8,3432.0,3432.0,7685
TCS,2025-06-20,14:54:00,3432.0,3432.8,3430.4,3430.4,28327
TCS,2025-06-20,14:55:00,3430.5,3430.6,3428.0,3428.7,7186
TCS,2025-06-20,14:56:00,3428.7,3431.3,3428.3,3430.1,5748
TCS,2025-06-20,14:57:00,3430.0,3433.3,3429.9,3432.2,7974
TCS,2025-06-20,14:58:00,3432.6,3432.7,3430.0,3430.2,10251
TCS,2025-06-20,14:59:00,3430.1,3431.2,3430.0,3430.1,3006
TCS,2025-06-20,15:00:00,3430.1,3431.0,3426.0,3429.9,53060
TCS,2025-06-20,15:01:00,3429.6,3431.5,3427.8,3431.3,26985
TCS,2025-06-20,15:02:00,3431.3,3434.4,3431.0,3433.2,38882
TCS,2025-06-20,15:03:00,3433.4,3433.8,3431.4,3433.8,40088
TCS,2025-06-20,15:04:00,3433.6,3434.8,3431.4,3434.2,25964
TCS,2025-06-20,15:05:00,3434.8,3437.8,3433.4,3437.8,26679
TCS,2025-06-20,15:06:00,3437.0,3437.9,3436.1,3436.4,56733
TCS,2025-06-20,15:07:00,3436.0,3436.3,3431.3,3434.4,39643
TCS,2025-06-20,15:08:00,3434.5,3435.7,3433.4,3434.8,23991
TCS,2025-06-20,15:09:00,3434.8,3437.9,3434.2,3437.0,28182
TCS,2025-06-20,15:10:00,3437.0,3439.5,3436.7,3438.8,26828
TCS,2025-06-20,15:11:00,3438.9,3442.4,3438.8,3442.2,32476
TCS,2025-06-20,15:12:00,3442.2,3442.5,3441.9,3442.4,31458
TCS,2025-06-20,15:13:00,3442.4,3443.0,3442.2,3442.3,61831
TCS,2025-06-20,15:14:00,3442.3,3442.3,3436.1,3439.9,37089
TCS,2025-06-20,15:15:00,3439.7,3439.7,3433.7,3434.9,39099
TCS,2025-06-20,15:16:00,3435.0,3438.4,3434.9,3438.2,33356
TCS,2025-06-20,15:17:00,3438.3,3440.7,3438.2,3440.3,32670
TCS,2025-06-20,15:18:00,3440.7,3441.3,3440.3,3441.1,49155
TCS,2025-06-20,15:19:00,3441.1,3441.2,3440.6,3440.7,42163
TCS,2025-06-20,15:20:00,3440.7,3440.8,3435.4,3436.8,37058
TCS,2025-06-20,15:21:00,3436.8,3436.8,3430.9,3431.5,34196
TCS,2025-06-20,15:22:00,3431.6,3434.8,3431.3,3434.2,33389
TCS,2025-06-20,15:23:00,3434.2,3434.2,3431.2,3431.9,45709
TCS,2025-06-20,15:24:00,3431.9,3433.0,3431.2,3432.4,31380
TCS,2025-06-20,15:25:00,3432.5,3435.0,3431.5,3433.2,36655
TCS,2025-06-20,15:26:00,3433.1,3433.3,3431.8,3431.8,26034
TCS,2025-06-20,15:27:00,3432.0,3441.0,3431.8,3433.0,34263
TCS,2025-06-20,15:28:00,3433.0,3443.9,3431.1,3433.0,9986
TCS,2025-06-20,15:29:00,3436.5,3436.5,3429.0,3429.1,8613
