age,deaths,log_deaths,sex,disease,disease_code,category
0.24908023769472498,12,1.0791812460476249,Male,Infectious Diseases,TDU-01,Infectious
1.4014286128198323,14,1.146128035678238,Female,Infectious Diseases,TDU-01,Infectious
8.46398788362281,28,1.4471580313422192,Male,Infectious Diseases,TDU-01,Infectious
8.197316968394073,36,1.5563025007672873,Female,Infectious Diseases,TDU-01,Infectious
7.312037280884873,36,1.5563025007672873,Female,Infectious Diseases,TDU-01,Infectious
16.811989040672405,6,0.7781512503836436,Male,Infectious Diseases,TDU-01,Infectious
21.616167224336397,10,1.0,Male,Infectious Diseases,TDU-01,Infectious
23.23235229154987,5,0.6989700043360189,Female,Infectious Diseases,TDU-01,Infectious
27.70223002348642,18,1.255272505103306,Male,Infectious Diseases,TDU-01,Infectious
27.91614515559209,9,0.9542425094393249,Female,Infectious Diseases,TDU-01,Infectious
31.541168988591604,21,1.3222192947339193,Male,Infectious Diseases,TDU-01,Infectious
33.43981970432399,17,1.2304489213782739,Female,Infectious Diseases,TDU-01,Infectious
38.164885281600846,55,1.7403626894942439,Male,Infectious Diseases,TDU-01,Infectious
36.92467822135655,55,1.7403626894942439,Male,Infectious Diseases,TDU-01,Infectious
36.8636499344142,23,1.3617278360175928,Female,Infectious Diseases,TDU-01,Infectious
41.86680901970687,81,1.9084850188786497,Male,Infectious Diseases,TDU-01,Infectious
42.10848448591908,81,1.9084850188786497,Male,Infectious Diseases,TDU-01,Infectious
42.549512863264475,81,1.9084850188786497,Male,Infectious Diseases,TDU-01,Infectious
42.36389003728423,30,1.4771212547196624,Female,Infectious Diseases,TDU-01,Infectious
47.08245828039608,144,2.1583624920952498,Male,Infectious Diseases,TDU-01,Infectious
47.72370578944476,144,2.1583624920952498,Male,Infectious Diseases,TDU-01,Infectious
46.778987721304084,144,2.1583624920952498,Male,Infectious Diseases,TDU-01,Infectious
47.084289297070434,144,2.1583624920952498,Male,Infectious Diseases,TDU-01,Infectious
47.232723686587384,36,1.5563025007672873,Female,Infectious Diseases,TDU-01,Infectious
47.41213996843407,36,1.5563025007672873,Female,Infectious Diseases,TDU-01,Infectious
53.070351922786024,187,2.271841606536499,Male,Infectious Diseases,TDU-01,Infectious
51.89934756431672,187,2.271841606536499,Male,Infectious Diseases,TDU-01,Infectious
52.528468876827226,187,2.271841606536499,Male,Infectious Diseases,TDU-01,Infectious
52.68482913772409,187,2.271841606536499,Male,Infectious Diseases,TDU-01,Infectious
51.59290082544,102,2.0086001717619175,Female,Infectious Diseases,TDU-01,Infectious
52.715089703802875,102,2.0086001717619175,Female,Infectious Diseases,TDU-01,Infectious
51.84104824737458,102,2.0086001717619175,Female,Infectious Diseases,TDU-01,Infectious
56.63010318597056,379,2.578639209968072,Male,Infectious Diseases,TDU-01,Infectious
58.397771074506664,379,2.578639209968072,Male,Infectious Diseases,TDU-01,Infectious
58.43126406614912,379,2.578639209968072,Male,Infectious Diseases,TDU-01,Infectious
58.11679469623292,379,2.578639209968072,Male,Infectious Diseases,TDU-01,Infectious
57.109227538346744,379,2.578639209968072,Male,Infectious Diseases,TDU-01,Infectious
56.695344228012765,379,2.578639209968072,Male,Infectious Diseases,TDU-01,Infectious
57.868466053024314,166,2.220108088040055,Female,Infectious Diseases,TDU-01,Infectious
57.3803049874792,166,2.220108088040055,Female,Infectious Diseases,TDU-01,Infectious
56.74407646968956,166,2.220108088040055,Female,Infectious Diseases,TDU-01,Infectious
57.49035382022254,166,2.220108088040055,Female,Infectious Diseases,TDU-01,Infectious
61.56877704223044,597,2.775974331129369,Male,Infectious Diseases,TDU-01,Infectious
63.31864080415757,597,2.775974331129369,Male,Infectious Diseases,TDU-01,Infectious
62.017559963200036,597,2.775974331129369,Male,Infectious Diseases,TDU-01,Infectious
62.825044568707966,597,2.775974331129369,Male,Infectious Diseases,TDU-01,Infectious
62.12342215217882,597,2.775974331129369,Male,Infectious Diseases,TDU-01,Infectious
62.54013604235562,597,2.775974331129369,Male,Infectious Diseases,TDU-01,Infectious
62.59342055868656,597,2.775974331129369,Male,Infectious Diseases,TDU-01,Infectious
61.869708911051056,597,2.775974331129369,Male,Infectious Diseases,TDU-01,Infectious
63.439169255529116,294,2.4683473304121573,Female,Infectious Diseases,TDU-01,Infectious
63.05026564672223,294,2.4683473304121573,Female,Infectious Diseases,TDU-01,Infectious
63.37899788312838,294,2.4683473304121573,Female,Infectious Diseases,TDU-01,Infectious
63.289654700855294,294,2.4683473304121573,Female,Infectious Diseases,TDU-01,Infectious
62.69579995762217,294,2.4683473304121573,Female,Infectious Diseases,TDU-01,Infectious
68.34374847004624,772,2.887617300335736,Male,Infectious Diseases,TDU-01,Infectious
66.67698500410384,772,2.887617300335736,Male,Infectious Diseases,TDU-01,Infectious
66.89196572483829,772,2.887617300335736,Male,Infectious Diseases,TDU-01,Infectious
66.59045457782108,772,2.887617300335736,Male,Infectious Diseases,TDU-01,Infectious
67.15066066152653,772,2.887617300335736,Male,Infectious Diseases,TDU-01,Infectious
67.27735457937897,772,2.887617300335736,Male,Infectious Diseases,TDU-01,Infectious
67.04269806354779,772,2.887617300335736,Male,Infectious Diseases,TDU-01,Infectious
68.15747501830386,772,2.887617300335736,Male,Infectious Diseases,TDU-01,Infectious
67.21350665338718,772,2.887617300335736,Male,Infectious Diseases,TDU-01,Infectious
67.06186901937477,459,2.661812685537261,Female,Infectious Diseases,TDU-01,Infectious
67.5853921663165,459,2.661812685537261,Female,Infectious Diseases,TDU-01,Infectious
66.78184844994952,459,2.661812685537261,Female,Infectious Diseases,TDU-01,Infectious
68.10439396150808,459,2.661812685537261,Female,Infectious Diseases,TDU-01,Infectious
66.64910128735954,459,2.661812685537261,Female,Infectious Diseases,TDU-01,Infectious
68.47377387320104,459,2.661812685537261,Female,Infectious Diseases,TDU-01,Infectious
68.04448953859331,459,2.661812685537261,Female,Infectious Diseases,TDU-01,Infectious
71.89743136306835,966,2.9849771264154934,Male,Infectious Diseases,TDU-01,Infectious
71.51104423424721,966,2.9849771264154934,Male,Infectious Diseases,TDU-01,Infectious
73.13092285690966,966,2.9849771264154934,Male,Infectious Diseases,TDU-01,Infectious
72.91371468769523,966,2.9849771264154934,Male,Infectious Diseases,TDU-01,Infectious
72.95801433608197,966,2.9849771264154934,Male,Infectious Diseases,TDU-01,Infectious
73.04254069337189,966,2.9849771264154934,Male,Infectious Diseases,TDU-01,Infectious
71.64808930346818,966,2.9849771264154934,Male,Infectious Diseases,TDU-01,Infectious
72.21693145708855,966,2.9849771264154934,Male,Infectious Diseases,TDU-01,Infectious
71.73173811905026,966,2.9849771264154934,Male,Infectious Diseases,TDU-01,Infectious
73.22620685175119,966,2.9849771264154934,Male,Infectious Diseases,TDU-01,Infectious
72.74659625365511,720,2.8573324964312685,Female,Infectious Diseases,TDU-01,Infectious
72.1617960497053,720,2.8573324964312685,Female,Infectious Diseases,TDU-01,Infectious
71.62711670057205,720,2.8573324964312685,Female,Infectious Diseases,TDU-01,Infectious
72.12196464343133,720,2.8573324964312685,Female,Infectious Diseases,TDU-01,Infectious
72.15036664405349,720,2.8573324964312685,Female,Infectious Diseases,TDU-01,Infectious
72.95921235667613,720,2.8573324964312685,Female,Infectious Diseases,TDU-01,Infectious
72.77511494271043,720,2.8573324964312685,Female,Infectious Diseases,TDU-01,Infectious
73.27442548515265,720,2.8573324964312685,Female,Infectious Diseases,TDU-01,Infectious
77.4444298503239,1051,3.021602716028242,Male,Infectious Diseases,TDU-01,Infectious
76.7391884918766,1051,3.021602716028242,Male,Infectious Diseases,TDU-01,Infectious
77.926489574446,1051,3.021602716028242,Male,Infectious Diseases,TDU-01,Infectious
78.02157009723379,1051,3.021602716028242,Male,Infectious Diseases,TDU-01,Infectious
77.62255439513899,1051,3.021602716028242,Male,Infectious Diseases,TDU-01,Infectious
78.04193435990912,1051,3.021602716028242,Male,Infectious Diseases,TDU-01,Infectious
77.48759119272879,1051,3.021602716028242,Male,Infectious Diseases,TDU-01,Infectious
77.54546565876399,1051,3.021602716028242,Male,Infectious Diseases,TDU-01,Infectious
77.35508203671709,1051,3.021602716028242,Male,Infectious Diseases,TDU-01,Infectious
76.5508382534882,1051,3.021602716028242,Male,Infectious Diseases,TDU-01,Infectious
76.71578285398661,898,2.9532763366673045,Female,Infectious Diseases,TDU-01,Infectious
76.56285837137347,898,2.9532763366673045,Female,Infectious Diseases,TDU-01,Infectious
77.77282082252756,898,2.9532763366673045,Female,Infectious Diseases,TDU-01,Infectious
77.12871196215265,898,2.9532763366673045,Female,Infectious Diseases,TDU-01,Infectious
77.5171413823294,898,2.9532763366673045,Female,Infectious Diseases,TDU-01,Infectious
78.31513294785219,898,2.9532763366673045,Female,Infectious Diseases,TDU-01,Infectious
76.99858445829776,898,2.9532763366673045,Female,Infectious Diseases,TDU-01,Infectious
77.32076584607125,898,2.9532763366673045,Female,Infectious Diseases,TDU-01,Infectious
78.0111022770861,898,2.9532763366673045,Female,Infectious Diseases,TDU-01,Infectious
81.95759633098325,1843,3.2655253352190736,Male,Infectious Diseases,TDU-01,Infectious
81.65395981965759,1843,3.2655253352190736,Male,Infectious Diseases,TDU-01,Infectious
82.07950290582754,1843,3.2655253352190736,Male,Infectious Diseases,TDU-01,Infectious
81.822442574508,1843,3.2655253352190736,Male,Infectious Diseases,TDU-01,Infectious
83.35939530468515,1843,3.2655253352190736,Male,Infectious Diseases,TDU-01,Infectious
83.11624075912883,1843,3.2655253352190736,Male,Infectious Diseases,TDU-01,Infectious
82.76680751302085,1843,3.2655253352190736,Male,Infectious Diseases,TDU-01,Infectious
83.24292118037543,1843,3.2655253352190736,Male,Infectious Diseases,TDU-01,Infectious
83.10734415379822,1843,3.2655253352190736,Male,Infectious Diseases,TDU-01,Infectious
81.87314011777207,1843,3.2655253352190736,Male,Infectious Diseases,TDU-01,Infectious
83.28511799697995,1843,3.2655253352190736,Male,Infectious Diseases,TDU-01,Infectious
82.5786844838313,1843,3.2655253352190736,Male,Infectious Diseases,TDU-01,Infectious
83.11488031032812,1843,3.2655253352190736,Male,Infectious Diseases,TDU-01,Infectious
83.29218259984698,1843,3.2655253352190736,Male,Infectious Diseases,TDU-01,Infectious
82.13600694994373,1834,3.263399331334002,Female,Infectious Diseases,TDU-01,Infectious
81.72010384905535,1834,3.263399331334002,Female,Infectious Diseases,TDU-01,Infectious
81.95587032508388,1834,3.263399331334002,Female,Infectious Diseases,TDU-01,Infectious
82.35421557725252,1834,3.263399331334002,Female,Infectious Diseases,TDU-01,Infectious
83.13602953184498,1834,3.263399331334002,Female,Infectious Diseases,TDU-01,Infectious
83.22146116651268,1834,3.263399331334002,Female,Infectious Diseases,TDU-01,Infectious
81.51390426106238,1834,3.263399331334002,Female,Infectious Diseases,TDU-01,Infectious
82.52149460515513,1834,3.263399331334002,Female,Infectious Diseases,TDU-01,Infectious
82.33482200629756,1834,3.263399331334002,Female,Infectious Diseases,TDU-01,Infectious
81.94421562094146,1834,3.263399331334002,Female,Infectious Diseases,TDU-01,Infectious
81.73973073466736,1834,3.263399331334002,Female,Infectious Diseases,TDU-01,Infectious
82.17523034280725,1834,3.263399331334002,Female,Infectious Diseases,TDU-01,Infectious
83.38581940782504,1834,3.263399331334002,Female,Infectious Diseases,TDU-01,Infectious
82.14640586404151,1834,3.263399331334002,Female,Infectious Diseases,TDU-01,Infectious
90.03758124348673,2926,3.466274321789292,Male,Infectious Diseases,TDU-01,Infectious
90.40603791779036,2926,3.466274321789292,Male,Infectious Diseases,TDU-01,Infectious
89.72725920475858,2926,3.466274321789292,Male,Infectious Diseases,TDU-01,Infectious
90.94356416544193,2926,3.466274321789292,Male,Infectious Diseases,TDU-01,Infectious
90.92489458988422,2926,3.466274321789292,Male,Infectious Diseases,TDU-01,Infectious
89.50356459165073,2926,3.466274321789292,Male,Infectious Diseases,TDU-01,Infectious
89.99449701178477,2926,3.466274321789292,Male,Infectious Diseases,TDU-01,Infectious
89.60175661963353,2926,3.466274321789292,Male,Infectious Diseases,TDU-01,Infectious
89.56968098875494,2926,3.466274321789292,Male,Infectious Diseases,TDU-01,Infectious
89.07377389470906,2926,3.466274321789292,Male,Infectious Diseases,TDU-01,Infectious
90.2191286679598,2926,3.466274321789292,Male,Infectious Diseases,TDU-01,Infectious
90.00535804645773,2926,3.466274321789292,Male,Infectious Diseases,TDU-01,Infectious
89.10295750249998,2926,3.466274321789292,Male,Infectious Diseases,TDU-01,Infectious
89.55729292847322,2926,3.466274321789292,Male,Infectious Diseases,TDU-01,Infectious
90.81653177193331,2926,3.466274321789292,Male,Infectious Diseases,TDU-01,Infectious
89.47912378133394,2926,3.466274321789292,Male,Infectious Diseases,TDU-01,Infectious
89.28978974418244,2926,3.466274321789292,Male,Infectious Diseases,TDU-01,Infectious
89.97890552055513,2926,3.466274321789292,Male,Infectious Diseases,TDU-01,Infectious
90.9713009082212,4644,3.666892211066536,Female,Infectious Diseases,TDU-01,Infectious
89.48411054302301,4644,3.666892211066536,Female,Infectious Diseases,TDU-01,Infectious
90.34427109481176,4644,3.666892211066536,Female,Infectious Diseases,TDU-01,Infectious
90.52323923065744,4644,3.666892211066536,Female,Infectious Diseases,TDU-01,Infectious
89.4752750879848,4644,3.666892211066536,Female,Infectious Diseases,TDU-01,Infectious
90.45643269722372,4644,3.666892211066536,Female,Infectious Diseases,TDU-01,Infectious
89.73556626543851,4644,3.666892211066536,Female,Infectious Diseases,TDU-01,Infectious
90.26461166118716,4644,3.666892211066536,Female,Infectious Diseases,TDU-01,Infectious
90.2670594215218,4644,3.666892211066536,Female,Infectious Diseases,TDU-01,Infectious
90.07154936814952,4644,3.666892211066536,Female,Infectious Diseases,TDU-01,Infectious
89.18057954010882,4644,3.666892211066536,Female,Infectious Diseases,TDU-01,Infectious
90.67060499117848,4644,3.666892211066536,Female,Infectious Diseases,TDU-01,Infectious
89.64156012994347,4644,3.666892211066536,Female,Infectious Diseases,TDU-01,Infectious
89.37303702079971,4644,3.666892211066536,Female,Infectious Diseases,TDU-01,Infectious
89.08155028310952,4644,3.666892211066536,Female,Infectious Diseases,TDU-01,Infectious
90.18178588637649,4644,3.666892211066536,Female,Infectious Diseases,TDU-01,Infectious
90.35512872368456,4644,3.666892211066536,Female,Infectious Diseases,TDU-01,Infectious
89.03317565785571,4644,3.666892211066536,Female,Infectious Diseases,TDU-01,Infectious
90.02418611659856,4644,3.666892211066536,Female,Infectious Diseases,TDU-01,Infectious
89.45299155039588,4644,3.666892211066536,Female,Infectious Diseases,TDU-01,Infectious
90.2903455808189,4644,3.666892211066536,Female,Infectious Diseases,TDU-01,Infectious
89.34873285800998,4644,3.666892211066536,Female,Infectious Diseases,TDU-01,Infectious
27.881875476204932,3,0.47712125471966244,Male,HIV Disease,TDU-014,Infectious
32.27347069260107,7,0.8450980400142568,Male,HIV Disease,TDU-014,Infectious
38.373459977473466,16,1.2041199826559248,Male,HIV Disease,TDU-014,Infectious
36.77504188829199,5,0.6989700043360189,Female,HIV Disease,TDU-014,Infectious
42.18213270210052,13,1.1139433523068367,Male,HIV Disease,TDU-014,Infectious
41.72694704248118,3,0.47712125471966244,Female,HIV Disease,TDU-014,Infectious
48.34938723655713,20,1.3010299956639813,Male,HIV Disease,TDU-014,Infectious
53.254678706761965,34,1.5314789170422551,Male,HIV Disease,TDU-014,Infectious
52.01588325543031,9,0.9542425094393249,Female,HIV Disease,TDU-014,Infectious
57.81996809206836,31,1.4913616938342726,Male,HIV Disease,TDU-014,Infectious
58.13444440040243,5,0.6989700043360189,Female,HIV Disease,TDU-014,Infectious
62.610401623198925,32,1.505149978319906,Male,HIV Disease,TDU-014,Infectious
62.55930115671201,5,0.6989700043360189,Female,HIV Disease,TDU-014,Infectious
66.98370458180091,23,1.3617278360175928,Male,HIV Disease,TDU-014,Infectious
66.6862055356118,5,0.6989700043360189,Female,HIV Disease,TDU-014,Infectious
73.29443151590665,15,1.1760912590556813,Male,HIV Disease,TDU-014,Infectious
78.30083611432666,14,1.146128035678238,Male,HIV Disease,TDU-014,Infectious
77.76620291454654,3,0.47712125471966244,Female,HIV Disease,TDU-014,Infectious
82.1780595820974,14,1.146128035678238,Male,HIV Disease,TDU-014,Infectious
89.69841914922532,6,0.7781512503836436,Male,HIV Disease,TDU-014,Infectious
0.9519113577404787,4,0.6020599913279624,Female,Cancer (Malignant),TDU-021,Cancer
8.794220519905155,139,2.143014800254095,Male,Cancer (Malignant),TDU-021,Cancer
8.774172848530235,139,2.143014800254095,Male,Cancer (Malignant),TDU-021,Cancer
8.559751091715247,139,2.143014800254095,Male,Cancer (Malignant),TDU-021,Cancer
8.284063292308575,93,1.968482948553935,Female,Cancer (Malignant),TDU-021,Cancer
7.168279929990097,93,1.968482948553935,Female,Cancer (Malignant),TDU-021,Cancer
7.323257428189228,93,1.968482948553935,Female,Cancer (Malignant),TDU-021,Cancer
18.29710837705416,65,1.8129133566428555,Male,Cancer (Malignant),TDU-021,Cancer
17.71285811931918,65,1.8129133566428555,Male,Cancer (Malignant),TDU-021,Cancer
16.51839410323326,34,1.5314789170422551,Female,Cancer (Malignant),TDU-021,Cancer
21.702943085732063,77,1.8864907251724818,Male,Cancer (Malignant),TDU-021,Cancer
22.82700353821611,77,1.8864907251724818,Male,Cancer (Malignant),TDU-021,Cancer
21.510123167692438,66,1.8195439355418688,Female,Cancer (Malignant),TDU-021,Cancer
21.821616102834998,66,1.8195439355418688,Female,Cancer (Malignant),TDU-021,Cancer
27.597467578733173,133,2.123851640967086,Male,Cancer (Malignant),TDU-021,Cancer
27.883790395385386,133,2.123851640967086,Male,Cancer (Malignant),TDU-021,Cancer
27.8039225190052,133,2.123851640967086,Male,Cancer (Malignant),TDU-021,Cancer
26.94853861892112,106,2.0253058652647704,Female,Cancer (Malignant),TDU-021,Cancer
27.924358442695073,106,2.0253058652647704,Female,Cancer (Malignant),TDU-021,Cancer
26.9744981749936,106,2.0253058652647704,Female,Cancer (Malignant),TDU-021,Cancer
32.15079939631853,231,2.3636119798921444,Male,Cancer (Malignant),TDU-021,Cancer
32.99298281023605,231,2.3636119798921444,Male,Cancer (Malignant),TDU-021,Cancer
32.79926579809443,231,2.3636119798921444,Male,Cancer (Malignant),TDU-021,Cancer
33.19844682098836,231,2.3636119798921444,Male,Cancer (Malignant),TDU-021,Cancer
32.815225784600685,231,2.3636119798921444,Male,Cancer (Malignant),TDU-021,Cancer
32.63661720667094,278,2.444044795918076,Female,Cancer (Malignant),TDU-021,Cancer
31.687349535656185,278,2.444044795918076,Female,Cancer (Malignant),TDU-021,Cancer
32.235431606118865,278,2.444044795918076,Female,Cancer (Malignant),TDU-021,Cancer
32.03040473536345,278,2.444044795918076,Female,Cancer (Malignant),TDU-021,Cancer
31.98797928675817,278,2.444044795918076,Female,Cancer (Malignant),TDU-021,Cancer
38.44602110950489,366,2.5634810853944106,Male,Cancer (Malignant),TDU-021,Cancer
37.28619544933352,366,2.5634810853944106,Male,Cancer (Malignant),TDU-021,Cancer
38.28409311035423,366,2.5634810853944106,Male,Cancer (Malignant),TDU-021,Cancer
37.762277251994526,366,2.5634810853944106,Male,Cancer (Malignant),TDU-021,Cancer
38.0896226070833,366,2.5634810853944106,Male,Cancer (Malignant),TDU-021,Cancer
37.505274186210386,366,2.5634810853944106,Male,Cancer (Malignant),TDU-021,Cancer
37.653807769252715,537,2.7299742856995555,Female,Cancer (Malignant),TDU-021,Cancer
37.48503538763773,537,2.7299742856995555,Female,Cancer (Malignant),TDU-021,Cancer
36.890485975596086,537,2.7299742856995555,Female,Cancer (Malignant),TDU-021,Cancer
37.94490423052301,537,2.7299742856995555,Female,Cancer (Malignant),TDU-021,Cancer
37.06154472488171,537,2.7299742856995555,Female,Cancer (Malignant),TDU-021,Cancer
36.54863193286291,537,2.7299742856995555,Female,Cancer (Malignant),TDU-021,Cancer
37.79094459181434,537,2.7299742856995555,Female,Cancer (Malignant),TDU-021,Cancer
41.8542213588141,723,2.859138297294531,Male,Cancer (Malignant),TDU-021,Cancer
43.38091716870583,723,2.859138297294531,Male,Cancer (Malignant),TDU-021,Cancer
43.40785715400517,723,2.859138297294531,Male,Cancer (Malignant),TDU-021,Cancer
43.329728780440895,723,2.859138297294531,Male,Cancer (Malignant),TDU-021,Cancer
42.24031740051089,723,2.859138297294531,Male,Cancer (Malignant),TDU-021,Cancer
41.53091323305773,723,2.859138297294531,Male,Cancer (Malignant),TDU-021,Cancer
43.35663712517545,723,2.859138297294531,Male,Cancer (Malignant),TDU-021,Cancer
42.35636829663463,723,2.859138297294531,Male,Cancer (Malignant),TDU-021,Cancer
43.43330963808734,934,2.9703468762300935,Female,Cancer (Malignant),TDU-021,Cancer
43.4272399541785,934,2.9703468762300935,Female,Cancer (Malignant),TDU-021,Cancer
43.20601891093472,934,2.9703468762300935,Female,Cancer (Malignant),TDU-021,Cancer
42.08889778413917,934,2.9703468762300935,Female,Cancer (Malignant),TDU-021,Cancer
42.27019545720385,934,2.9703468762300935,Female,Cancer (Malignant),TDU-021,Cancer
43.20227334303372,934,2.9703468762300935,Female,Cancer (Malignant),TDU-021,Cancer
42.13384401031256,934,2.9703468762300935,Female,Cancer (Malignant),TDU-021,Cancer
41.838985493372185,934,2.9703468762300935,Female,Cancer (Malignant),TDU-021,Cancer
42.6136025249167,934,2.9703468762300935,Female,Cancer (Malignant),TDU-021,Cancer
43.37230954832156,934,2.9703468762300935,Female,Cancer (Malignant),TDU-021,Cancer
47.89205959334995,1174,3.0696680969115957,Male,Cancer (Malignant),TDU-021,Cancer
47.64012234017873,1174,3.0696680969115957,Male,Cancer (Malignant),TDU-021,Cancer
46.694352987541535,1174,3.0696680969115957,Male,Cancer (Malignant),TDU-021,Cancer
47.73001445339834,1174,3.0696680969115957,Male,Cancer (Malignant),TDU-021,Cancer
48.48010770020853,1174,3.0696680969115957,Male,Cancer (Malignant),TDU-021,Cancer
46.78016803047305,1174,3.0696680969115957,Male,Cancer (Malignant),TDU-021,Cancer
47.53665930472747,1174,3.0696680969115957,Male,Cancer (Malignant),TDU-021,Cancer
48.25474614385591,1174,3.0696680969115957,Male,Cancer (Malignant),TDU-021,Cancer
47.98153723550841,1174,3.0696680969115957,Male,Cancer (Malignant),TDU-021,Cancer
47.89403148199054,1174,3.0696680969115957,Male,Cancer (Malignant),TDU-021,Cancer
47.90496816797422,1174,3.0696680969115957,Male,Cancer (Malignant),TDU-021,Cancer
47.218982302439514,1481,3.1705550585212086,Female,Cancer (Malignant),TDU-021,Cancer
47.08718368852899,1481,3.1705550585212086,Female,Cancer (Malignant),TDU-021,Cancer
48.118722310957025,1481,3.1705550585212086,Female,Cancer (Malignant),TDU-021,Cancer
48.12022678935836,1481,3.1705550585212086,Female,Cancer (Malignant),TDU-021,Cancer
48.234144637160206,1481,3.1705550585212086,Female,Cancer (Malignant),TDU-021,Cancer
48.32648110511294,1481,3.1705550585212086,Female,Cancer (Malignant),TDU-021,Cancer
47.52268479772187,1481,3.1705550585212086,Female,Cancer (Malignant),TDU-021,Cancer
47.5030325893744,1481,3.1705550585212086,Female,Cancer (Malignant),TDU-021,Cancer
48.09659035793355,1481,3.1705550585212086,Female,Cancer (Malignant),TDU-021,Cancer
47.79992786155553,1481,3.1705550585212086,Female,Cancer (Malignant),TDU-021,Cancer
47.90393375451541,1481,3.1705550585212086,Female,Cancer (Malignant),TDU-021,Cancer
48.0915853388722,1481,3.1705550585212086,Female,Cancer (Malignant),TDU-021,Cancer
53.28001068363513,3130,3.4955443375464483,Male,Cancer (Malignant),TDU-021,Cancer
52.175990313703075,3130,3.4955443375464483,Male,Cancer (Malignant),TDU-021,Cancer
52.25116590527989,3130,3.4955443375464483,Male,Cancer (Malignant),TDU-021,Cancer
51.68796387968174,3130,3.4955443375464483,Male,Cancer (Malignant),TDU-021,Cancer
52.65656028199235,3130,3.4955443375464483,Male,Cancer (Malignant),TDU-021,Cancer
51.571884547593484,3130,3.4955443375464483,Male,Cancer (Malignant),TDU-021,Cancer
52.43119603626492,3130,3.4955443375464483,Male,Cancer (Malignant),TDU-021,Cancer
52.585289269415156,3130,3.4955443375464483,Male,Cancer (Malignant),TDU-021,Cancer
52.07308250425657,3130,3.4955443375464483,Male,Cancer (Malignant),TDU-021,Cancer
52.68166652113802,3130,3.4955443375464483,Male,Cancer (Malignant),TDU-021,Cancer
51.5610004998781,3130,3.4955443375464483,Male,Cancer (Malignant),TDU-021,Cancer
51.57469637749843,3130,3.4955443375464483,Male,Cancer (Malignant),TDU-021,Cancer
53.14520112131932,3130,3.4955443375464483,Male,Cancer (Malignant),TDU-021,Cancer
52.22038128282252,3130,3.4955443375464483,Male,Cancer (Malignant),TDU-021,Cancer
51.75412102530377,3130,3.4955443375464483,Male,Cancer (Malignant),TDU-021,Cancer
52.54448652010961,3130,3.4955443375464483,Male,Cancer (Malignant),TDU-021,Cancer
53.03998710619722,3130,3.4955443375464483,Male,Cancer (Malignant),TDU-021,Cancer
51.93164205499369,3130,3.4955443375464483,Male,Cancer (Malignant),TDU-021,Cancer
52.745780951638004,3020,3.4800069429571505,Female,Cancer (Malignant),TDU-021,Cancer
51.67069492998753,3020,3.4800069429571505,Female,Cancer (Malignant),TDU-021,Cancer
51.60336344233721,3020,3.4800069429571505,Female,Cancer (Malignant),TDU-021,Cancer
52.5627092631363,3020,3.4800069429571505,Female,Cancer (Malignant),TDU-021,Cancer
52.58127024322021,3020,3.4800069429571505,Female,Cancer (Malignant),TDU-021,Cancer
52.77485980299641,3020,3.4800069429571505,Female,Cancer (Malignant),TDU-021,Cancer
52.95218266744532,3020,3.4800069429571505,Female,Cancer (Malignant),TDU-021,Cancer
53.45170415892507,3020,3.4800069429571505,Female,Cancer (Malignant),TDU-021,Cancer
52.532600696602394,3020,3.4800069429571505,Female,Cancer (Malignant),TDU-021,Cancer
52.14591294588249,3020,3.4800069429571505,Female,Cancer (Malignant),TDU-021,Cancer
53.09037238953741,3020,3.4800069429571505,Female,Cancer (Malignant),TDU-021,Cancer
52.04166450252415,3020,3.4800069429571505,Female,Cancer (Malignant),TDU-021,Cancer
52.37794284141127,3020,3.4800069429571505,Female,Cancer (Malignant),TDU-021,Cancer
51.656912762684534,3020,3.4800069429571505,Female,Cancer (Malignant),TDU-021,Cancer
51.55070148683092,3020,3.4800069429571505,Female,Cancer (Malignant),TDU-021,Cancer
53.42529682935585,3020,3.4800069429571505,Female,Cancer (Malignant),TDU-021,Cancer
53.171960241024415,3020,3.4800069429571505,Female,Cancer (Malignant),TDU-021,Cancer
52.891948412187396,3020,3.4800069429571505,Female,Cancer (Malignant),TDU-021,Cancer
57.31790588882854,6961,3.8426716337607885,Male,Cancer (Malignant),TDU-021,Cancer
56.84658864014169,6961,3.8426716337607885,Male,Cancer (Malignant),TDU-021,Cancer
56.81287408534217,6961,3.8426716337607885,Male,Cancer (Malignant),TDU-021,Cancer
57.000485796329194,6961,3.8426716337607885,Male,Cancer (Malignant),TDU-021,Cancer
57.598453329412244,6961,3.8426716337607885,Male,Cancer (Malignant),TDU-021,Cancer
57.929191845400126,6961,3.8426716337607885,Male,Cancer (Malignant),TDU-021,Cancer
57.820394753435465,6961,3.8426716337607885,Male,Cancer (Malignant),TDU-021,Cancer
57.05986779389188,6961,3.8426716337607885,Male,Cancer (Malignant),TDU-021,Cancer
58.40973056132639,6961,3.8426716337607885,Male,Cancer (Malignant),TDU-021,Cancer
57.975793833391535,6961,3.8426716337607885,Male,Cancer (Malignant),TDU-021,Cancer
57.6087081050228,6961,3.8426716337607885,Male,Cancer (Malignant),TDU-021,Cancer
57.7234414924687,6961,3.8426716337607885,Male,Cancer (Malignant),TDU-021,Cancer
57.33920012485558,6961,3.8426716337607885,Male,Cancer (Malignant),TDU-021,Cancer
56.995461979002314,6961,3.8426716337607885,Male,Cancer (Malignant),TDU-021,Cancer
57.211945357302525,6961,3.8426716337607885,Male,Cancer (Malignant),TDU-021,Cancer
58.01569222092874,6961,3.8426716337607885,Male,Cancer (Malignant),TDU-021,Cancer
56.528786977259514,6961,3.8426716337607885,Male,Cancer (Malignant),TDU-021,Cancer
56.732145281013835,6961,3.8426716337607885,Male,Cancer (Malignant),TDU-021,Cancer
56.59200528404351,6961,3.8426716337607885,Male,Cancer (Malignant),TDU-021,Cancer
56.58145760463794,6961,3.8426716337607885,Male,Cancer (Malignant),TDU-021,Cancer
58.21092116802201,6961,3.8426716337607885,Male,Cancer (Malignant),TDU-021,Cancer
57.907315718760046,6961,3.8426716337607885,Male,Cancer (Malignant),TDU-021,Cancer
57.44834765817465,6961,3.8426716337607885,Male,Cancer (Malignant),TDU-021,Cancer
56.695668321302,6961,3.8426716337607885,Male,Cancer (Malignant),TDU-021,Cancer
57.483231750233664,6961,3.8426716337607885,Male,Cancer (Malignant),TDU-021,Cancer
57.44694354156113,6961,3.8426716337607885,Male,Cancer (Malignant),TDU-021,Cancer
56.84640373982003,6961,3.8426716337607885,Male,Cancer (Malignant),TDU-021,Cancer
57.367703298475945,5801,3.763502865467597,Female,Cancer (Malignant),TDU-021,Cancer
57.29700946879475,5801,3.763502865467597,Female,Cancer (Malignant),TDU-021,Cancer
57.731700196104434,5801,3.763502865467597,Female,Cancer (Malignant),TDU-021,Cancer
57.77018730173529,5801,3.763502865467597,Female,Cancer (Malignant),TDU-021,Cancer
56.59060801954409,5801,3.763502865467597,Female,Cancer (Malignant),TDU-021,Cancer
57.24922522925294,5801,3.763502865467597,Female,Cancer (Malignant),TDU-021,Cancer
57.751719831428474,5801,3.763502865467597,Female,Cancer (Malignant),TDU-021,Cancer
57.50627251716018,5801,3.763502865467597,Female,Cancer (Malignant),TDU-021,Cancer
58.21297968237664,5801,3.763502865467597,Female,Cancer (Malignant),TDU-021,Cancer
57.81738726323789,5801,3.763502865467597,Female,Cancer (Malignant),TDU-021,Cancer
56.82586885416286,5801,3.763502865467597,Female,Cancer (Malignant),TDU-021,Cancer
56.64113749480086,5801,3.763502865467597,Female,Cancer (Malignant),TDU-021,Cancer
57.78483855641263,5801,3.763502865467597,Female,Cancer (Malignant),TDU-021,Cancer
56.553022621083244,5801,3.763502865467597,Female,Cancer (Malignant),TDU-021,Cancer
57.671551162546926,5801,3.763502865467597,Female,Cancer (Malignant),TDU-021,Cancer
58.38046048284991,5801,3.763502865467597,Female,Cancer (Malignant),TDU-021,Cancer
57.65094835575176,5801,3.763502865467597,Female,Cancer (Malignant),TDU-021,Cancer
57.276339852413045,5801,3.763502865467597,Female,Cancer (Malignant),TDU-021,Cancer
57.78657643688471,5801,3.763502865467597,Female,Cancer (Malignant),TDU-021,Cancer
57.41650578098303,5801,3.763502865467597,Female,Cancer (Malignant),TDU-021,Cancer
57.59123357863187,5801,3.763502865467597,Female,Cancer (Malignant),TDU-021,Cancer
58.38292961755305,5801,3.763502865467597,Female,Cancer (Malignant),TDU-021,Cancer
57.27220527560155,5801,3.763502865467597,Female,Cancer (Malignant),TDU-021,Cancer
58.42238112764783,5801,3.763502865467597,Female,Cancer (Malignant),TDU-021,Cancer
58.310701283912124,5801,3.763502865467597,Female,Cancer (Malignant),TDU-021,Cancer
61.89158226957859,11884,4.074962643131626,Male,Cancer (Malignant),TDU-021,Cancer
61.63872260175033,11884,4.074962643131626,Male,Cancer (Malignant),TDU-021,Cancer
61.701556002754856,11884,4.074962643131626,Male,Cancer (Malignant),TDU-021,Cancer
61.5364436513031,11884,4.074962643131626,Male,Cancer (Malignant),TDU-021,Cancer
61.688885921511854,11884,4.074962643131626,Male,Cancer (Malignant),TDU-021,Cancer
62.86601354683271,11884,4.074962643131626,Male,Cancer (Malignant),TDU-021,Cancer
61.64237729692046,11884,4.074962643131626,Male,Cancer (Malignant),TDU-021,Cancer
62.13795126058752,11884,4.074962643131626,Male,Cancer (Malignant),TDU-021,Cancer
63.189750621938906,11884,4.074962643131626,Male,Cancer (Malignant),TDU-021,Cancer
61.54654387147165,11884,4.074962643131626,Male,Cancer (Malignant),TDU-021,Cancer
63.12893696517787,11884,4.074962643131626,Male,Cancer (Malignant),TDU-021,Cancer
62.0637095495468,11884,4.074962643131626,Male,Cancer (Malignant),TDU-021,Cancer
61.73632965524331,11884,4.074962643131626,Male,Cancer (Malignant),TDU-021,Cancer
62.8934743307283,11884,4.074962643131626,Male,Cancer (Malignant),TDU-021,Cancer
62.75788569355977,11884,4.074962643131626,Male,Cancer (Malignant),TDU-021,Cancer
63.25494402705411,11884,4.074962643131626,Male,Cancer (Malignant),TDU-021,Cancer
62.97014208760777,11884,4.074962643131626,Male,Cancer (Malignant),TDU-021,Cancer
63.106961860769694,11884,4.074962643131626,Male,Cancer (Malignant),TDU-021,Cancer
62.06406914514261,11884,4.074962643131626,Male,Cancer (Malignant),TDU-021,Cancer
61.854879087559446,11884,4.074962643131626,Male,Cancer (Malignant),TDU-021,Cancer
63.001229503281714,11884,4.074962643131626,Male,Cancer (Malignant),TDU-021,Cancer
63.113669478534526,11884,4.074962643131626,Male,Cancer (Malignant),TDU-021,Cancer
63.48101028400135,11884,4.074962643131626,Male,Cancer (Malignant),TDU-021,Cancer
62.325235353822855,11884,4.074962643131626,Male,Cancer (Malignant),TDU-021,Cancer
62.24403617158556,11884,4.074962643131626,Male,Cancer (Malignant),TDU-021,Cancer
63.05282592148399,11884,4.074962643131626,Male,Cancer (Malignant),TDU-021,Cancer
62.18160708050603,11884,4.074962643131626,Male,Cancer (Malignant),TDU-021,Cancer
63.36151465120713,11884,4.074962643131626,Male,Cancer (Malignant),TDU-021,Cancer
63.216825503686024,11884,4.074962643131626,Male,Cancer (Malignant),TDU-021,Cancer
62.35798805475004,11884,4.074962643131626,Male,Cancer (Malignant),TDU-021,Cancer
63.001742135582994,11884,4.074962643131626,Male,Cancer (Malignant),TDU-021,Cancer
63.00908574816936,11884,4.074962643131626,Male,Cancer (Malignant),TDU-021,Cancer
61.706247737671866,11884,4.074962643131626,Male,Cancer (Malignant),TDU-021,Cancer
63.305105813359134,11884,4.074962643131626,Male,Cancer (Malignant),TDU-021,Cancer
62.51050474489571,11884,4.074962643131626,Male,Cancer (Malignant),TDU-021,Cancer
63.15291493221548,11884,4.074962643131626,Male,Cancer (Malignant),TDU-021,Cancer
62.14009920206122,9006,3.954531942626914,Female,Cancer (Malignant),TDU-021,Cancer
63.291046456992405,9006,3.954531942626914,Female,Cancer (Malignant),TDU-021,Cancer
62.27840335746833,9006,3.954531942626914,Female,Cancer (Malignant),TDU-021,Cancer
61.521675302960595,9006,3.954531942626914,Female,Cancer (Malignant),TDU-021,Cancer
63.31076395283853,9006,3.954531942626914,Female,Cancer (Malignant),TDU-021,Cancer
61.682573353572266,9006,3.954531942626914,Female,Cancer (Malignant),TDU-021,Cancer
62.13862727518083,9006,3.954531942626914,Female,Cancer (Malignant),TDU-021,Cancer
63.40012393410161,9006,3.954531942626914,Female,Cancer (Malignant),TDU-021,Cancer
63.401214293875114,9006,3.954531942626914,Female,Cancer (Malignant),TDU-021,Cancer
62.646875776246574,9006,3.954531942626914,Female,Cancer (Malignant),TDU-021,Cancer
62.7636744243396,9006,3.954531942626914,Female,Cancer (Malignant),TDU-021,Cancer
62.39689104395664,9006,3.954531942626914,Female,Cancer (Malignant),TDU-021,Cancer
62.08642154339613,9006,3.954531942626914,Female,Cancer (Malignant),TDU-021,Cancer
62.15732909073983,9006,3.954531942626914,Female,Cancer (Malignant),TDU-021,Cancer
62.84503691215408,9006,3.954531942626914,Female,Cancer (Malignant),TDU-021,Cancer
63.00474905887536,9006,3.954531942626914,Female,Cancer (Malignant),TDU-021,Cancer
63.0831580874517,9006,3.954531942626914,Female,Cancer (Malignant),TDU-021,Cancer
63.079236285589104,9006,3.954531942626914,Female,Cancer (Malignant),TDU-021,Cancer
61.68241220609738,9006,3.954531942626914,Female,Cancer (Malignant),TDU-021,Cancer
62.488840609405166,9006,3.954531942626914,Female,Cancer (Malignant),TDU-021,Cancer
61.61511752003329,9006,3.954531942626914,Female,Cancer (Malignant),TDU-021,Cancer
62.59905776464747,9006,3.954531942626914,Female,Cancer (Malignant),TDU-021,Cancer
62.38306100274676,9006,3.954531942626914,Female,Cancer (Malignant),TDU-021,Cancer
63.2754083655166,9006,3.954531942626914,Female,Cancer (Malignant),TDU-021,Cancer
62.20183002510416,9006,3.954531942626914,Female,Cancer (Malignant),TDU-021,Cancer
61.73413403285521,9006,3.954531942626914,Female,Cancer (Malignant),TDU-021,Cancer
61.785983364105675,9006,3.954531942626914,Female,Cancer (Malignant),TDU-021,Cancer
63.02302126343494,9006,3.954531942626914,Female,Cancer (Malignant),TDU-021,Cancer
62.73643612663252,9006,3.954531942626914,Female,Cancer (Malignant),TDU-021,Cancer
61.70224535224558,9006,3.954531942626914,Female,Cancer (Malignant),TDU-021,Cancer
61.66821361223,9006,3.954531942626914,Female,Cancer (Malignant),TDU-021,Cancer
67.90193826291824,15493,4.190135520877031,Male,Cancer (Malignant),TDU-021,Cancer
66.64552601272838,15493,4.190135520877031,Male,Cancer (Malignant),TDU-021,Cancer
68.14372011858072,15493,4.190135520877031,Male,Cancer (Malignant),TDU-021,Cancer
67.91248445431299,15493,4.190135520877031,Male,Cancer (Malignant),TDU-021,Cancer
66.6626975612838,15493,4.190135520877031,Male,Cancer (Malignant),TDU-021,Cancer
66.66967542817038,15493,4.190135520877031,Male,Cancer (Malignant),TDU-021,Cancer
68.47327915700235,15493,4.190135520877031,Male,Cancer (Malignant),TDU-021,Cancer
67.24854159151224,15493,4.190135520877031,Male,Cancer (Malignant),TDU-021,Cancer
67.24128429413378,15493,4.190135520877031,Male,Cancer (Malignant),TDU-021,Cancer
68.125599134515,15493,4.190135520877031,Male,Cancer (Malignant),TDU-021,Cancer
68.39449715476772,15493,4.190135520877031,Male,Cancer (Malignant),TDU-021,Cancer
68.47200212764574,15493,4.190135520877031,Male,Cancer (Malignant),TDU-021,Cancer
68.00675637051788,15493,4.190135520877031,Male,Cancer (Malignant),TDU-021,Cancer
67.25251917106183,15493,4.190135520877031,Male,Cancer (Malignant),TDU-021,Cancer
66.66700143339733,15493,4.190135520877031,Male,Cancer (Malignant),TDU-021,Cancer
68.05429383185488,15493,4.190135520877031,Male,Cancer (Malignant),TDU-021,Cancer
67.61680849947162,15493,4.190135520877031,Male,Cancer (Malignant),TDU-021,Cancer
67.34844401849395,15493,4.190135520877031,Male,Cancer (Malignant),TDU-021,Cancer
68.31270877018947,15493,4.190135520877031,Male,Cancer (Malignant),TDU-021,Cancer
66.7223949646123,15493,4.190135520877031,Male,Cancer (Malignant),TDU-021,Cancer
67.48525020858172,15493,4.190135520877031,Male,Cancer (Malignant),TDU-021,Cancer
66.52270728953484,15493,4.190135520877031,Male,Cancer (Malignant),TDU-021,Cancer
67.43732128398825,15493,4.190135520877031,Male,Cancer (Malignant),TDU-021,Cancer
66.61260655136367,15493,4.190135520877031,Male,Cancer (Malignant),TDU-021,Cancer
66.73763583253614,15493,4.190135520877031,Male,Cancer (Malignant),TDU-021,Cancer
66.7350524935542,15493,4.190135520877031,Male,Cancer (Malignant),TDU-021,Cancer
67.79842060423212,15493,4.190135520877031,Male,Cancer (Malignant),TDU-021,Cancer
67.99208975853085,15493,4.190135520877031,Male,Cancer (Malignant),TDU-021,Cancer
67.66673753019433,15493,4.190135520877031,Male,Cancer (Malignant),TDU-021,Cancer
68.42434509694908,15493,4.190135520877031,Male,Cancer (Malignant),TDU-021,Cancer
67.2497411590474,15493,4.190135520877031,Male,Cancer (Malignant),TDU-021,Cancer
67.07142417256372,15493,4.190135520877031,Male,Cancer (Malignant),TDU-021,Cancer
68.23719825637892,15493,4.190135520877031,Male,Cancer (Malignant),TDU-021,Cancer
66.9471916770389,15493,4.190135520877031,Male,Cancer (Malignant),TDU-021,Cancer
68.42644507888122,15493,4.190135520877031,Male,Cancer (Malignant),TDU-021,Cancer
66.52430894937963,15493,4.190135520877031,Male,Cancer (Malignant),TDU-021,Cancer
68.43975765341528,15493,4.190135520877031,Male,Cancer (Malignant),TDU-021,Cancer
66.58631982390115,15493,4.190135520877031,Male,Cancer (Malignant),TDU-021,Cancer
68.28228622739614,15493,4.190135520877031,Male,Cancer (Malignant),TDU-021,Cancer
67.5554022181726,15493,4.190135520877031,Male,Cancer (Malignant),TDU-021,Cancer
68.4859295922386,15493,4.190135520877031,Male,Cancer (Malignant),TDU-021,Cancer
66.64759312947079,11350,4.054995861529141,Female,Cancer (Malignant),TDU-021,Cancer
67.60770856880264,11350,4.054995861529141,Female,Cancer (Malignant),TDU-021,Cancer
68.4386050712382,11350,4.054995861529141,Female,Cancer (Malignant),TDU-021,Cancer
67.5461956883403,11350,4.054995861529141,Female,Cancer (Malignant),TDU-021,Cancer
67.75879727627053,11350,4.054995861529141,Female,Cancer (Malignant),TDU-021,Cancer
67.89149737796923,11350,4.054995861529141,Female,Cancer (Malignant),TDU-021,Cancer
67.40908212953555,11350,4.054995861529141,Female,Cancer (Malignant),TDU-021,Cancer
67.75511616016813,11350,4.054995861529141,Female,Cancer (Malignant),TDU-021,Cancer
67.6686286238462,11350,4.054995861529141,Female,Cancer (Malignant),TDU-021,Cancer
68.30231602098198,11350,4.054995861529141,Female,Cancer (Malignant),TDU-021,Cancer
66.59089276068292,11350,4.054995861529141,Female,Cancer (Malignant),TDU-021,Cancer
67.06192637918446,11350,4.054995861529141,Female,Cancer (Malignant),TDU-021,Cancer
68.40082296815312,11350,4.054995861529141,Female,Cancer (Malignant),TDU-021,Cancer
68.28052756778183,11350,4.054995861529141,Female,Cancer (Malignant),TDU-021,Cancer
67.41131350557143,11350,4.054995861529141,Female,Cancer (Malignant),TDU-021,Cancer
67.74026519560307,11350,4.054995861529141,Female,Cancer (Malignant),TDU-021,Cancer
67.05476236596226,11350,4.054995861529141,Female,Cancer (Malignant),TDU-021,Cancer
66.87624231944753,11350,4.054995861529141,Female,Cancer (Malignant),TDU-021,Cancer
67.42739680987997,11350,4.054995861529141,Female,Cancer (Malignant),TDU-021,Cancer
67.20670445605211,11350,4.054995861529141,Female,Cancer (Malignant),TDU-021,Cancer
67.66731222370174,11350,4.054995861529141,Female,Cancer (Malignant),TDU-021,Cancer
66.65546927392997,11350,4.054995861529141,Female,Cancer (Malignant),TDU-021,Cancer
68.44878961533233,11350,4.054995861529141,Female,Cancer (Malignant),TDU-021,Cancer
68.4724214889592,11350,4.054995861529141,Female,Cancer (Malignant),TDU-021,Cancer
67.8963234280395,11350,4.054995861529141,Female,Cancer (Malignant),TDU-021,Cancer
67.57219273268824,11350,4.054995861529141,Female,Cancer (Malignant),TDU-021,Cancer
67.11905523257265,11350,4.054995861529141,Female,Cancer (Malignant),TDU-021,Cancer
68.1275900394139,11350,4.054995861529141,Female,Cancer (Malignant),TDU-021,Cancer
67.86946234510776,11350,4.054995861529141,Female,Cancer (Malignant),TDU-021,Cancer
66.82523387868979,11350,4.054995861529141,Female,Cancer (Malignant),TDU-021,Cancer
68.32185436898769,11350,4.054995861529141,Female,Cancer (Malignant),TDU-021,Cancer
68.14507448584634,11350,4.054995861529141,Female,Cancer (Malignant),TDU-021,Cancer
68.39959982658385,11350,4.054995861529141,Female,Cancer (Malignant),TDU-021,Cancer
67.95143901677672,11350,4.054995861529141,Female,Cancer (Malignant),TDU-021,Cancer
67.72683039187157,11350,4.054995861529141,Female,Cancer (Malignant),TDU-021,Cancer
72.33648607258124,18614,4.269839709576839,Male,Cancer (Malignant),TDU-021,Cancer
73.36545696670802,18614,4.269839709576839,Male,Cancer (Malignant),TDU-021,Cancer
73.23212777900082,18614,4.269839709576839,Male,Cancer (Malignant),TDU-021,Cancer
71.59043734021238,18614,4.269839709576839,Male,Cancer (Malignant),TDU-021,Cancer
71.5527339489945,18614,4.269839709576839,Male,Cancer (Malignant),TDU-021,Cancer
72.2529267337561,18614,4.269839709576839,Male,Cancer (Malignant),TDU-021,Cancer
73.12110666156367,18614,4.269839709576839,Male,Cancer (Malignant),TDU-021,Cancer
73.47455225862988,18614,4.269839709576839,Male,Cancer (Malignant),TDU-021,Cancer
71.80083378220705,18614,4.269839709576839,Male,Cancer (Malignant),TDU-021,Cancer
72.68826143070427,18614,4.269839709576839,Male,Cancer (Malignant),TDU-021,Cancer
72.26178171326204,18614,4.269839709576839,Male,Cancer (Malignant),TDU-021,Cancer
73.43982879562921,18614,4.269839709576839,Male,Cancer (Malignant),TDU-021,Cancer
73.18423784627142,18614,4.269839709576839,Male,Cancer (Malignant),TDU-021,Cancer
73.17665740942228,18614,4.269839709576839,Male,Cancer (Malignant),TDU-021,Cancer
72.43738631958995,18614,4.269839709576839,Male,Cancer (Malignant),TDU-021,Cancer
72.32963900467533,18614,4.269839709576839,Male,Cancer (Malignant),TDU-021,Cancer
72.04681414386141,18614,4.269839709576839,Male,Cancer (Malignant),TDU-021,Cancer
71.61275099330186,18614,4.269839709576839,Male,Cancer (Malignant),TDU-021,Cancer
73.2294447525101,18614,4.269839709576839,Male,Cancer (Malignant),TDU-021,Cancer
73.12580201826016,18614,4.269839709576839,Male,Cancer (Malignant),TDU-021,Cancer
73.49943534657226,18614,4.269839709576839,Male,Cancer (Malignant),TDU-021,Cancer
73.49327367414782,18614,4.269839709576839,Male,Cancer (Malignant),TDU-021,Cancer
72.61086341120526,18614,4.269839709576839,Male,Cancer (Malignant),TDU-021,Cancer
73.03797483036102,18614,4.269839709576839,Male,Cancer (Malignant),TDU-021,Cancer
73.38953145976485,18614,4.269839709576839,Male,Cancer (Malignant),TDU-021,Cancer
73.19929478135482,18614,4.269839709576839,Male,Cancer (Malignant),TDU-021,Cancer
71.9946962034864,18614,4.269839709576839,Male,Cancer (Malignant),TDU-021,Cancer
72.40108827062019,18614,4.269839709576839,Male,Cancer (Malignant),TDU-021,Cancer
71.75831883030298,18614,4.269839709576839,Male,Cancer (Malignant),TDU-021,Cancer
73.40810205451744,18614,4.269839709576839,Male,Cancer (Malignant),TDU-021,Cancer
72.71234926890176,18614,4.269839709576839,Male,Cancer (Malignant),TDU-021,Cancer
71.95728561100692,18614,4.269839709576839,Male,Cancer (Malignant),TDU-021,Cancer
72.84340136881171,18614,4.269839709576839,Male,Cancer (Malignant),TDU-021,Cancer
72.73625648091578,18614,4.269839709576839,Male,Cancer (Malignant),TDU-021,Cancer
72.21632543606569,18614,4.269839709576839,Male,Cancer (Malignant),TDU-021,Cancer
71.72711518439925,18614,4.269839709576839,Male,Cancer (Malignant),TDU-021,Cancer
72.8431463911856,18614,4.269839709576839,Male,Cancer (Malignant),TDU-021,Cancer
72.54061540180759,18614,4.269839709576839,Male,Cancer (Malignant),TDU-021,Cancer
73.04463678347128,18614,4.269839709576839,Male,Cancer (Malignant),TDU-021,Cancer
72.54032700222399,18614,4.269839709576839,Male,Cancer (Malignant),TDU-021,Cancer
73.20436300063707,18614,4.269839709576839,Male,Cancer (Malignant),TDU-021,Cancer
72.60381367754897,18614,4.269839709576839,Male,Cancer (Malignant),TDU-021,Cancer
72.62187594307078,18614,4.269839709576839,Male,Cancer (Malignant),TDU-021,Cancer
73.25330720531669,18614,4.269839709576839,Male,Cancer (Malignant),TDU-021,Cancer
72.3069657324248,18614,4.269839709576839,Male,Cancer (Malignant),TDU-021,Cancer
71.76803045690129,13535,4.131458260106525,Female,Cancer (Malignant),TDU-021,Cancer
71.55756535262668,13535,4.131458260106525,Female,Cancer (Malignant),TDU-021,Cancer
73.01027451134723,13535,4.131458260106525,Female,Cancer (Malignant),TDU-021,Cancer
72.74061910270693,13535,4.131458260106525,Female,Cancer (Malignant),TDU-021,Cancer
72.90815953619845,13535,4.131458260106525,Female,Cancer (Malignant),TDU-021,Cancer
71.92592832301783,13535,4.131458260106525,Female,Cancer (Malignant),TDU-021,Cancer
71.77274295117354,13535,4.131458260106525,Female,Cancer (Malignant),TDU-021,Cancer
71.52908933133577,13535,4.131458260106525,Female,Cancer (Malignant),TDU-021,Cancer
72.20117511761319,13535,4.131458260106525,Female,Cancer (Malignant),TDU-021,Cancer
72.67983537370927,13535,4.131458260106525,Female,Cancer (Malignant),TDU-021,Cancer
72.28448809019946,13535,4.131458260106525,Female,Cancer (Malignant),TDU-021,Cancer
72.37494984404746,13535,4.131458260106525,Female,Cancer (Malignant),TDU-021,Cancer
73.30831738898749,13535,4.131458260106525,Female,Cancer (Malignant),TDU-021,Cancer
72.1965109340466,13535,4.131458260106525,Female,Cancer (Malignant),TDU-021,Cancer
72.52797897831962,13535,4.131458260106525,Female,Cancer (Malignant),TDU-021,Cancer
73.06730602548228,13535,4.131458260106525,Female,Cancer (Malignant),TDU-021,Cancer
72.29308556464254,13535,4.131458260106525,Female,Cancer (Malignant),TDU-021,Cancer
72.74417340045575,13535,4.131458260106525,Female,Cancer (Malignant),TDU-021,Cancer
73.2247274174935,13535,4.131458260106525,Female,Cancer (Malignant),TDU-021,Cancer
73.39904124731528,13535,4.131458260106525,Female,Cancer (Malignant),TDU-021,Cancer
71.79414696185808,13535,4.131458260106525,Female,Cancer (Malignant),TDU-021,Cancer
73.35317525032299,13535,4.131458260106525,Female,Cancer (Malignant),TDU-021,Cancer
72.48423258615908,13535,4.131458260106525,Female,Cancer (Malignant),TDU-021,Cancer
72.01648877659791,13535,4.131458260106525,Female,Cancer (Malignant),TDU-021,Cancer
72.41827151247652,13535,4.131458260106525,Female,Cancer (Malignant),TDU-021,Cancer
73.46006515057095,13535,4.131458260106525,Female,Cancer (Malignant),TDU-021,Cancer
72.48523618798573,13535,4.131458260106525,Female,Cancer (Malignant),TDU-021,Cancer
72.15750322057502,13535,4.131458260106525,Female,Cancer (Malignant),TDU-021,Cancer
72.76680170863345,13535,4.131458260106525,Female,Cancer (Malignant),TDU-021,Cancer
71.98029123755639,13535,4.131458260106525,Female,Cancer (Malignant),TDU-021,Cancer
71.65172665621733,13535,4.131458260106525,Female,Cancer (Malignant),TDU-021,Cancer
71.7577594438213,13535,4.131458260106525,Female,Cancer (Malignant),TDU-021,Cancer
71.75609167791555,13535,4.131458260106525,Female,Cancer (Malignant),TDU-021,Cancer
71.80380538702458,13535,4.131458260106525,Female,Cancer (Malignant),TDU-021,Cancer
71.77765434529881,13535,4.131458260106525,Female,Cancer (Malignant),TDU-021,Cancer
72.78174948960643,13535,4.131458260106525,Female,Cancer (Malignant),TDU-021,Cancer
71.8637601687983,13535,4.131458260106525,Female,Cancer (Malignant),TDU-021,Cancer
72.19133456664773,13535,4.131458260106525,Female,Cancer (Malignant),TDU-021,Cancer
78.29357681981202,17680,4.247482260677054,Male,Cancer (Malignant),TDU-021,Cancer
77.44792328052574,17680,4.247482260677054,Male,Cancer (Malignant),TDU-021,Cancer
77.83511547704205,17680,4.247482260677054,Male,Cancer (Malignant),TDU-021,Cancer
76.84463974240326,17680,4.247482260677054,Male,Cancer (Malignant),TDU-021,Cancer
76.88457803761735,17680,4.247482260677054,Male,Cancer (Malignant),TDU-021,Cancer
76.58173723253296,17680,4.247482260677054,Male,Cancer (Malignant),TDU-021,Cancer
76.83787012614432,17680,4.247482260677054,Male,Cancer (Malignant),TDU-021,Cancer
77.05718067806392,17680,4.247482260677054,Male,Cancer (Malignant),TDU-021,Cancer
76.8540209685535,17680,4.247482260677054,Male,Cancer (Malignant),TDU-021,Cancer
76.67740506751412,17680,4.247482260677054,Male,Cancer (Malignant),TDU-021,Cancer
76.7412717422012,17680,4.247482260677054,Male,Cancer (Malignant),TDU-021,Cancer
77.42155753606545,17680,4.247482260677054,Male,Cancer (Malignant),TDU-021,Cancer
76.91266743681159,17680,4.247482260677054,Male,Cancer (Malignant),TDU-021,Cancer
77.22853972209614,17680,4.247482260677054,Male,Cancer (Malignant),TDU-021,Cancer
77.50683454170971,17680,4.247482260677054,Male,Cancer (Malignant),TDU-021,Cancer
77.88078965725873,17680,4.247482260677054,Male,Cancer (Malignant),TDU-021,Cancer
76.5786242796822,17680,4.247482260677054,Male,Cancer (Malignant),TDU-021,Cancer
78.09882079781809,17680,4.247482260677054,Male,Cancer (Malignant),TDU-021,Cancer
77.75580077898182,17680,4.247482260677054,Male,Cancer (Malignant),TDU-021,Cancer
76.66351806389774,17680,4.247482260677054,Male,Cancer (Malignant),TDU-021,Cancer
78.24715724821355,17680,4.247482260677054,Male,Cancer (Malignant),TDU-021,Cancer
78.34174480106363,17680,4.247482260677054,Male,Cancer (Malignant),TDU-021,Cancer
76.62215591970973,17680,4.247482260677054,Male,Cancer (Malignant),TDU-021,Cancer
77.05375529629441,17680,4.247482260677054,Male,Cancer (Malignant),TDU-021,Cancer
78.11240255958612,17680,4.247482260677054,Male,Cancer (Malignant),TDU-021,Cancer
77.99651938076731,17680,4.247482260677054,Male,Cancer (Malignant),TDU-021,Cancer
76.86904203871275,17680,4.247482260677054,Male,Cancer (Malignant),TDU-021,Cancer
76.91869864667342,17680,4.247482260677054,Male,Cancer (Malignant),TDU-021,Cancer
77.24094420558276,17680,4.247482260677054,Male,Cancer (Malignant),TDU-021,Cancer
77.46904597038204,17680,4.247482260677054,Male,Cancer (Malignant),TDU-021,Cancer
77.73650954306059,17680,4.247482260677054,Male,Cancer (Malignant),TDU-021,Cancer
77.23782727913955,17680,4.247482260677054,Male,Cancer (Malignant),TDU-021,Cancer
77.4250694322663,17680,4.247482260677054,Male,Cancer (Malignant),TDU-021,Cancer
77.99494187626752,17680,4.247482260677054,Male,Cancer (Malignant),TDU-021,Cancer
76.5733664057812,17680,4.247482260677054,Male,Cancer (Malignant),TDU-021,Cancer
77.00487388868804,17680,4.247482260677054,Male,Cancer (Malignant),TDU-021,Cancer
77.9266991717691,17680,4.247482260677054,Male,Cancer (Malignant),TDU-021,Cancer
78.2904136753744,17680,4.247482260677054,Male,Cancer (Malignant),TDU-021,Cancer
77.52335488423134,17680,4.247482260677054,Male,Cancer (Malignant),TDU-021,Cancer
77.56422697053063,17680,4.247482260677054,Male,Cancer (Malignant),TDU-021,Cancer
76.71434402267955,17680,4.247482260677054,Male,Cancer (Malignant),TDU-021,Cancer
77.39482473364691,17680,4.247482260677054,Male,Cancer (Malignant),TDU-021,Cancer
77.56523453291004,17680,4.247482260677054,Male,Cancer (Malignant),TDU-021,Cancer
76.98494100726946,17680,4.247482260677054,Male,Cancer (Malignant),TDU-021,Cancer
77.03848646189876,13751,4.138334282071019,Female,Cancer (Malignant),TDU-021,Cancer
77.25456832620924,13751,4.138334282071019,Female,Cancer (Malignant),TDU-021,Cancer
76.54014239555545,13751,4.138334282071019,Female,Cancer (Malignant),TDU-021,Cancer
77.14415833116635,13751,4.138334282071019,Female,Cancer (Malignant),TDU-021,Cancer
76.9228960139931,13751,4.138334282071019,Female,Cancer (Malignant),TDU-021,Cancer
77.15499470435583,13751,4.138334282071019,Female,Cancer (Malignant),TDU-021,Cancer
76.7395242636385,13751,4.138334282071019,Female,Cancer (Malignant),TDU-021,Cancer
78.28105456147979,13751,4.138334282071019,Female,Cancer (Malignant),TDU-021,Cancer
77.6871849071081,13751,4.138334282071019,Female,Cancer (Malignant),TDU-021,Cancer
77.85820463828898,13751,4.138334282071019,Female,Cancer (Malignant),TDU-021,Cancer
78.07834247721468,13751,4.138334282071019,Female,Cancer (Malignant),TDU-021,Cancer
77.49688439785811,13751,4.138334282071019,Female,Cancer (Malignant),TDU-021,Cancer
76.67384057617485,13751,4.138334282071019,Female,Cancer (Malignant),TDU-021,Cancer
77.57421308363709,13751,4.138334282071019,Female,Cancer (Malignant),TDU-021,Cancer
77.67368223604176,13751,4.138334282071019,Female,Cancer (Malignant),TDU-021,Cancer
77.99087894836866,13751,4.138334282071019,Female,Cancer (Malignant),TDU-021,Cancer
77.36331909245936,13751,4.138334282071019,Female,Cancer (Malignant),TDU-021,Cancer
76.75516060559113,13751,4.138334282071019,Female,Cancer (Malignant),TDU-021,Cancer
77.06755181159745,13751,4.138334282071019,Female,Cancer (Malignant),TDU-021,Cancer
77.22616459279728,13751,4.138334282071019,Female,Cancer (Malignant),TDU-021,Cancer
77.7918344826632,13751,4.138334282071019,Female,Cancer (Malignant),TDU-021,Cancer
77.64155660933783,13751,4.138334282071019,Female,Cancer (Malignant),TDU-021,Cancer
77.2121934517957,13751,4.138334282071019,Female,Cancer (Malignant),TDU-021,Cancer
78.47303049758595,13751,4.138334282071019,Female,Cancer (Malignant),TDU-021,Cancer
77.71154963871378,13751,4.138334282071019,Female,Cancer (Malignant),TDU-021,Cancer
76.97445358347198,13751,4.138334282071019,Female,Cancer (Malignant),TDU-021,Cancer
76.70356494524081,13751,4.138334282071019,Female,Cancer (Malignant),TDU-021,Cancer
76.80571827836866,13751,4.138334282071019,Female,Cancer (Malignant),TDU-021,Cancer
76.99191545676902,13751,4.138334282071019,Female,Cancer (Malignant),TDU-021,Cancer
76.82136274651911,13751,4.138334282071019,Female,Cancer (Malignant),TDU-021,Cancer
76.87313404810261,13751,4.138334282071019,Female,Cancer (Malignant),TDU-021,Cancer
77.0701903373877,13751,4.138334282071019,Female,Cancer (Malignant),TDU-021,Cancer
76.84674719058951,13751,4.138334282071019,Female,Cancer (Malignant),TDU-021,Cancer
78.29353084925285,13751,4.138334282071019,Female,Cancer (Malignant),TDU-021,Cancer
76.66046749132329,13751,4.138334282071019,Female,Cancer (Malignant),TDU-021,Cancer
77.54902277914051,13751,4.138334282071019,Female,Cancer (Malignant),TDU-021,Cancer
77.32079365397932,13751,4.138334282071019,Female,Cancer (Malignant),TDU-021,Cancer
78.46475723381721,13751,4.138334282071019,Female,Cancer (Malignant),TDU-021,Cancer
76.7240778043361,13751,4.138334282071019,Female,Cancer (Malignant),TDU-021,Cancer
82.29571119809148,23584,4.372617466178958,Male,Cancer (Malignant),TDU-021,Cancer
83.43894086655074,23584,4.372617466178958,Male,Cancer (Malignant),TDU-021,Cancer
83.23101425178795,23584,4.372617466178958,Male,Cancer (Malignant),TDU-021,Cancer
83.13414414189856,23584,4.372617466178958,Male,Cancer (Malignant),TDU-021,Cancer
82.01580565408987,23584,4.372617466178958,Male,Cancer (Malignant),TDU-021,Cancer
81.84177517478012,23584,4.372617466178958,Male,Cancer (Malignant),TDU-021,Cancer
82.83728643984887,23584,4.372617466178958,Male,Cancer (Malignant),TDU-021,Cancer
83.35875197825517,23584,4.372617466178958,Male,Cancer (Malignant),TDU-021,Cancer
82.61352578602786,23584,4.372617466178958,Male,Cancer (Malignant),TDU-021,Cancer
82.6432253789398,23584,4.372617466178958,Male,Cancer (Malignant),TDU-021,Cancer
82.05995818732058,23584,4.372617466178958,Male,Cancer (Malignant),TDU-021,Cancer
83.03898586638387,23584,4.372617466178958,Male,Cancer (Malignant),TDU-021,Cancer
81.87408749711504,23584,4.372617466178958,Male,Cancer (Malignant),TDU-021,Cancer
82.14735847280849,23584,4.372617466178958,Male,Cancer (Malignant),TDU-021,Cancer
82.35087287723283,23584,4.372617466178958,Male,Cancer (Malignant),TDU-021,Cancer
82.51522075736891,23584,4.372617466178958,Male,Cancer (Malignant),TDU-021,Cancer
81.98481946483017,23584,4.372617466178958,Male,Cancer (Malignant),TDU-021,Cancer
81.7296736494784,23584,4.372617466178958,Male,Cancer (Malignant),TDU-021,Cancer
82.72124008488326,23584,4.372617466178958,Male,Cancer (Malignant),TDU-021,Cancer
82.0772611064805,23584,4.372617466178958,Male,Cancer (Malignant),TDU-021,Cancer
82.66247644284522,23584,4.372617466178958,Male,Cancer (Malignant),TDU-021,Cancer
81.8087254305484,23584,4.372617466178958,Male,Cancer (Malignant),TDU-021,Cancer
82.46228020370964,23584,4.372617466178958,Male,Cancer (Malignant),TDU-021,Cancer
82.56517886510318,23584,4.372617466178958,Male,Cancer (Malignant),TDU-021,Cancer
81.60364707364485,23584,4.372617466178958,Male,Cancer (Malignant),TDU-021,Cancer
82.17320855638783,23584,4.372617466178958,Male,Cancer (Malignant),TDU-021,Cancer
81.76882935387795,23584,4.372617466178958,Male,Cancer (Malignant),TDU-021,Cancer
81.62674994094553,23584,4.372617466178958,Male,Cancer (Malignant),TDU-021,Cancer
83.4799204647799,23584,4.372617466178958,Male,Cancer (Malignant),TDU-021,Cancer
82.14470768994944,23584,4.372617466178958,Male,Cancer (Malignant),TDU-021,Cancer
83.11974889170926,23584,4.372617466178958,Male,Cancer (Malignant),TDU-021,Cancer
82.00928130952752,23584,4.372617466178958,Male,Cancer (Malignant),TDU-021,Cancer
82.86300544444786,23584,4.372617466178958,Male,Cancer (Malignant),TDU-021,Cancer
83.02045571977938,23584,4.372617466178958,Male,Cancer (Malignant),TDU-021,Cancer
82.69127748121569,23584,4.372617466178958,Male,Cancer (Malignant),TDU-021,Cancer
82.44315237710032,23584,4.372617466178958,Male,Cancer (Malignant),TDU-021,Cancer
82.32368182829454,23584,4.372617466178958,Male,Cancer (Malignant),TDU-021,Cancer
82.19773653308599,23584,4.372617466178958,Male,Cancer (Malignant),TDU-021,Cancer
83.35905828849565,23584,4.372617466178958,Male,Cancer (Malignant),TDU-021,Cancer
83.16123881557546,23584,4.372617466178958,Male,Cancer (Malignant),TDU-021,Cancer
83.43005382133302,23584,4.372617466178958,Male,Cancer (Malignant),TDU-021,Cancer
81.74859444697108,23584,4.372617466178958,Male,Cancer (Malignant),TDU-021,Cancer
82.96173495040729,23584,4.372617466178958,Male,Cancer (Malignant),TDU-021,Cancer
83.37668091364208,23584,4.372617466178958,Male,Cancer (Malignant),TDU-021,Cancer
81.86246613233132,23584,4.372617466178958,Male,Cancer (Malignant),TDU-021,Cancer
81.63299253473356,23584,4.372617466178958,Male,Cancer (Malignant),TDU-021,Cancer
82.98224129858012,23584,4.372617466178958,Male,Cancer (Malignant),TDU-021,Cancer
82.64894622635983,23584,4.372617466178958,Male,Cancer (Malignant),TDU-021,Cancer
83.18365755351654,23584,4.372617466178958,Male,Cancer (Malignant),TDU-021,Cancer
81.77954475325258,23584,4.372617466178958,Male,Cancer (Malignant),TDU-021,Cancer
83.09053462371978,20005,4.301138555715016,Female,Cancer (Malignant),TDU-021,Cancer
81.90325464009548,20005,4.301138555715016,Female,Cancer (Malignant),TDU-021,Cancer
81.8273118857314,20005,4.301138555715016,Female,Cancer (Malignant),TDU-021,Cancer
81.82853159586199,20005,4.301138555715016,Female,Cancer (Malignant),TDU-021,Cancer
83.12914944046277,20005,4.301138555715016,Female,Cancer (Malignant),TDU-021,Cancer
82.8303944413924,20005,4.301138555715016,Female,Cancer (Malignant),TDU-021,Cancer
82.54613084953824,20005,4.301138555715016,Female,Cancer (Malignant),TDU-021,Cancer
82.217660968247,20005,4.301138555715016,Female,Cancer (Malignant),TDU-021,Cancer
83.25440108162621,20005,4.301138555715016,Female,Cancer (Malignant),TDU-021,Cancer
82.28489021484528,20005,4.301138555715016,Female,Cancer (Malignant),TDU-021,Cancer
83.13319887894315,20005,4.301138555715016,Female,Cancer (Malignant),TDU-021,Cancer
82.37826981714043,20005,4.301138555715016,Female,Cancer (Malignant),TDU-021,Cancer
82.25388885884982,20005,4.301138555715016,Female,Cancer (Malignant),TDU-021,Cancer
82.42535957133921,20005,4.301138555715016,Female,Cancer (Malignant),TDU-021,Cancer
82.10275574832828,20005,4.301138555715016,Female,Cancer (Malignant),TDU-021,Cancer
82.9952187603525,20005,4.301138555715016,Female,Cancer (Malignant),TDU-021,Cancer
82.50544078018495,20005,4.301138555715016,Female,Cancer (Malignant),TDU-021,Cancer
81.96442539029364,20005,4.301138555715016,Female,Cancer (Malignant),TDU-021,Cancer
83.29914914654914,20005,4.301138555715016,Female,Cancer (Malignant),TDU-021,Cancer
82.26778244274642,20005,4.301138555715016,Female,Cancer (Malignant),TDU-021,Cancer
82.58710572222797,20005,4.301138555715016,Female,Cancer (Malignant),TDU-021,Cancer
83.3129442219291,20005,4.301138555715016,Female,Cancer (Malignant),TDU-021,Cancer
82.74847599182799,20005,4.301138555715016,Female,Cancer (Malignant),TDU-021,Cancer
81.73379608141673,20005,4.301138555715016,Female,Cancer (Malignant),TDU-021,Cancer
83.37966424722696,20005,4.301138555715016,Female,Cancer (Malignant),TDU-021,Cancer
82.75541610614283,20005,4.301138555715016,Female,Cancer (Malignant),TDU-021,Cancer
82.16981122931418,20005,4.301138555715016,Female,Cancer (Malignant),TDU-021,Cancer
81.77854414532678,20005,4.301138555715016,Female,Cancer (Malignant),TDU-021,Cancer
83.08805037854059,20005,4.301138555715016,Female,Cancer (Malignant),TDU-021,Cancer
82.74014551185702,20005,4.301138555715016,Female,Cancer (Malignant),TDU-021,Cancer
82.56692218395264,20005,4.301138555715016,Female,Cancer (Malignant),TDU-021,Cancer
83.28778516610191,20005,4.301138555715016,Female,Cancer (Malignant),TDU-021,Cancer
83.07719442244907,20005,4.301138555715016,Female,Cancer (Malignant),TDU-021,Cancer
81.8033497594655,20005,4.301138555715016,Female,Cancer (Malignant),TDU-021,Cancer
82.1234441355911,20005,4.301138555715016,Female,Cancer (Malignant),TDU-021,Cancer
81.99697827962893,20005,4.301138555715016,Female,Cancer (Malignant),TDU-021,Cancer
82.98789258514536,20005,4.301138555715016,Female,Cancer (Malignant),TDU-021,Cancer
81.56706486947157,20005,4.301138555715016,Female,Cancer (Malignant),TDU-021,Cancer
82.63977936974263,20005,4.301138555715016,Female,Cancer (Malignant),TDU-021,Cancer
83.02491737148138,20005,4.301138555715016,Female,Cancer (Malignant),TDU-021,Cancer
83.25353127352349,20005,4.301138555715016,Female,Cancer (Malignant),TDU-021,Cancer
82.18416349743181,20005,4.301138555715016,Female,Cancer (Malignant),TDU-021,Cancer
83.14251460934402,20005,4.301138555715016,Female,Cancer (Malignant),TDU-021,Cancer
81.72126347391041,20005,4.301138555715016,Female,Cancer (Malignant),TDU-021,Cancer
83.19290458346903,20005,4.301138555715016,Female,Cancer (Malignant),TDU-021,Cancer
81.75497732466397,20005,4.301138555715016,Female,Cancer (Malignant),TDU-021,Cancer
82.29457458112074,20005,4.301138555715016,Female,Cancer (Malignant),TDU-021,Cancer
90.59459073155911,23584,4.372617466178958,Male,Cancer (Malignant),TDU-021,Cancer
89.29983485469755,23584,4.372617466178958,Male,Cancer (Malignant),TDU-021,Cancer
89.45850279046529,23584,4.372617466178958,Male,Cancer (Malignant),TDU-021,Cancer
90.44450513678613,23584,4.372617466178958,Male,Cancer (Malignant),TDU-021,Cancer
90.44007307309215,23584,4.372617466178958,Male,Cancer (Malignant),TDU-021,Cancer
90.2822952657706,23584,4.372617466178958,Male,Cancer (Malignant),TDU-021,Cancer
90.3878968889342,23584,4.372617466178958,Male,Cancer (Malignant),TDU-021,Cancer
90.08544888669519,23584,4.372617466178958,Male,Cancer (Malignant),TDU-021,Cancer
89.50359811781391,23584,4.372617466178958,Male,Cancer (Malignant),TDU-021,Cancer
89.69139198700783,23584,4.372617466178958,Male,Cancer (Malignant),TDU-021,Cancer
89.36319543360285,23584,4.372617466178958,Male,Cancer (Malignant),TDU-021,Cancer
90.81690112266726,23584,4.372617466178958,Male,Cancer (Malignant),TDU-021,Cancer
90.16678358953224,23584,4.372617466178958,Male,Cancer (Malignant),TDU-021,Cancer
89.80170283352729,23584,4.372617466178958,Male,Cancer (Malignant),TDU-021,Cancer
89.92401160728826,23584,4.372617466178958,Male,Cancer (Malignant),TDU-021,Cancer
90.89456667922363,23584,4.372617466178958,Male,Cancer (Malignant),TDU-021,Cancer
89.30670280623217,23584,4.372617466178958,Male,Cancer (Malignant),TDU-021,Cancer
90.1724596640336,23584,4.372617466178958,Male,Cancer (Malignant),TDU-021,Cancer
90.01177735776893,23584,4.372617466178958,Male,Cancer (Malignant),TDU-021,Cancer
90.2229084708693,23584,4.372617466178958,Male,Cancer (Malignant),TDU-021,Cancer
89.03622036764168,23584,4.372617466178958,Male,Cancer (Malignant),TDU-021,Cancer
90.74424781788831,23584,4.372617466178958,Male,Cancer (Malignant),TDU-021,Cancer
90.86423656496723,23584,4.372617466178958,Male,Cancer (Malignant),TDU-021,Cancer
90.13026636717842,23584,4.372617466178958,Male,Cancer (Malignant),TDU-021,Cancer
90.39330164775379,23584,4.372617466178958,Male,Cancer (Malignant),TDU-021,Cancer
90.84499876235459,23584,4.372617466178958,Male,Cancer (Malignant),TDU-021,Cancer
90.4144772686268,23584,4.372617466178958,Male,Cancer (Malignant),TDU-021,Cancer
89.30507808582853,23584,4.372617466178958,Male,Cancer (Malignant),TDU-021,Cancer
90.15257672033363,23584,4.372617466178958,Male,Cancer (Malignant),TDU-021,Cancer
90.2134300927657,23584,4.372617466178958,Male,Cancer (Malignant),TDU-021,Cancer
89.84826134260477,23584,4.372617466178958,Male,Cancer (Malignant),TDU-021,Cancer
90.47288847124945,23584,4.372617466178958,Male,Cancer (Malignant),TDU-021,Cancer
90.86873402953803,23584,4.372617466178958,Male,Cancer (Malignant),TDU-021,Cancer
90.85113702581356,23584,4.372617466178958,Male,Cancer (Malignant),TDU-021,Cancer
89.90167874280826,23584,4.372617466178958,Male,Cancer (Malignant),TDU-021,Cancer
89.2264760916815,23584,4.372617466178958,Male,Cancer (Malignant),TDU-021,Cancer
90.96968239792467,23584,4.372617466178958,Male,Cancer (Malignant),TDU-021,Cancer
90.67779617289187,23584,4.372617466178958,Male,Cancer (Malignant),TDU-021,Cancer
89.24932536240654,23584,4.372617466178958,Male,Cancer (Malignant),TDU-021,Cancer
90.84168376523475,23584,4.372617466178958,Male,Cancer (Malignant),TDU-021,Cancer
90.73979272412426,23584,4.372617466178958,Male,Cancer (Malignant),TDU-021,Cancer
90.03767611425215,23584,4.372617466178958,Male,Cancer (Malignant),TDU-021,Cancer
90.18255087148985,23584,4.372617466178958,Male,Cancer (Malignant),TDU-021,Cancer
89.79800540774026,23584,4.372617466178958,Male,Cancer (Malignant),TDU-021,Cancer
89.10952327764406,23584,4.372617466178958,Male,Cancer (Malignant),TDU-021,Cancer
89.6703944832918,23584,4.372617466178958,Male,Cancer (Malignant),TDU-021,Cancer
90.60570689719603,23584,4.372617466178958,Male,Cancer (Malignant),TDU-021,Cancer
89.0092640460092,23584,4.372617466178958,Male,Cancer (Malignant),TDU-021,Cancer
89.66699834338229,23584,4.372617466178958,Male,Cancer (Malignant),TDU-021,Cancer
89.7963373871819,23584,4.372617466178958,Male,Cancer (Malignant),TDU-021,Cancer
90.07479120587584,26451,4.422442095511937,Female,Cancer (Malignant),TDU-021,Cancer
90.83971123282552,26451,4.422442095511937,Female,Cancer (Malignant),TDU-021,Cancer
89.69269198873192,26451,4.422442095511937,Female,Cancer (Malignant),TDU-021,Cancer
89.69390640379245,26451,4.422442095511937,Female,Cancer (Malignant),TDU-021,Cancer
90.4750024962195,26451,4.422442095511937,Female,Cancer (Malignant),TDU-021,Cancer
89.90443588177962,26451,4.422442095511937,Female,Cancer (Malignant),TDU-021,Cancer
89.44920964587996,26451,4.422442095511937,Female,Cancer (Malignant),TDU-021,Cancer
89.90487903226538,26451,4.422442095511937,Female,Cancer (Malignant),TDU-021,Cancer
89.2817140407596,26451,4.422442095511937,Female,Cancer (Malignant),TDU-021,Cancer
89.35277397301245,26451,4.422442095511937,Female,Cancer (Malignant),TDU-021,Cancer
89.99673554547896,26451,4.422442095511937,Female,Cancer (Malignant),TDU-021,Cancer
89.8378508990091,26451,4.422442095511937,Female,Cancer (Malignant),TDU-021,Cancer
90.8296918021362,26451,4.422442095511937,Female,Cancer (Malignant),TDU-021,Cancer
89.72478779823327,26451,4.422442095511937,Female,Cancer (Malignant),TDU-021,Cancer
90.16117670055608,26451,4.422442095511937,Female,Cancer (Malignant),TDU-021,Cancer
90.26452857583907,26451,4.422442095511937,Female,Cancer (Malignant),TDU-021,Cancer
89.02618891317667,26451,4.422442095511937,Female,Cancer (Malignant),TDU-021,Cancer
90.32707474403342,26451,4.422442095511937,Female,Cancer (Malignant),TDU-021,Cancer
89.3560719337395,26451,4.422442095511937,Female,Cancer (Malignant),TDU-021,Cancer
90.92214063493891,26451,4.422442095511937,Female,Cancer (Malignant),TDU-021,Cancer
89.29732545550623,26451,4.422442095511937,Female,Cancer (Malignant),TDU-021,Cancer
89.82924824745405,26451,4.422442095511937,Female,Cancer (Malignant),TDU-021,Cancer
89.17069933615728,26451,4.422442095511937,Female,Cancer (Malignant),TDU-021,Cancer
90.99374850369189,26451,4.422442095511937,Female,Cancer (Malignant),TDU-021,Cancer
90.00439002066248,26451,4.422442095511937,Female,Cancer (Malignant),TDU-021,Cancer
90.19077003464008,26451,4.422442095511937,Female,Cancer (Malignant),TDU-021,Cancer
89.13415295477685,26451,4.422442095511937,Female,Cancer (Malignant),TDU-021,Cancer
90.49992094079836,26451,4.422442095511937,Female,Cancer (Malignant),TDU-021,Cancer
89.41981118619117,26451,4.422442095511937,Female,Cancer (Malignant),TDU-021,Cancer
90.79610857888143,26451,4.422442095511937,Female,Cancer (Malignant),TDU-021,Cancer
89.41027928096402,26451,4.422442095511937,Female,Cancer (Malignant),TDU-021,Cancer
89.38137544132734,26451,4.422442095511937,Female,Cancer (Malignant),TDU-021,Cancer
89.07309933569618,26451,4.422442095511937,Female,Cancer (Malignant),TDU-021,Cancer
89.94413389022,26451,4.422442095511937,Female,Cancer (Malignant),TDU-021,Cancer
90.12968226652524,26451,4.422442095511937,Female,Cancer (Malignant),TDU-021,Cancer
89.1314172788567,26451,4.422442095511937,Female,Cancer (Malignant),TDU-021,Cancer
90.55105523339002,26451,4.422442095511937,Female,Cancer (Malignant),TDU-021,Cancer
89.90657766949606,26451,4.422442095511937,Female,Cancer (Malignant),TDU-021,Cancer
90.04878053865517,26451,4.422442095511937,Female,Cancer (Malignant),TDU-021,Cancer
89.88152549387645,26451,4.422442095511937,Female,Cancer (Malignant),TDU-021,Cancer
89.80152612175065,26451,4.422442095511937,Female,Cancer (Malignant),TDU-021,Cancer
90.11928066261643,26451,4.422442095511937,Female,Cancer (Malignant),TDU-021,Cancer
89.31048049186143,26451,4.422442095511937,Female,Cancer (Malignant),TDU-021,Cancer
89.36385626099054,26451,4.422442095511937,Female,Cancer (Malignant),TDU-021,Cancer
90.72357124202703,26451,4.422442095511937,Female,Cancer (Malignant),TDU-021,Cancer
90.89223092426727,26451,4.422442095511937,Female,Cancer (Malignant),TDU-021,Cancer
89.7466186325595,26451,4.422442095511937,Female,Cancer (Malignant),TDU-021,Cancer
89.54148934628711,26451,4.422442095511937,Female,Cancer (Malignant),TDU-021,Cancer
90.28799908647804,26451,4.422442095511937,Female,Cancer (Malignant),TDU-021,Cancer
89.8174683421962,26451,4.422442095511937,Female,Cancer (Malignant),TDU-021,Cancer
26.55077271132069,8,0.9030899869919435,Male,Colon Cancer,TDU-02104,Cancer
26.81230519473238,6,0.7781512503836436,Female,Colon Cancer,TDU-02104,Cancer
32.9319444576948,15,1.1760912590556813,Male,Colon Cancer,TDU-02104,Cancer
32.817847883820306,11,1.0413926851582251,Female,Colon Cancer,TDU-02104,Cancer
36.554191985006966,28,1.4471580313422192,Male,Colon Cancer,TDU-02104,Cancer
36.9439443238659,21,1.3222192947339193,Female,Colon Cancer,TDU-02104,Cancer
41.96214959317614,55,1.7403626894942439,Male,Colon Cancer,TDU-02104,Cancer
42.84378548719746,55,1.7403626894942439,Male,Colon Cancer,TDU-02104,Cancer
41.53942107550873,58,1.7634279935629373,Female,Colon Cancer,TDU-02104,Cancer
41.708217163969145,58,1.7634279935629373,Female,Colon Cancer,TDU-02104,Cancer
48.09983217074638,88,1.9444826721501687,Male,Colon Cancer,TDU-02104,Cancer
46.85708932410867,88,1.9444826721501687,Male,Colon Cancer,TDU-02104,Cancer
47.80549221570375,88,1.9444826721501687,Male,Colon Cancer,TDU-02104,Cancer
46.976365562093456,80,1.9030899869919435,Female,Colon Cancer,TDU-02104,Cancer
46.69888278551869,80,1.9030899869919435,Female,Colon Cancer,TDU-02104,Cancer
51.98634438199891,210,2.322219294733919,Male,Colon Cancer,TDU-02104,Cancer
52.94453386371132,210,2.322219294733919,Male,Colon Cancer,TDU-02104,Cancer
53.21139293621257,210,2.322219294733919,Male,Colon Cancer,TDU-02104,Cancer
53.160439729133984,210,2.322219294733919,Male,Colon Cancer,TDU-02104,Cancer
52.29436705923691,136,2.1335389083702174,Female,Colon Cancer,TDU-02104,Cancer
52.83617027314129,136,2.1335389083702174,Female,Colon Cancer,TDU-02104,Cancer
51.90996859083164,136,2.1335389083702174,Female,Colon Cancer,TDU-02104,Cancer
57.086295460522024,392,2.593286067020457,Male,Colon Cancer,TDU-02104,Cancer
58.29267163704224,392,2.593286067020457,Male,Colon Cancer,TDU-02104,Cancer
56.52600384702147,392,2.593286067020457,Male,Colon Cancer,TDU-02104,Cancer
56.67101706170894,392,2.593286067020457,Male,Colon Cancer,TDU-02104,Cancer
56.91577251029206,392,2.593286067020457,Male,Colon Cancer,TDU-02104,Cancer
56.55306440774764,392,2.593286067020457,Male,Colon Cancer,TDU-02104,Cancer
56.86287087017959,274,2.437750562820388,Female,Colon Cancer,TDU-02104,Cancer
57.66608312193939,274,2.437750562820388,Female,Colon Cancer,TDU-02104,Cancer
57.342849101184996,274,2.437750562820388,Female,Colon Cancer,TDU-02104,Cancer
58.28534342215395,274,2.437750562820388,Female,Colon Cancer,TDU-02104,Cancer
58.13488712347688,274,2.437750562820388,Female,Colon Cancer,TDU-02104,Cancer
62.183634703395754,628,2.797959643737196,Male,Colon Cancer,TDU-02104,Cancer
62.01884686686258,628,2.797959643737196,Male,Colon Cancer,TDU-02104,Cancer
62.25938481633453,628,2.797959643737196,Male,Colon Cancer,TDU-02104,Cancer
62.68058988502962,628,2.797959643737196,Male,Colon Cancer,TDU-02104,Cancer
62.036127281645754,628,2.797959643737196,Male,Colon Cancer,TDU-02104,Cancer
62.748297815698265,628,2.797959643737196,Male,Colon Cancer,TDU-02104,Cancer
62.318823304382484,628,2.797959643737196,Male,Colon Cancer,TDU-02104,Cancer
62.60409436170396,628,2.797959643737196,Male,Colon Cancer,TDU-02104,Cancer
62.37225305827063,436,2.639486489268586,Female,Colon Cancer,TDU-02104,Cancer
62.088931519083836,436,2.639486489268586,Female,Colon Cancer,TDU-02104,Cancer
63.396906613924315,436,2.639486489268586,Female,Colon Cancer,TDU-02104,Cancer
63.027211588319524,436,2.639486489268586,Female,Colon Cancer,TDU-02104,Cancer
61.7802263515329,436,2.639486489268586,Female,Colon Cancer,TDU-02104,Cancer
63.23693595179583,436,2.639486489268586,Female,Colon Cancer,TDU-02104,Cancer
67.47486239649902,859,2.9339931638312424,Male,Colon Cancer,TDU-02104,Cancer
68.28910445378818,859,2.9339931638312424,Male,Colon Cancer,TDU-02104,Cancer
68.09971051189463,859,2.9339931638312424,Male,Colon Cancer,TDU-02104,Cancer
67.35042700893847,859,2.9339931638312424,Male,Colon Cancer,TDU-02104,Cancer
66.54493861664024,859,2.9339931638312424,Male,Colon Cancer,TDU-02104,Cancer
67.03735471876989,859,2.9339931638312424,Male,Colon Cancer,TDU-02104,Cancer
67.58326842932173,859,2.9339931638312424,Male,Colon Cancer,TDU-02104,Cancer
67.76695643965229,859,2.9339931638312424,Male,Colon Cancer,TDU-02104,Cancer
67.01577537086641,859,2.9339931638312424,Male,Colon Cancer,TDU-02104,Cancer
66.77871214814564,536,2.72916478969277,Female,Colon Cancer,TDU-02104,Cancer
68.1698604735986,536,2.72916478969277,Female,Colon Cancer,TDU-02104,Cancer
68.46880436140711,536,2.72916478969277,Female,Colon Cancer,TDU-02104,Cancer
67.55138036460536,536,2.72916478969277,Female,Colon Cancer,TDU-02104,Cancer
66.84335857169661,536,2.72916478969277,Female,Colon Cancer,TDU-02104,Cancer
67.04461465303874,536,2.72916478969277,Female,Colon Cancer,TDU-02104,Cancer
66.53678135309494,536,2.72916478969277,Female,Colon Cancer,TDU-02104,Cancer
73.328597613121,1035,3.0149403497929366,Male,Colon Cancer,TDU-02104,Cancer
71.73550216578028,1035,3.0149403497929366,Male,Colon Cancer,TDU-02104,Cancer
72.65303295102851,1035,3.0149403497929366,Male,Colon Cancer,TDU-02104,Cancer
72.0481104413744,1035,3.0149403497929366,Male,Colon Cancer,TDU-02104,Cancer
72.60835600503158,1035,3.0149403497929366,Male,Colon Cancer,TDU-02104,Cancer
72.80284077670373,1035,3.0149403497929366,Male,Colon Cancer,TDU-02104,Cancer
73.1594836074144,1035,3.0149403497929366,Male,Colon Cancer,TDU-02104,Cancer
71.91284254352121,1035,3.0149403497929366,Male,Colon Cancer,TDU-02104,Cancer
71.52199165731696,1035,3.0149403497929366,Male,Colon Cancer,TDU-02104,Cancer
71.77377126013761,1035,3.0149403497929366,Male,Colon Cancer,TDU-02104,Cancer
73.30003728369621,756,2.8785217955012063,Female,Colon Cancer,TDU-02104,Cancer
73.24778015512503,756,2.8785217955012063,Female,Colon Cancer,TDU-02104,Cancer
72.69482620434061,756,2.8785217955012063,Female,Colon Cancer,TDU-02104,Cancer
72.7010337208673,756,2.8785217955012063,Female,Colon Cancer,TDU-02104,Cancer
72.83007334909252,756,2.8785217955012063,Female,Colon Cancer,TDU-02104,Cancer
71.8507425572469,756,2.8785217955012063,Female,Colon Cancer,TDU-02104,Cancer
73.32882389184992,756,2.8785217955012063,Female,Colon Cancer,TDU-02104,Cancer
72.33754104978415,756,2.8785217955012063,Female,Colon Cancer,TDU-02104,Cancer
72.26627705649899,756,2.8785217955012063,Female,Colon Cancer,TDU-02104,Cancer
77.53783541056568,1022,3.009450895798694,Male,Colon Cancer,TDU-02104,Cancer
76.59393193355011,1022,3.009450895798694,Male,Colon Cancer,TDU-02104,Cancer
76.83256673751215,1022,3.009450895798694,Male,Colon Cancer,TDU-02104,Cancer
77.97606723285274,1022,3.009450895798694,Male,Colon Cancer,TDU-02104,Cancer
76.66559733585025,1022,3.009450895798694,Male,Colon Cancer,TDU-02104,Cancer
77.70630421893277,1022,3.009450895798694,Male,Colon Cancer,TDU-02104,Cancer
76.99069821936264,1022,3.009450895798694,Male,Colon Cancer,TDU-02104,Cancer
77.27859122808395,1022,3.009450895798694,Male,Colon Cancer,TDU-02104,Cancer
77.07738747354139,1022,3.009450895798694,Male,Colon Cancer,TDU-02104,Cancer
77.2113454329299,1022,3.009450895798694,Male,Colon Cancer,TDU-02104,Cancer
77.93809181036849,842,2.9253120914996495,Female,Colon Cancer,TDU-02104,Cancer
77.09424343124635,842,2.9253120914996495,Female,Colon Cancer,TDU-02104,Cancer
77.63280928059379,842,2.9253120914996495,Female,Colon Cancer,TDU-02104,Cancer
77.4521008043982,842,2.9253120914996495,Female,Colon Cancer,TDU-02104,Cancer
77.8273423307253,842,2.9253120914996495,Female,Colon Cancer,TDU-02104,Cancer
78.37365947864951,842,2.9253120914996495,Female,Colon Cancer,TDU-02104,Cancer
77.9651441944205,842,2.9253120914996495,Female,Colon Cancer,TDU-02104,Cancer
76.92988075718151,842,2.9253120914996495,Female,Colon Cancer,TDU-02104,Cancer
76.56236627012257,842,2.9253120914996495,Female,Colon Cancer,TDU-02104,Cancer
82.02452808859965,1470,3.167317334748176,Male,Colon Cancer,TDU-02104,Cancer
82.69015586140051,1470,3.167317334748176,Male,Colon Cancer,TDU-02104,Cancer
81.6028516269685,1470,3.167317334748176,Male,Colon Cancer,TDU-02104,Cancer
82.49273249440247,1470,3.167317334748176,Male,Colon Cancer,TDU-02104,Cancer
82.69368569783377,1470,3.167317334748176,Male,Colon Cancer,TDU-02104,Cancer
82.16848778163393,1470,3.167317334748176,Male,Colon Cancer,TDU-02104,Cancer
83.04182440749165,1470,3.167317334748176,Male,Colon Cancer,TDU-02104,Cancer
81.71319650626755,1470,3.167317334748176,Male,Colon Cancer,TDU-02104,Cancer
81.65027556347162,1470,3.167317334748176,Male,Colon Cancer,TDU-02104,Cancer
82.9563775124072,1470,3.167317334748176,Male,Colon Cancer,TDU-02104,Cancer
82.4909826324124,1470,3.167317334748176,Male,Colon Cancer,TDU-02104,Cancer
82.87680479285547,1470,3.167317334748176,Male,Colon Cancer,TDU-02104,Cancer
82.36965467720749,1477,3.1693804953119495,Female,Colon Cancer,TDU-02104,Cancer
81.99280406647821,1477,3.1693804953119495,Female,Colon Cancer,TDU-02104,Cancer
83.1382046353484,1477,3.1693804953119495,Female,Colon Cancer,TDU-02104,Cancer
83.09883175793796,1477,3.1693804953119495,Female,Colon Cancer,TDU-02104,Cancer
82.88939294170885,1477,3.1693804953119495,Female,Colon Cancer,TDU-02104,Cancer
82.04429027445993,1477,3.1693804953119495,Female,Colon Cancer,TDU-02104,Cancer
82.68046133373818,1477,3.1693804953119495,Female,Colon Cancer,TDU-02104,Cancer
82.22194779388005,1477,3.1693804953119495,Female,Colon Cancer,TDU-02104,Cancer
81.68316414665327,1477,3.1693804953119495,Female,Colon Cancer,TDU-02104,Cancer
83.33462715092449,1477,3.1693804953119495,Female,Colon Cancer,TDU-02104,Cancer
81.77363726183792,1477,3.1693804953119495,Female,Colon Cancer,TDU-02104,Cancer
83.4004747076416,1477,3.1693804953119495,Female,Colon Cancer,TDU-02104,Cancer
89.8920115459159,1718,3.2350231594952237,Male,Colon Cancer,TDU-02104,Cancer
89.37026585767724,1718,3.2350231594952237,Male,Colon Cancer,TDU-02104,Cancer
90.08380189475672,1718,3.2350231594952237,Male,Colon Cancer,TDU-02104,Cancer
90.74589167175282,1718,3.2350231594952237,Male,Colon Cancer,TDU-02104,Cancer
90.46444977281912,1718,3.2350231594952237,Male,Colon Cancer,TDU-02104,Cancer
90.6131222957229,1718,3.2350231594952237,Male,Colon Cancer,TDU-02104,Cancer
90.31756673342143,1718,3.2350231594952237,Male,Colon Cancer,TDU-02104,Cancer
90.38455312903571,1718,3.2350231594952237,Male,Colon Cancer,TDU-02104,Cancer
90.69839130313063,1718,3.2350231594952237,Male,Colon Cancer,TDU-02104,Cancer
89.49933601771838,1718,3.2350231594952237,Male,Colon Cancer,TDU-02104,Cancer
89.97884992728628,1718,3.2350231594952237,Male,Colon Cancer,TDU-02104,Cancer
89.4424188836392,1718,3.2350231594952237,Male,Colon Cancer,TDU-02104,Cancer
90.97533601599329,1718,3.2350231594952237,Male,Colon Cancer,TDU-02104,Cancer
90.88811867937322,2515,3.400537989391946,Female,Colon Cancer,TDU-02104,Cancer
89.07885362273701,2515,3.400537989391946,Female,Colon Cancer,TDU-02104,Cancer
90.41115034503137,2515,3.400537989391946,Female,Colon Cancer,TDU-02104,Cancer
90.85049663483133,2515,3.400537989391946,Female,Colon Cancer,TDU-02104,Cancer
89.36115069025466,2515,3.400537989391946,Female,Colon Cancer,TDU-02104,Cancer
90.13589046110526,2515,3.400537989391946,Female,Colon Cancer,TDU-02104,Cancer
90.83097659517608,2515,3.400537989391946,Female,Colon Cancer,TDU-02104,Cancer
89.0678919571716,2515,3.400537989391946,Female,Colon Cancer,TDU-02104,Cancer
90.39484053449368,2515,3.400537989391946,Female,Colon Cancer,TDU-02104,Cancer
89.5946980147451,2515,3.400537989391946,Female,Colon Cancer,TDU-02104,Cancer
90.84879239075306,2515,3.400537989391946,Female,Colon Cancer,TDU-02104,Cancer
90.94211649033073,2515,3.400537989391946,Female,Colon Cancer,TDU-02104,Cancer
90.88853297822686,2515,3.400537989391946,Female,Colon Cancer,TDU-02104,Cancer
89.94842843331493,2515,3.400537989391946,Female,Colon Cancer,TDU-02104,Cancer
90.72408530197863,2515,3.400537989391946,Female,Colon Cancer,TDU-02104,Cancer
90.68909879707014,2515,3.400537989391946,Female,Colon Cancer,TDU-02104,Cancer
