,0.0,0.3006,0.6012,0.9018,1.2024,1.503,1.8036,2.1042,2.4048,2.7054,3.006,3.3066,3.6072,3.9078,4.2084,4.509,4.8096,5.1102,5.4108,5.7114,6.012,6.3126,6.6132,6.9138,7.2144,7.515,7.8156,8.1162,8.4168,8.7174,9.018,9.3186,9.6192,9.9198,10.2204,10.521,10.8216,11.1222,11.4228,11.7234,12.024,12.3246,12.6253,12.9259,13.2265,13.5271,13.8277,14.1283,14.4289,14.7295,15.0301,15.3307,15.6313,15.9319,16.2325,16.5331,16.8337,17.1343,17.4349,17.7355,18.0361,18.3367,18.6373,18.9379,19.2385,19.5391,19.8397,20.1403,20.4409,20.7415,21.0421,21.3427,21.6433,21.9439,22.2445,22.5451,22.8457,23.1463,23.4469,23.7475,24.0481,24.3487,24.6493,24.9499,25.2505,25.5511,25.8517,26.1523,26.4529,26.7535,27.0541,27.3547,27.6553,27.9559,28.2565,28.5571,28.8577,29.1583,29.4589,29.7595,30.0601,30.3607,30.6613,30.9619,31.2625,31.5631,31.8637,32.1643,32.4649,32.7655,33.0661,33.3667,33.6673,33.9679,34.2685,34.5691,34.8697,35.1703,35.4709,35.7715,36.0721,36.3727,36.6733,36.9739,37.2745,37.5752,37.8758,38.1764,38.477,38.7776,39.0782,39.3788,39.6794,39.98,40.2806,40.5812,40.8818,41.1824,41.483,41.7836,42.0842,42.3848,42.6854,42.986,43.2866,43.5872,43.8878,44.1884,44.489,44.7896,45.0902,45.3908,45.6914,45.992,46.2926,46.5932,46.8938,47.1944,47.495,47.7956,48.0962,48.3968,48.6974,48.998,49.2986,49.5992,49.8998,50.2004,50.501,50.8016,51.1022,51.4028,51.7034,52.004,52.3046,52.6052,52.9058,53.2064,53.507,53.8076,54.1082,54.4088,54.7094,55.01,55.3106,55.6112,55.9118,56.2124,56.513,56.8136,57.1142,57.4148,57.7154,58.016,58.3166,58.6172,58.9178,59.2184,59.519,59.8196,60.1202,60.4208,60.7214,61.022,61.3226,61.6232,61.9238,62.2244,62.5251,62.8257,63.1263,63.4269,63.7275,64.0281,64.3287,64.6293,64.9299,65.2305,65.5311,65.8317,66.1323,66.4329,66.7335,67.0341,67.3347,67.6353,67.9359,68.2365,68.5371,68.8377,69.1383,69.4389,69.7395,70.0401,70.3407,70.6413,70.9419,71.2425,71.5431,71.8437,72.1443,72.4449,72.7455,73.0461,73.3467,73.6473,73.9479,74.2485,74.5491,74.8497,75.1503,75.4509,75.7515,76.0521,76.3527,76.6533,76.9539,77.2545,77.5551,77.8557,78.1563,78.4569,78.7575,79.0581,79.3587,79.6593,79.9599,80.2605,80.5611,80.8617,81.1623,81.4629,81.7635,82.0641,82.3647,82.6653,82.9659,83.2665,83.5671,83.8677,84.1683,84.4689,84.7695,85.0701,85.3707,85.6713,85.9719,86.2725,86.5731,86.8737,87.1743,87.4749,87.7756,88.0762,88.3768,88.6774,88.978,89.2786,89.5792,89.8798,90.1804,90.481,90.7816,91.0822,91.3828,91.6834,91.984,92.2846,92.5852,92.8858,93.1864,93.487,93.7876,94.0882,94.3888,94.6894,94.99,95.2906,95.5912,95.8918,96.1924,96.493,96.7936,97.0942,97.3948,97.6954,97.996,98.2966,98.5972,98.8978,99.1984,99.499,99.7996,100.1002,100.4008,100.7014,101.002,101.3026,101.6032,101.9038,102.2044,102.505,102.8056,103.1062,103.4068,103.7074,104.008,104.3086,104.6092,104.9098,105.2104,105.511,105.8116,106.1122,106.4128,106.7134,107.014,107.3146,107.6152,107.9158,108.2164,108.517,108.8176,109.1182,109.4188,109.7194,110.02,110.3206,110.6212,110.9218,111.2224,111.523,111.8236,112.1242,112.4248,112.7255,113.0261,113.3267,113.6273,113.9279,114.2285,114.5291,114.8297,115.1303,115.4309,115.7315,116.0321,116.3327,116.6333,116.9339,117.2345,117.5351,117.8357,118.1363,118.4369,118.7375,119.0381,119.3387,119.6393,119.9399,120.2405,120.5411,120.8417,121.1423,121.4429,121.7435,122.0441,122.3447,122.6453,122.9459,123.2465,123.5471,123.8477,124.1483,124.4489,124.7495,125.0501,125.3507,125.6513,125.9519,126.2525,126.5531,126.8537,127.1543,127.4549,127.7555,128.0561,128.3567,128.6573,128.9579,129.2585,129.5591,129.8597,130.1603,130.4609,130.7615,131.0621,131.3627,131.6633,131.9639,132.2645,132.5651,132.8657,133.1663,133.4669,133.7675,134.0681,134.3687,134.6693,134.9699,135.2705,135.5711,135.8717,136.1723,136.4729,136.7735,137.0741,137.3747,137.6754,137.976,138.2766,138.5772,138.8778,139.1784,139.479,139.7796,140.0802,140.3808,140.6814,140.982,141.2826,141.5832,141.8838,142.1844,142.485,142.7856,143.0862,143.3868,143.6874,143.988,144.2886,144.5892,144.8898,145.1904,145.491,145.7916,146.0922,146.3928,146.6934,146.994,147.2946,147.5952,147.8958,148.1964,148.497,148.7976,149.0982,149.3988,149.6994,150.0
R,1.0,1.0,1.0,1.0,1.0,1.0,1.0,1.0,1.0,1.0,1.0,1.0,1.0,1.0,1.0,1.0,1.0,1.0,1.0,1.0,1.0,1.0,1.0,1.0,1.0,1.0,1.0,1.0,1.0,1.0,1.0,1.0,1.0,1.0,1.0,1.0,1.0,1.0,1.0,1.0,1.0,1.0,1.0,1.0,1.0,1.0,1.0,1.0,1.0,1.0,1.0,1.0,1.0,1.0,1.0,1.0,1.0,1.0,1.0,1.0,1.0,1.0,1.0,1.0,1.0,1.0,1.0,1.0,1.0,1.0,1.0,1.0,1.0,1.0,1.0,1.0,1.0,1.0,1.0,1.0,1.0,1.0,1.0,1.0,1.0,1.0,1.0,1.0,1.0,1.0,1.0,1.0,1.0,1.0,1.0,1.0,1.0,1.0,1.0,1.0,1.0,1.0,1.0,1.0,1.0,1.0,1.0,1.0,1.0,1.0,1.0,1.0,1.0,1.0,1.0,1.0,1.0,1.0,1.0,1.0,1.0,1.0,1.0,1.0,1.0,1.0,1.0,1.0,1.0,1.0,1.0,1.0,1.0,1.0,1.0,0.9998,0.9988,0.9971,0.9947,0.9917,0.988,0.9837,0.9789,0.9735,0.9677,0.9614,0.9548,0.9478,0.9405,0.933,0.9252,0.9173,0.9093,0.9012,0.8931,0.885,0.877,0.869,0.8612,0.8535,0.846,0.8386,0.8315,0.8246,0.818,0.8116,0.8054,0.7995,0.7939,0.7885,0.7833,0.7784,0.7737,0.7692,0.7648,0.7607,0.7567,0.7528,0.749,0.7454,0.7417,0.7382,0.7346,0.731,0.7275,0.7238,0.7202,0.7164,0.7125,0.7086,0.7045,0.7003,0.696,0.6915,0.6869,0.6821,0.6772,0.6722,0.667,0.6616,0.6562,0.6506,0.6448,0.639,0.6331,0.6271,0.6211,0.6149,0.6088,0.6026,0.5964,0.5902,0.584,0.5778,0.5716,0.5655,0.5595,0.5535,0.5476,0.5418,0.536,0.5304,0.5249,0.5194,0.5141,0.5089,0.5038,0.4988,0.494,0.4892,0.4845,0.48,0.4755,0.4712,0.4669,0.4627,0.4586,0.4546,0.4507,0.4468,0.4429,0.4391,0.4353,0.4316,0.4278,0.4241,0.4204,0.4166,0.4129,0.4091,0.4053,0.4014,0.3975,0.3935,0.3895,0.3854,0.3812,0.3769,0.3725,0.368,0.3634,0.3587,0.3539,0.349,0.344,0.3388,0.3336,0.3282,0.3227,0.3171,0.3114,0.3056,0.2998,0.2938,0.2878,0.2817,0.2755,0.2693,0.2631,0.2568,0.2506,0.2443,0.2381,0.2319,0.2257,0.2197,0.2136,0.2077,0.2019,0.1961,0.1905,0.1851,0.1797,0.1746,0.1695,0.1647,0.16,0.1555,0.1512,0.147,0.143,0.1393,0.1357,0.1322,0.129,0.1259,0.123,0.1202,0.1176,0.1152,0.1129,0.1107,0.1087,0.1067,0.1049,0.1031,0.1014,0.0998,0.0983,0.0968,0.0954,0.094,0.0926,0.0912,0.0899,0.0885,0.0872,0.0858,0.0844,0.083,0.0816,0.0801,0.0786,0.0771,0.0755,0.0739,0.0723,0.0706,0.0689,0.0672,0.0654,0.0636,0.0618,0.06,0.0581,0.0562,0.0543,0.0524,0.0505,0.0486,0.0467,0.0448,0.0429,0.041,0.0392,0.0374,0.0356,0.0338,0.0321,0.0304,0.0288,0.0272,0.0256,0.0241,0.0227,0.0213,0.0199,0.0186,0.0174,0.0162,0.0151,0.014,0.013,0.012,0.0111,0.0102,0.0094,0.0087,0.0079,0.0073,0.0066,0.0061,0.0055,0.005,0.0045,0.0041,0.0037,0.0034,0.003,0.0027,0.0024,0.0022,0.0019,0.0017,0.0015,0.0014,0.0012,0.0011,0.0009,0.0008,0.0007,0.0006,0.0006,0.0005,0.0004,0.0004,0.0003,0.0003,0.0002,0.0002,0.0002,0.0002,0.0001,0.0001,0.0001,0.0001,0.0001,0.0001,0.0001,0.0,0.0,0.0,0.0,0.0,0.0,0.0,0.0,0.0,0.0,0.0,0.0,0.0,0.0,0.0,0.0,0.0,0.0,0.0,0.0,0.0,0.0,0.0,0.0,0.0,0.0,0.0,0.0,0.0,0.0,0.0,0.0,0.0,0.0,0.0,0.0,0.0,0.0,0.0,0.0,0.0,0.0,0.0,0.0,0.0,0.0,0.0,0.0,0.0,0.0,0.0,0.0,0.0,0.0,0.0,0.0,0.0,0.0,0.0,0.0,0.0,0.0,0.0,0.0,0.0,0.0,0.0,0.0,0.0,0.0,0.0,0.0,0.0,0.0,0.0,0.0,0.0,0.0,0.0,0.0,0.0
H,1.0,1.0,1.0,1.0,1.0,1.0,1.0,1.0,1.0,1.0,1.0,1.0,1.0,1.0,1.0,1.0,1.0,1.0,1.0,1.0,1.0,1.0,1.0,1.0,1.0,1.0,1.0,1.0,1.0,1.0,1.0,1.0,1.0,1.0,1.0,1.0,1.0,1.0,1.0,1.0,1.0,1.0,1.0,1.0,1.0,1.0,1.0,1.0,1.0,1.0,1.0,1.0,1.0,1.0,1.0,1.0,1.0,1.0,1.0,1.0,1.0,1.0,1.0,1.0,1.0,1.0,1.0,1.0,1.0,1.0,1.0,1.0,1.0,1.0,1.0,1.0,1.0,1.0,1.0,1.0,1.0,1.0,1.0,1.0,1.0,1.0,1.0,1.0,1.0,1.0,1.0,1.0,1.0,1.0,1.0,1.0,1.0,1.0,1.0,1.0,1.0,1.0,1.0,1.0,1.0,1.0,1.0,1.0,1.0,1.0,1.0,1.0,1.0,1.0,1.0,1.0,1.0,1.0,1.0,1.0,1.0,1.0,1.0,1.0,1.0,1.0,1.0,1.0,1.0,1.0,1.0,1.0,1.0,1.0,1.0,1.0,1.0,1.0,1.0,1.0,1.0,1.0,1.0,1.0,1.0,1.0,1.0,1.0,1.0,1.0,1.0,1.0,1.0,1.0,1.0,0.9994,0.9984,0.9969,0.9949,0.9924,0.9894,0.986,0.9821,0.9778,0.973,0.9678,0.9622,0.9562,0.9497,0.9429,0.9357,0.9281,0.9202,0.9119,0.9033,0.8944,0.8851,0.8756,0.8658,0.8557,0.8454,0.8348,0.824,0.813,0.8018,0.7904,0.7789,0.7672,0.7554,0.7434,0.7314,0.7192,0.707,0.6948,0.6825,0.6702,0.6579,0.6456,0.6333,0.6211,0.6089,0.5969,0.5849,0.5731,0.5613,0.5497,0.5383,0.5271,0.516,0.5051,0.4944,0.484,0.4737,0.4637,0.454,0.4445,0.4353,0.4263,0.4176,0.4092,0.401,0.3931,0.3855,0.3782,0.3711,0.3644,0.3579,0.3516,0.3457,0.34,0.3345,0.3293,0.3243,0.3196,0.3151,0.3108,0.3067,0.3028,0.2991,0.2955,0.2922,0.289,0.2859,0.283,0.2802,0.2775,0.2749,0.2724,0.27,0.2677,0.2655,0.2633,0.2612,0.2591,0.257,0.255,0.253,0.2511,0.2491,0.2472,0.2453,0.2433,0.2414,0.2394,0.2375,0.2355,0.2335,0.2316,0.2296,0.2275,0.2255,0.2235,0.2214,0.2193,0.2172,0.2151,0.213,0.2108,0.2086,0.2065,0.2043,0.2021,0.1999,0.1977,0.1955,0.1933,0.1911,0.1889,0.1867,0.1844,0.1822,0.18,0.1778,0.1756,0.1735,0.1713,0.1691,0.1669,0.1648,0.1627,0.1605,0.1584,0.1563,0.1542,0.1521,0.1501,0.148,0.146,0.1439,0.1419,0.1399,0.1379,0.136,0.134,0.1321,0.1301,0.1282,0.1263,0.1245,0.1226,0.1208,0.1189,0.1171,0.1153,0.1135,0.1118,0.11,0.1083,0.1066,0.1049,0.1032,0.1016,0.0999,0.0983,0.0967,0.0951,0.0935,0.092,0.0904,0.0889,0.0874,0.0859,0.0844,0.083,0.0815,0.0801,0.0787,0.0773,0.0759,0.0746,0.0732,0.0719,0.0706,0.0693,0.068,0.0667,0.0654,0.0642,0.0629,0.0617,0.0605,0.0593,0.058,0.0569,0.0557,0.0545,0.0533,0.0522,0.0511,0.0499,0.0488,0.0477,0.0466,0.0455,0.0444,0.0433,0.0423,0.0412,0.0402,0.0391,0.0381,0.0371,0.0361,0.0351,0.0341,0.0331,0.0322,0.0312,0.0303,0.0294,0.0285,0.0276,0.0267,0.0258,0.025,0.0241,0.0233,0.0225,0.0217,0.0209,0.0201,0.0194,0.0187,0.0179,0.0172,0.0165,0.0159,0.0152,0.0146,0.014,0.0133,0.0128,0.0122,0.0116,0.0111,0.0105,0.01,0.0095,0.0091,0.0086,0.0082,0.0077,0.0073,0.0069,0.0065,0.0062,0.0058,0.0055,0.0052,0.0048,0.0045,0.0043,0.004,0.0037,0.0035,0.0033,0.003,0.0028,0.0026,0.0024,0.0023,0.0021,0.002,0.0018,0.0017,0.0015,0.0014,0.0013,0.0012,0.0011,0.001,0.0009,0.0008,0.0008,0.0007,0.0006,0.0006,0.0005,0.0005,0.0004,0.0004,0.0004,0.0003,0.0003,0.0003,0.0002,0.0002,0.0002,0.0002,0.0001,0.0001,0.0001,0.0001,0.0001,0.0001,0.0001,0.0001,0.0001,0.0001,0.0,0.0,0.0,0.0,0.0,0.0,0.0,0.0,0.0,0.0,0.0,0.0,0.0,0.0,0.0,0.0,0.0,0.0,0.0,0.0,0.0
K,1.0,1.0,1.0,1.0,1.0,1.0,1.0,1.0,1.0,1.0,1.0,1.0,1.0,1.0,1.0,1.0,1.0,1.0,1.0,1.0,1.0,1.0,1.0,1.0,1.0,1.0,1.0,1.0,1.0,1.0,1.0,1.0,1.0,1.0,1.0,1.0,1.0,1.0,1.0,1.0,1.0,1.0,1.0,1.0,1.0,1.0,1.0,1.0,1.0,1.0,1.0,1.0,1.0,1.0,1.0,1.0,1.0,1.0,1.0,1.0,1.0,1.0,1.0,1.0,1.0,1.0,1.0,1.0,1.0,1.0,1.0,1.0,1.0,1.0,1.0,1.0,1.0,1.0,1.0,1.0,1.0,1.0,1.0,1.0,1.0,1.0,1.0,1.0,1.0,1.0,1.0,1.0,1.0,1.0,1.0,1.0,1.0,1.0,1.0,1.0,1.0,1.0,1.0,1.0,1.0,1.0,1.0,1.0,1.0,1.0,1.0,1.0,1.0,1.0,1.0,1.0,1.0,1.0,1.0,1.0,1.0,1.0,1.0,1.0,1.0,1.0,1.0,1.0,1.0,1.0,1.0,1.0,1.0,1.0,1.0,1.0,1.0,1.0,1.0,1.0,1.0,1.0,1.0,1.0,1.0,1.0,1.0,1.0,1.0,1.0,1.0,1.0,1.0,1.0,1.0,1.0,1.0,1.0,1.0,1.0,1.0,1.0,1.0,1.0,1.0,1.0,1.0,1.0,1.0,1.0,1.0,1.0,1.0,1.0,1.0,1.0,1.0,1.0,1.0,1.0,1.0,1.0,1.0,1.0,1.0,1.0,1.0,1.0,1.0,1.0,1.0,1.0,1.0,1.0,1.0,1.0,1.0,1.0,1.0,1.0,1.0,1.0,1.0,1.0,1.0,1.0,1.0,1.0,1.0,1.0,1.0,1.0,1.0,1.0,1.0,1.0,1.0,1.0,1.0,1.0,1.0,1.0,1.0,1.0,1.0,1.0,1.0,1.0,1.0,1.0,0.9997,0.9989,0.9976,0.9959,0.9938,0.9913,0.9884,0.9852,0.9815,0.9776,0.9733,0.9687,0.9639,0.9587,0.9534,0.9478,0.942,0.9361,0.93,0.9237,0.9173,0.9108,0.9042,0.8975,0.8907,0.8839,0.877,0.8701,0.8631,0.8562,0.8492,0.8422,0.8351,0.8281,0.8211,0.8141,0.8071,0.8001,0.7931,0.7861,0.7791,0.7722,0.7652,0.7583,0.7514,0.7445,0.7376,0.7307,0.7238,0.717,0.7102,0.7033,0.6966,0.6898,0.6831,0.6764,0.6697,0.663,0.6564,0.6498,0.6432,0.6367,0.6302,0.6237,0.6173,0.6109,0.6045,0.5982,0.5919,0.5856,0.5794,0.5732,0.5671,0.561,0.5549,0.5489,0.5429,0.5369,0.531,0.5252,0.5193,0.5136,0.5078,0.5021,0.4965,0.4909,0.4853,0.4799,0.4744,0.4691,0.4637,0.4585,0.4533,0.4482,0.4431,0.4381,0.4332,0.4283,0.4235,0.4188,0.4142,0.4096,0.4051,0.4006,0.3963,0.3919,0.3877,0.3835,0.3793,0.3752,0.3712,0.3671,0.3632,0.3592,0.3553,0.3514,0.3476,0.3437,0.3399,0.3361,0.3322,0.3284,0.3246,0.3208,0.317,0.3131,0.3093,0.3055,0.3016,0.2977,0.2939,0.29,0.2861,0.2822,0.2782,0.2743,0.2704,0.2664,0.2625,0.2586,0.2546,0.2507,0.2467,0.2428,0.2389,0.235,0.2311,0.2272,0.2233,0.2195,0.2157,0.2119,0.2081,0.2044,0.2006,0.1969,0.1933,0.1896,0.186,0.1824,0.1789,0.1754,0.1719,0.1685,0.165,0.1617,0.1583,0.155,0.1517,0.1484,0.1452,0.142,0.1389,0.1358,0.1327,0.1296,0.1266,0.1236,0.1207,0.1177,0.1149,0.112,0.1092,0.1064,0.1037,0.101,0.0983,0.0957,0.0931,0.0905,0.088,0.0855,0.083,0.0806,0.0782,0.0759,0.0736,0.0713,0.0691,0.0669,0.0647,0.0626,0.0605,0.0585,0.0565,0.0545,0.0525,0.0506,0.0488,0.0469,0.0451,0.0434,0.0416,0.0399,0.0383,0.0367,0.0351,0.0335,0.032,0.0306,0.0291,0.0277,0.0264,0.025,0.0238,0.0225,0.0213,0.0202,0.019,0.018,0.0169,0.0159,0.015,0.014,0.0132,0.0123,0.0115,0.0107,0.01,0.0093,0.0086,0.008,0.0074,0.0069,0.0063,0.0058,0.0054,0.0049,0.0045,0.0042,0.0038,0.0035,0.0032,0.0029,0.0026,0.0024,0.0021,0.0019,0.0017,0.0016,0.0014,0.0013,0.0011,0.001,0.0009,0.0008,0.0007,0.0006,0.0006,0.0005
D,1.0,1.0,1.0,1.0,0.9994,0.9923,0.9792,0.9608,0.9379,0.9112,0.8817,0.8503,0.8177,0.7847,0.7521,0.7204,0.6901,0.6616,0.635,0.6106,0.5882,0.5679,0.5496,0.5331,0.5181,0.5045,0.4921,0.4806,0.47,0.4601,0.4507,0.4418,0.4333,0.4253,0.4176,0.4104,0.4036,0.3973,0.3914,0.3861,0.3813,0.3771,0.3734,0.3703,0.3676,0.3655,0.3638,0.3626,0.3617,0.3616,0.3616,0.3616,0.3616,0.3616,0.3616,0.3616,0.3616,0.3616,0.3615,0.3612,0.3608,0.3601,0.3592,0.358,0.3566,0.3549,0.3529,0.3507,0.3482,0.3455,0.3425,0.3393,0.3359,0.3324,0.3287,0.3249,0.3209,0.3169,0.3129,0.3089,0.3048,0.3008,0.2977,0.2977,0.2977,0.2977,0.2977,0.2977,0.2977,0.2977,0.2977,0.2977,0.2977,0.2977,0.2977,0.2977,0.2977,0.2977,0.2977,0.2977,0.2977,0.2977,0.2977,0.2977,0.2977,0.2977,0.2977,0.2977,0.2977,0.2977,0.2977,0.2977,0.2977,0.2977,0.2976,0.2969,0.2956,0.2938,0.2914,0.2886,0.2853,0.2816,0.2776,0.2733,0.2688,0.2642,0.2593,0.2544,0.2494,0.2443,0.2392,0.234,0.2288,0.2235,0.2181,0.2127,0.2071,0.2016,0.1959,0.1902,0.1844,0.1785,0.1727,0.1668,0.161,0.1553,0.1496,0.1441,0.1387,0.1335,0.1285,0.1236,0.119,0.1146,0.1105,0.1065,0.1028,0.0992,0.0959,0.0927,0.0897,0.0868,0.0841,0.0815,0.079,0.0767,0.0744,0.0722,0.0701,0.0682,0.0663,0.0645,0.0628,0.0613,0.0598,0.0585,0.0573,0.0562,0.0553,0.0544,0.0537,0.0531,0.0525,0.0521,0.0517,0.0513,0.051,0.0507,0.0504,0.0501,0.0497,0.0492,0.0487,0.048,0.0473,0.0464,0.0454,0.0443,0.043,0.0416,0.0401,0.0384,0.0367,0.0348,0.0329,0.0309,0.0288,0.0268,0.0247,0.0227,0.0207,0.0187,0.0168,0.015,0.0133,0.0117,0.0102,0.0089,0.0076,0.0065,0.0055,0.0046,0.0039,0.0032,0.0026,0.0021,0.0017,0.0014,0.0011,0.0009,0.0007,0.0005,0.0004,0.0003,0.0002,0.0002,0.0001,0.0001,0.0001,0.0,0.0,0.0,0.0,0.0,0.0,0.0,0.0,0.0,0.0,0.0,0.0,0.0,0.0,0.0,0.0,0.0,0.0,0.0,0.0,0.0,0.0,0.0,0.0,0.0,0.0,0.0,0.0,0.0,0.0,0.0,0.0,0.0,0.0,0.0,0.0,0.0,0.0,0.0,0.0,0.0,0.0,0.0,0.0,0.0,0.0,0.0,0.0,0.0,0.0,0.0,0.0,0.0,0.0,0.0,0.0,0.0,0.0,0.0,0.0,0.0,0.0,0.0,0.0,0.0,0.0,0.0,0.0,0.0,0.0,0.0,0.0,0.0,0.0,0.0,0.0,0.0,0.0,0.0,0.0,0.0,0.0,0.0,0.0,0.0,0.0,0.0,0.0,0.0,0.0,0.0,0.0,0.0,0.0,0.0,0.0,0.0,0.0,0.0,0.0,0.0,0.0,0.0,0.0,0.0,0.0,0.0,0.0,0.0,0.0,0.0,0.0,0.0,0.0,0.0,0.0,0.0,0.0,0.0,0.0,0.0,0.0,0.0,0.0,0.0,0.0,0.0,0.0,0.0,0.0,0.0,0.0,0.0,0.0,0.0,0.0,0.0,0.0,0.0,0.0,0.0,0.0,0.0,0.0,0.0,0.0,0.0,0.0,0.0,0.0,0.0,0.0,0.0,0.0,0.0,0.0,0.0,0.0,0.0,0.0,0.0,0.0,0.0,0.0,0.0,0.0,0.0,0.0,0.0,0.0,0.0,0.0,0.0,0.0,0.0,0.0,0.0,0.0,0.0,0.0,0.0,0.0,0.0,0.0,0.0,0.0,0.0,0.0,0.0,0.0,0.0,0.0,0.0,0.0,0.0,0.0,0.0,0.0,0.0,0.0,0.0,0.0,0.0,0.0,0.0,0.0,0.0,0.0,0.0,0.0,0.0,0.0,0.0,0.0,0.0,0.0,0.0,0.0,0.0,0.0,0.0,0.0,0.0,0.0,0.0,0.0,0.0,0.0,0.0,0.0,0.0,0.0,0.0,0.0,0.0,0.0,0.0,0.0,0.0,0.0,0.0,0.0,0.0,0.0,0.0,0.0,0.0,0.0,0.0,0.0,0.0,0.0,0.0,0.0,0.0,0.0,0.0,0.0,0.0,0.0,0.0
E,1.0,1.0,1.0,1.0,1.0,1.0,1.0,1.0,1.0,0.9993,0.9962,0.9911,0.9839,0.975,0.9645,0.9526,0.9396,0.9256,0.9108,0.8954,0.8796,0.8635,0.8474,0.8338,0.8338,0.8338,0.8338,0.8338,0.8338,0.8338,0.8338,0.8338,0.8338,0.8338,0.8338,0.8338,0.8338,0.8338,0.8338,0.8338,0.8338,0.8338,0.8338,0.8338,0.8338,0.8338,0.8338,0.8338,0.8338,0.8338,0.8338,0.8338,0.8338,0.8338,0.8338,0.8338,0.8338,0.8338,0.8338,0.8338,0.8338,0.8338,0.8338,0.8338,0.8338,0.8338,0.8338,0.8338,0.8338,0.8338,0.8338,0.8338,0.8338,0.8338,0.8338,0.8338,0.8338,0.8338,0.8338,0.8338,0.8338,0.8338,0.8338,0.8338,0.8338,0.8338,0.8338,0.8338,0.8338,0.8338,0.8338,0.8338,0.8338,0.8338,0.8338,0.8338,0.8338,0.8338,0.8338,0.8338,0.8338,0.8338,0.8338,0.8338,0.8338,0.8338,0.8338,0.8338,0.8338,0.8338,0.8338,0.8338,0.8338,0.8338,0.8338,0.8338,0.8338,0.8338,0.8338,0.8338,0.8338,0.8338,0.8338,0.8338,0.8338,0.8338,0.8338,0.8338,0.8338,0.8333,0.8321,0.8302,0.8277,0.8245,0.8207,0.8162,0.8112,0.8056,0.7995,0.7929,0.7858,0.7783,0.7704,0.7621,0.7535,0.7446,0.7354,0.7259,0.7161,0.7061,0.6958,0.6853,0.6745,0.6635,0.6522,0.6406,0.6288,0.6167,0.6043,0.5917,0.5787,0.5656,0.5521,0.5384,0.5245,0.5105,0.4962,0.4819,0.4674,0.4529,0.4385,0.424,0.4097,0.3956,0.3817,0.368,0.3547,0.3417,0.3292,0.3171,0.3056,0.2945,0.284,0.2741,0.2648,0.2562,0.2481,0.2407,0.2339,0.2277,0.2222,0.2172,0.2127,0.2089,0.2055,0.2026,0.2001,0.1981,0.1964,0.1951,0.1941,0.1933,0.1932,0.1932,0.1932,0.1932,0.1932,0.1932,0.1932,0.1932,0.1932,0.1932,0.1932,0.1932,0.193,0.1927,0.1923,0.1917,0.191,0.19,0.1888,0.1875,0.1859,0.1841,0.1821,0.1798,0.1774,0.1746,0.1717,0.1685,0.1652,0.1616,0.1578,0.1538,0.1496,0.1453,0.1408,0.1362,0.1314,0.1265,0.1216,0.1166,0.1115,0.1064,0.1013,0.0963,0.0912,0.0862,0.0813,0.0764,0.0717,0.0671,0.0626,0.0583,0.0541,0.0501,0.0463,0.0426,0.0391,0.0359,0.0328,0.0299,0.0272,0.0246,0.0223,0.0201,0.0181,0.0163,0.0146,0.013,0.0116,0.0103,0.0092,0.0081,0.0072,0.0064,0.0056,0.0049,0.0043,0.0038,0.0033,0.0029,0.0025,0.0022,0.0019,0.0016,0.0014,0.0012,0.0011,0.0009,0.0008,0.0007,0.0006,0.0005,0.0004,0.0003,0.0003,0.0002,0.0002,0.0002,0.0001,0.0001,0.0001,0.0001,0.0001,0.0001,0.0,0.0,0.0,0.0,0.0,0.0,0.0,0.0,0.0,0.0,0.0,0.0,0.0,0.0,0.0,0.0,0.0,0.0,0.0,0.0,0.0,0.0,0.0,0.0,0.0,0.0,0.0,0.0,0.0,0.0,0.0,0.0,0.0,0.0,0.0,0.0,0.0,0.0,0.0,0.0,0.0,0.0,0.0,0.0,0.0,0.0,0.0,0.0,0.0,0.0,0.0,0.0,0.0,0.0,0.0,0.0,0.0,0.0,0.0,0.0,0.0,0.0,0.0,0.0,0.0,0.0,0.0,0.0,0.0,0.0,0.0,0.0,0.0,0.0,0.0,0.0,0.0,0.0,0.0,0.0,0.0,0.0,0.0,0.0,0.0,0.0,0.0,0.0,0.0,0.0,0.0,0.0,0.0,0.0,0.0,0.0,0.0,0.0,0.0,0.0,0.0,0.0,0.0,0.0,0.0,0.0,0.0,0.0,0.0,0.0,0.0,0.0,0.0,0.0,0.0,0.0,0.0,0.0,0.0,0.0,0.0,0.0,0.0,0.0,0.0,0.0,0.0,0.0,0.0,0.0,0.0,0.0,0.0,0.0,0.0,0.0,0.0,0.0,0.0,0.0,0.0,0.0,0.0,0.0,0.0,0.0,0.0,0.0,0.0,0.0,0.0,0.0,0.0,0.0,0.0,0.0,0.0,0.0,0.0,0.0,0.0,0.0,0.0,0.0,0.0,0.0,0.0,0.0,0.0,0.0,0.0,0.0,0.0,0.0,0.0,0.0,0.0,0.0,0.0,0.0,0.0,0.0,0.0,0.0,0.0,0.0,0.0,0.0,0.0,0.0,0.0,0.0,0.0,0.0
S,1.0,1.0,1.0,1.0,1.0,0.9965,0.987,0.9722,0.9525,0.9289,0.9021,0.8728,0.8419,0.8101,0.7781,0.7466,0.7209,0.7209,0.7209,0.7209,0.7209,0.7209,0.7209,0.7209,0.7209,0.7209,0.7209,0.7209,0.7209,0.7209,0.7209,0.7209,0.7209,0.7209,0.7209,0.7209,0.7209,0.7209,0.7209,0.7209,0.7209,0.7209,0.7209,0.7209,0.7209,0.7209,0.7209,0.7209,0.7209,0.7209,0.7209,0.7209,0.7209,0.7209,0.7209,0.7209,0.7209,0.7209,0.7209,0.7209,0.7209,0.7209,0.7209,0.7209,0.7209,0.7209,0.7209,0.7209,0.7209,0.7209,0.7209,0.7209,0.7209,0.7209,0.7209,0.7209,0.7209,0.7209,0.7209,0.7209,0.7209,0.7209,0.7209,0.7209,0.7209,0.7209,0.7209,0.7209,0.7209,0.7209,0.7209,0.7209,0.7209,0.7209,0.7209,0.7209,0.7209,0.7209,0.7209,0.7209,0.7209,0.7201,0.7185,0.716,0.7127,0.7086,0.7037,0.6981,0.6917,0.6847,0.6771,0.669,0.6606,0.6518,0.6429,0.634,0.6251,0.6165,0.6083,0.6005,0.5934,0.587,0.5814,0.5766,0.5726,0.5695,0.5673,0.5672,0.5672,0.5672,0.5672,0.5672,0.5672,0.5672,0.5672,0.5672,0.5669,0.5661,0.5647,0.5626,0.5598,0.5563,0.552,0.5469,0.541,0.5344,0.5271,0.5191,0.5104,0.5012,0.4914,0.4811,0.4704,0.4593,0.448,0.4365,0.4249,0.4134,0.4021,0.3912,0.3807,0.371,0.3659,0.3659,0.3659,0.3659,0.3659,0.3659,0.3659,0.3659,0.3659,0.3659,0.3659,0.3659,0.3659,0.3659,0.3659,0.3659,0.3659,0.3659,0.3659,0.3659,0.3659,0.3644,0.3615,0.3569,0.3507,0.3429,0.3335,0.3226,0.3103,0.2968,0.2822,0.2667,0.2506,0.234,0.2171,0.2002,0.1835,0.167,0.151,0.1357,0.1211,0.1074,0.0945,0.0827,0.0718,0.0619,0.053,0.0451,0.0381,0.0319,0.0266,0.0219,0.018,0.0146,0.0118,0.0095,0.0075,0.006,0.0047,0.0036,0.0028,0.0021,0.0016,0.0012,0.0009,0.0007,0.0005,0.0004,0.0003,0.0002,0.0001,0.0001,0.0001,0.0,0.0,0.0,0.0,0.0,0.0,0.0,0.0,0.0,0.0,0.0,0.0,0.0,0.0,0.0,0.0,0.0,0.0,0.0,0.0,0.0,0.0,0.0,0.0,0.0,0.0,0.0,0.0,0.0,0.0,0.0,0.0,0.0,0.0,0.0,0.0,0.0,0.0,0.0,0.0,0.0,0.0,0.0,0.0,0.0,0.0,0.0,0.0,0.0,0.0,0.0,0.0,0.0,0.0,0.0,0.0,0.0,0.0,0.0,0.0,0.0,0.0,0.0,0.0,0.0,0.0,0.0,0.0,0.0,0.0,0.0,0.0,0.0,0.0,0.0,0.0,0.0,0.0,0.0,0.0,0.0,0.0,0.0,0.0,0.0,0.0,0.0,0.0,0.0,0.0,0.0,0.0,0.0,0.0,0.0,0.0,0.0,0.0,0.0,0.0,0.0,0.0,0.0,0.0,0.0,0.0,0.0,0.0,0.0,0.0,0.0,0.0,0.0,0.0,0.0,0.0,0.0,0.0,0.0,0.0,0.0,0.0,0.0,0.0,0.0,0.0,0.0,0.0,0.0,0.0,0.0,0.0,0.0,0.0,0.0,0.0,0.0,0.0,0.0,0.0,0.0,0.0,0.0,0.0,0.0,0.0,0.0,0.0,0.0,0.0,0.0,0.0,0.0,0.0,0.0,0.0,0.0,0.0,0.0,0.0,0.0,0.0,0.0,0.0,0.0,0.0,0.0,0.0,0.0,0.0,0.0,0.0,0.0,0.0,0.0,0.0,0.0,0.0,0.0,0.0,0.0,0.0,0.0,0.0,0.0,0.0,0.0,0.0,0.0,0.0,0.0,0.0,0.0,0.0,0.0,0.0,0.0,0.0,0.0,0.0,0.0,0.0,0.0,0.0,0.0,0.0,0.0,0.0,0.0,0.0,0.0,0.0,0.0,0.0,0.0,0.0,0.0,0.0,0.0,0.0,0.0,0.0,0.0,0.0,0.0,0.0,0.0,0.0,0.0,0.0,0.0,0.0,0.0,0.0,0.0,0.0,0.0,0.0,0.0,0.0,0.0,0.0,0.0,0.0,0.0,0.0,0.0,0.0,0.0,0.0,0.0,0.0,0.0,0.0,0.0,0.0,0.0,0.0,0.0,0.0,0.0,0.0,0.0,0.0,0.0
T,1.0,1.0,1.0,1.0,1.0,1.0,1.0,1.0,0.9999,0.9981,0.9948,0.9901,0.9842,0.9773,0.9695,0.961,0.952,0.9427,0.9331,0.9235,0.914,0.9047,0.8958,0.8873,0.8794,0.872,0.8653,0.8593,0.854,0.8495,0.8456,0.8424,0.8399,0.838,0.8377,0.8377,0.8377,0.8377,0.8377,0.8377,0.8377,0.8377,0.8377,0.8377,0.8377,0.8377,0.8374,0.8367,0.8357,0.8343,0.8325,0.8302,0.8274,0.8243,0.8206,0.8165,0.812,0.8072,0.8019,0.7963,0.7905,0.7843,0.778,0.7715,0.7648,0.7581,0.7514,0.7446,0.7379,0.7312,0.7246,0.7182,0.7119,0.7058,0.6999,0.6942,0.6888,0.6836,0.6786,0.6739,0.6694,0.6651,0.6611,0.6574,0.6538,0.6505,0.6475,0.6446,0.642,0.6416,0.6416,0.6416,0.6416,0.6416,0.6416,0.6416,0.6416,0.6416,0.6416,0.6416,0.6416,0.6416,0.6416,0.6416,0.6416,0.6416,0.6416,0.6416,0.6416,0.6416,0.6416,0.6416,0.6416,0.6416,0.6416,0.6416,0.6416,0.6416,0.6416,0.6416,0.6416,0.6416,0.6416,0.6414,0.641,0.6403,0.6394,0.6382,0.6369,0.6353,0.6335,0.6315,0.6294,0.6272,0.6248,0.6223,0.6199,0.6173,0.6148,0.6124,0.6111,0.6111,0.6111,0.6111,0.6111,0.6111,0.6111,0.6111,0.6111,0.6111,0.6111,0.6111,0.6111,0.6111,0.6111,0.6111,0.6111,0.6111,0.6111,0.6111,0.6111,0.6111,0.6111,0.6111,0.6111,0.6111,0.6111,0.6111,0.6111,0.6111,0.611,0.6107,0.6101,0.6092,0.6079,0.6063,0.6043,0.602,0.5992,0.5962,0.5927,0.5889,0.5848,0.5803,0.5754,0.5703,0.5648,0.559,0.5529,0.5466,0.54,0.5332,0.5274,0.5274,0.5274,0.5274,0.5274,0.5274,0.5274,0.5274,0.5274,0.5274,0.5274,0.5274,0.5274,0.5274,0.5274,0.5274,0.5274,0.5274,0.5274,0.5274,0.5274,0.5274,0.5274,0.5274,0.5274,0.5274,0.5274,0.5274,0.5274,0.5274,0.5274,0.5274,0.5274,0.5274,0.5274,0.5274,0.5274,0.5274,0.5274,0.5274,0.5274,0.5274,0.5274,0.5274,0.5274,0.5274,0.5274,0.5274,0.5274,0.5274,0.5274,0.5274,0.5274,0.5274,0.5274,0.5274,0.5274,0.5274,0.5274,0.5274,0.5274,0.5274,0.5274,0.5274,0.5274,0.5274,0.5274,0.5274,0.5274,0.5274,0.5274,0.5274,0.5274,0.5274,0.5274,0.5274,0.5274,0.5274,0.5274,0.5274,0.5274,0.5274,0.5274,0.5274,0.5274,0.5271,0.5266,0.5257,0.5246,0.5232,0.5215,0.5194,0.5169,0.5141,0.5109,0.5072,0.5031,0.4985,0.4935,0.488,0.4819,0.4754,0.4684,0.4609,0.4528,0.4443,0.4353,0.4259,0.416,0.4056,0.3949,0.3839,0.3725,0.3608,0.3489,0.3367,0.3244,0.312,0.2994,0.2868,0.2742,0.2617,0.2492,0.2368,0.2246,0.2125,0.2007,0.1891,0.1778,0.1668,0.1562,0.1458,0.1359,0.1263,0.1172,0.1084,0.1001,0.0921,0.0846,0.0775,0.0709,0.0646,0.0587,0.0533,0.0482,0.0435,0.0391,0.0351,0.0314,0.028,0.0249,0.0221,0.0196,0.0173,0.0152,0.0133,0.0117,0.0102,0.0089,0.0077,0.0066,0.0057,0.0049,0.0042,0.0036,0.0031,0.0026,0.0022,0.0019,0.0016,0.0013,0.0011,0.0009,0.0008,0.0006,0.0005,0.0004,0.0004,0.0003,0.0002,0.0002,0.0002,0.0001,0.0001,0.0001,0.0001,0.0001,0.0,0.0,0.0,0.0,0.0,0.0,0.0,0.0,0.0,0.0,0.0,0.0,0.0,0.0,0.0,0.0,0.0,0.0,0.0,0.0,0.0,0.0,0.0,0.0,0.0,0.0,0.0,0.0,0.0,0.0,0.0,0.0,0.0,0.0,0.0,0.0,0.0,0.0,0.0,0.0,0.0,0.0,0.0,0.0,0.0,0.0,0.0,0.0,0.0,0.0,0.0,0.0,0.0,0.0,0.0,0.0,0.0,0.0,0.0,0.0,0.0,0.0,0.0,0.0,0.0,0.0,0.0,0.0,0.0,0.0,0.0,0.0,0.0,0.0,0.0,0.0,0.0,0.0,0.0,0.0,0.0,0.0,0.0,0.0,0.0,0.0,0.0,0.0,0.0,0.0,0.0,0.0,0.0,0.0,0.0,0.0,0.0,0.0,0.0,0.0,0.0,0.0,0.0,0.0,0.0,0.0,0.0,0.0,0.0,0.0,0.0,0.0,0.0,0.0,0.0,0.0,0.0,0.0,0.0,0.0,0.0
N,1.0,1.0,1.0,1.0,1.0,1.0,0.998,0.9899,0.9761,0.9569,0.9331,0.9052,0.8739,0.8398,0.8036,0.7659,0.7274,0.6886,0.65,0.612,0.5751,0.5395,0.5056,0.4736,0.4437,0.4159,0.3904,0.3672,0.3463,0.3277,0.3112,0.2969,0.2915,0.2915,0.2915,0.2915,0.2915,0.2915,0.2915,0.2915,0.2915,0.2915,0.2915,0.2915,0.2915,0.2915,0.2915,0.2915,0.2915,0.2915,0.2915,0.2915,0.2915,0.2915,0.2915,0.2915,0.2915,0.2915,0.2915,0.2915,0.2915,0.2915,0.2915,0.2915,0.2915,0.2915,0.2915,0.2915,0.2915,0.2915,0.2915,0.2915,0.2915,0.2915,0.2915,0.2915,0.2915,0.2915,0.2915,0.2915,0.2915,0.2912,0.2905,0.2895,0.2881,0.2864,0.2844,0.2822,0.2797,0.2771,0.2744,0.2716,0.2687,0.2659,0.2632,0.2606,0.258,0.2556,0.2533,0.251,0.2488,0.2466,0.2444,0.242,0.2395,0.2368,0.2338,0.2305,0.2268,0.2227,0.2182,0.2133,0.208,0.2024,0.1964,0.1903,0.1839,0.1775,0.1711,0.1648,0.1587,0.1528,0.1472,0.1419,0.1371,0.1327,0.1287,0.1251,0.1219,0.1191,0.1167,0.1145,0.1125,0.1107,0.1091,0.1074,0.1057,0.104,0.1022,0.1002,0.0981,0.0958,0.0933,0.0906,0.0877,0.0846,0.0814,0.078,0.0745,0.0709,0.0673,0.0636,0.06,0.0564,0.0528,0.0494,0.0461,0.0428,0.0398,0.0369,0.0342,0.0317,0.0294,0.0273,0.0254,0.0236,0.0221,0.0208,0.0196,0.0186,0.0178,0.0171,0.0165,0.0159,0.0155,0.0151,0.0148,0.0144,0.0141,0.0137,0.0133,0.0129,0.0125,0.0119,0.0114,0.0108,0.0102,0.0095,0.0089,0.0082,0.0075,0.0068,0.0061,0.0055,0.0048,0.0043,0.0037,0.0032,0.0027,0.0023,0.002,0.0016,0.0014,0.0011,0.0009,0.0007,0.0006,0.0005,0.0004,0.0003,0.0002,0.0002,0.0001,0.0001,0.0001,0.0001,0.0,0.0,0.0,0.0,0.0,0.0,0.0,0.0,0.0,0.0,0.0,0.0,0.0,0.0,0.0,0.0,0.0,0.0,0.0,0.0,0.0,0.0,0.0,0.0,0.0,0.0,0.0,0.0,0.0,0.0,0.0,0.0,0.0,0.0,0.0,0.0,0.0,0.0,0.0,0.0,0.0,0.0,0.0,0.0,0.0,0.0,0.0,0.0,0.0,0.0,0.0,0.0,0.0,0.0,0.0,0.0,0.0,0.0,0.0,0.0,0.0,0.0,0.0,0.0,0.0,0.0,0.0,0.0,0.0,0.0,0.0,0.0,0.0,0.0,0.0,0.0,0.0,0.0,0.0,0.0,0.0,0.0,0.0,0.0,0.0,0.0,0.0,0.0,0.0,0.0,0.0,0.0,0.0,0.0,0.0,0.0,0.0,0.0,0.0,0.0,0.0,0.0,0.0,0.0,0.0,0.0,0.0,0.0,0.0,0.0,0.0,0.0,0.0,0.0,0.0,0.0,0.0,0.0,0.0,0.0,0.0,0.0,0.0,0.0,0.0,0.0,0.0,0.0,0.0,0.0,0.0,0.0,0.0,0.0,0.0,0.0,0.0,0.0,0.0,0.0,0.0,0.0,0.0,0.0,0.0,0.0,0.0,0.0,0.0,0.0,0.0,0.0,0.0,0.0,0.0,0.0,0.0,0.0,0.0,0.0,0.0,0.0,0.0,0.0,0.0,0.0,0.0,0.0,0.0,0.0,0.0,0.0,0.0,0.0,0.0,0.0,0.0,0.0,0.0,0.0,0.0,0.0,0.0,0.0,0.0,0.0,0.0,0.0,0.0,0.0,0.0,0.0,0.0,0.0,0.0,0.0,0.0,0.0,0.0,0.0,0.0,0.0,0.0,0.0,0.0,0.0,0.0,0.0,0.0,0.0,0.0,0.0,0.0,0.0,0.0,0.0,0.0,0.0,0.0,0.0,0.0,0.0,0.0,0.0,0.0,0.0,0.0,0.0,0.0,0.0,0.0,0.0,0.0,0.0,0.0,0.0,0.0,0.0,0.0,0.0,0.0,0.0,0.0,0.0,0.0,0.0,0.0,0.0,0.0,0.0,0.0,0.0,0.0,0.0,0.0,0.0,0.0,0.0,0.0,0.0,0.0,0.0,0.0,0.0,0.0,0.0,0.0,0.0,0.0,0.0,0.0,0.0,0.0,0.0,0.0,0.0,0.0,0.0,0.0,0.0,0.0,0.0,0.0,0.0
Q,1.0,1.0,1.0,1.0,1.0,1.0,1.0,1.0,0.9973,0.9906,0.9799,0.9657,0.9479,0.9271,0.9034,0.8773,0.849,0.819,0.7876,0.7552,0.7221,0.7124,0.7124,0.7124,0.7124,0.7124,0.7124,0.7124,0.7124,0.7124,0.7124,0.7124,0.7124,0.7124,0.7124,0.7124,0.7124,0.7124,0.7124,0.7124,0.7124,0.7124,0.7124,0.7124,0.7124,0.7124,0.7124,0.7124,0.7124,0.7124,0.7124,0.7124,0.7124,0.7124,0.7124,0.7124,0.7124,0.7124,0.7124,0.7124,0.7124,0.7124,0.7124,0.7124,0.7124,0.7124,0.7124,0.7124,0.7124,0.7124,0.7124,0.7124,0.7124,0.7124,0.7124,0.7124,0.7124,0.7111,0.7086,0.7052,0.7008,0.6958,0.6902,0.6841,0.6778,0.6712,0.6646,0.6579,0.6514,0.645,0.6388,0.6328,0.627,0.6214,0.6161,0.611,0.606,0.6011,0.5964,0.5916,0.5869,0.5822,0.5775,0.5727,0.5677,0.5627,0.5576,0.5523,0.5469,0.5414,0.5358,0.5301,0.5243,0.5184,0.5124,0.5064,0.5003,0.4941,0.4879,0.4816,0.4753,0.4689,0.4625,0.456,0.4494,0.4427,0.436,0.4292,0.4224,0.4154,0.4084,0.4013,0.3942,0.387,0.3797,0.3725,0.3651,0.3578,0.3504,0.343,0.3357,0.3283,0.321,0.3138,0.3065,0.2994,0.2923,0.2853,0.2785,0.2717,0.2651,0.2586,0.2523,0.2462,0.2403,0.2345,0.229,0.2237,0.2187,0.2139,0.2093,0.2049,0.2008,0.197,0.1934,0.19,0.1869,0.1839,0.1812,0.1787,0.1764,0.1743,0.1724,0.1706,0.169,0.1675,0.1661,0.1649,0.1638,0.1627,0.1617,0.1607,0.1598,0.1589,0.158,0.157,0.156,0.1549,0.1538,0.1525,0.1511,0.1495,0.1478,0.146,0.1439,0.1417,0.1394,0.1368,0.1341,0.1312,0.1282,0.125,0.1217,0.1182,0.1147,0.1111,0.1075,0.1038,0.1001,0.0963,0.0926,0.0889,0.0852,0.0816,0.0781,0.0746,0.0712,0.0678,0.0646,0.0614,0.0583,0.0553,0.0524,0.0496,0.0469,0.0443,0.0418,0.0393,0.037,0.0348,0.0326,0.0305,0.0285,0.0266,0.0248,0.0231,0.0214,0.0198,0.0184,0.017,0.0156,0.0144,0.0132,0.0121,0.011,0.0101,0.0092,0.0083,0.0075,0.0068,0.0061,0.0055,0.0049,0.0044,0.0039,0.0035,0.0031,0.0027,0.0024,0.0021,0.0018,0.0016,0.0014,0.0012,0.001,0.0009,0.0008,0.0006,0.0005,0.0005,0.0004,0.0003,0.0003,0.0002,0.0002,0.0001,0.0001,0.0001,0.0001,0.0001,0.0001,0.0,0.0,0.0,0.0,0.0,0.0,0.0,0.0,0.0,0.0,0.0,0.0,0.0,0.0,0.0,0.0,0.0,0.0,0.0,0.0,0.0,0.0,0.0,0.0,0.0,0.0,0.0,0.0,0.0,0.0,0.0,0.0,0.0,0.0,0.0,0.0,0.0,0.0,0.0,0.0,0.0,0.0,0.0,0.0,0.0,0.0,0.0,0.0,0.0,0.0,0.0,0.0,0.0,0.0,0.0,0.0,0.0,0.0,0.0,0.0,0.0,0.0,0.0,0.0,0.0,0.0,0.0,0.0,0.0,0.0,0.0,0.0,0.0,0.0,0.0,0.0,0.0,0.0,0.0,0.0,0.0,0.0,0.0,0.0,0.0,0.0,0.0,0.0,0.0,0.0,0.0,0.0,0.0,0.0,0.0,0.0,0.0,0.0,0.0,0.0,0.0,0.0,0.0,0.0,0.0,0.0,0.0,0.0,0.0,0.0,0.0,0.0,0.0,0.0,0.0,0.0,0.0,0.0,0.0,0.0,0.0,0.0,0.0,0.0,0.0,0.0,0.0,0.0,0.0,0.0,0.0,0.0,0.0,0.0,0.0,0.0,0.0,0.0,0.0,0.0,0.0,0.0,0.0,0.0,0.0,0.0,0.0,0.0,0.0,0.0,0.0,0.0,0.0,0.0,0.0,0.0,0.0,0.0,0.0,0.0,0.0,0.0,0.0,0.0,0.0,0.0,0.0,0.0,0.0,0.0,0.0,0.0,0.0,0.0,0.0,0.0,0.0,0.0,0.0,0.0,0.0,0.0,0.0,0.0,0.0,0.0,0.0,0.0,0.0,0.0,0.0,0.0,0.0,0.0,0.0,0.0,0.0,0.0,0.0,0.0,0.0,0.0,0.0,0.0,0.0,0.0,0.0,0.0,0.0,0.0,0.0,0.0,0.0,0.0,0.0,0.0,0.0,0.0,0.0
C,1.0,1.0,0.9946,0.9696,0.9278,0.8733,0.8105,0.7437,0.6766,0.6124,0.5529,0.4994,0.452,0.4105,0.3742,0.3421,0.3135,0.2876,0.2638,0.2419,0.2218,0.2033,0.2014,0.2014,0.2014,0.2014,0.2014,0.2014,0.2014,0.2014,0.2014,0.2014,0.2014,0.2014,0.2014,0.2014,0.2014,0.2014,0.2014,0.2014,0.2014,0.2014,0.2014,0.2014,0.2014,0.2014,0.2014,0.2014,0.2014,0.2014,0.2014,0.2014,0.2014,0.2014,0.2014,0.2014,0.2014,0.2014,0.2014,0.2014,0.2014,0.2014,0.2014,0.2014,0.2014,0.2014,0.2014,0.2014,0.2014,0.2014,0.2014,0.2014,0.2014,0.2014,0.2014,0.2014,0.2014,0.2014,0.2014,0.2014,0.2014,0.2014,0.2014,0.2014,0.2014,0.2014,0.2014,0.2014,0.2014,0.1987,0.1918,0.1811,0.1674,0.1513,0.1338,0.1157,0.0979,0.081,0.0656,0.052,0.0403,0.0305,0.0227,0.0165,0.0117,0.0081,0.0055,0.0037,0.0024,0.0015,0.001,0.0006,0.0004,0.0002,0.0001,0.0001,0.0,0.0,0.0,0.0,0.0,0.0,0.0,0.0,0.0,0.0,0.0,0.0,0.0,0.0,0.0,0.0,0.0,0.0,0.0,0.0,0.0,0.0,0.0,0.0,0.0,0.0,0.0,0.0,0.0,0.0,0.0,0.0,0.0,0.0,0.0,0.0,0.0,0.0,0.0,0.0,0.0,0.0,0.0,0.0,0.0,0.0,0.0,0.0,0.0,0.0,0.0,0.0,0.0,0.0,0.0,0.0,0.0,0.0,0.0,0.0,0.0,0.0,0.0,0.0,0.0,0.0,0.0,0.0,0.0,0.0,0.0,0.0,0.0,0.0,0.0,0.0,0.0,0.0,0.0,0.0,0.0,0.0,0.0,0.0,0.0,0.0,0.0,0.0,0.0,0.0,0.0,0.0,0.0,0.0,0.0,0.0,0.0,0.0,0.0,0.0,0.0,0.0,0.0,0.0,0.0,0.0,0.0,0.0,0.0,0.0,0.0,0.0,0.0,0.0,0.0,0.0,0.0,0.0,0.0,0.0,0.0,0.0,0.0,0.0,0.0,0.0,0.0,0.0,0.0,0.0,0.0,0.0,0.0,0.0,0.0,0.0,0.0,0.0,0.0,0.0,0.0,0.0,0.0,0.0,0.0,0.0,0.0,0.0,0.0,0.0,0.0,0.0,0.0,0.0,0.0,0.0,0.0,0.0,0.0,0.0,0.0,0.0,0.0,0.0,0.0,0.0,0.0,0.0,0.0,0.0,0.0,0.0,0.0,0.0,0.0,0.0,0.0,0.0,0.0,0.0,0.0,0.0,0.0,0.0,0.0,0.0,0.0,0.0,0.0,0.0,0.0,0.0,0.0,0.0,0.0,0.0,0.0,0.0,0.0,0.0,0.0,0.0,0.0,0.0,0.0,0.0,0.0,0.0,0.0,0.0,0.0,0.0,0.0,0.0,0.0,0.0,0.0,0.0,0.0,0.0,0.0,0.0,0.0,0.0,0.0,0.0,0.0,0.0,0.0,0.0,0.0,0.0,0.0,0.0,0.0,0.0,0.0,0.0,0.0,0.0,0.0,0.0,0.0,0.0,0.0,0.0,0.0,0.0,0.0,0.0,0.0,0.0,0.0,0.0,0.0,0.0,0.0,0.0,0.0,0.0,0.0,0.0,0.0,0.0,0.0,0.0,0.0,0.0,0.0,0.0,0.0,0.0,0.0,0.0,0.0,0.0,0.0,0.0,0.0,0.0,0.0,0.0,0.0,0.0,0.0,0.0,0.0,0.0,0.0,0.0,0.0,0.0,0.0,0.0,0.0,0.0,0.0,0.0,0.0,0.0,0.0,0.0,0.0,0.0,0.0,0.0,0.0,0.0,0.0,0.0,0.0,0.0,0.0,0.0,0.0,0.0,0.0,0.0,0.0,0.0,0.0,0.0,0.0,0.0,0.0,0.0,0.0,0.0,0.0,0.0,0.0,0.0,0.0,0.0,0.0,0.0,0.0,0.0,0.0,0.0,0.0,0.0,0.0,0.0,0.0,0.0,0.0,0.0,0.0,0.0,0.0,0.0,0.0,0.0,0.0,0.0,0.0,0.0,0.0,0.0,0.0,0.0,0.0,0.0,0.0,0.0,0.0,0.0,0.0,0.0,0.0,0.0,0.0,0.0,0.0,0.0,0.0,0.0,0.0,0.0,0.0,0.0,0.0,0.0
G,1.0,1.0,1.0,0.9986,0.9884,0.97,0.9444,0.9126,0.8756,0.8348,0.7914,0.7466,0.7016,0.6572,0.6144,0.5739,0.5361,0.5014,0.47,0.4419,0.4172,0.3955,0.3768,0.3606,0.3469,0.3351,0.3251,0.3166,0.3092,0.3028,0.2972,0.2921,0.2908,0.2908,0.2908,0.2908,0.2908,0.2908,0.2908,0.2908,0.2908,0.2908,0.2908,0.2908,0.2908,0.2908,0.2908,0.2908,0.2908,0.2908,0.2908,0.2908,0.2908,0.2908,0.2908,0.2908,0.2908,0.2908,0.2908,0.2908,0.2908,0.2908,0.2908,0.2908,0.2908,0.2908,0.2908,0.2908,0.2908,0.2908,0.2908,0.2908,0.2908,0.2908,0.2908,0.2908,0.2908,0.2908,0.2908,0.2908,0.2908,0.2908,0.2908,0.2908,0.2908,0.2908,0.2908,0.2908,0.2908,0.2908,0.2908,0.2908,0.2908,0.2908,0.2908,0.2908,0.2908,0.2908,0.2908,0.2908,0.2908,0.2908,0.2908,0.2908,0.2908,0.2908,0.2908,0.2908,0.2908,0.2908,0.2908,0.2908,0.2908,0.2908,0.2908,0.2908,0.2908,0.2908,0.2908,0.2908,0.2908,0.2908,0.2908,0.2908,0.2908,0.2908,0.2908,0.2908,0.2908,0.2908,0.2908,0.2908,0.2908,0.2908,0.2908,0.2906,0.2899,0.2886,0.2867,0.2839,0.2803,0.2758,0.2703,0.2638,0.2564,0.248,0.2387,0.2287,0.218,0.2067,0.1949,0.1829,0.1706,0.1584,0.1462,0.1342,0.1226,0.1113,0.1006,0.0904,0.0809,0.072,0.0637,0.0561,0.0492,0.043,0.0373,0.0323,0.0278,0.0239,0.0204,0.0174,0.0148,0.0126,0.0107,0.0091,0.0077,0.0066,0.0056,0.0048,0.0041,0.0036,0.0031,0.0027,0.0023,0.002,0.0018,0.0016,0.0014,0.0012,0.001,0.0009,0.0008,0.0007,0.0006,0.0005,0.0004,0.0003,0.0003,0.0002,0.0002,0.0001,0.0001,0.0001,0.0001,0.0,0.0,0.0,0.0,0.0,0.0,0.0,0.0,0.0,0.0,0.0,0.0,0.0,0.0,0.0,0.0,0.0,0.0,0.0,0.0,0.0,0.0,0.0,0.0,0.0,0.0,0.0,0.0,0.0,0.0,0.0,0.0,0.0,0.0,0.0,0.0,0.0,0.0,0.0,0.0,0.0,0.0,0.0,0.0,0.0,0.0,0.0,0.0,0.0,0.0,0.0,0.0,0.0,0.0,0.0,0.0,0.0,0.0,0.0,0.0,0.0,0.0,0.0,0.0,0.0,0.0,0.0,0.0,0.0,0.0,0.0,0.0,0.0,0.0,0.0,0.0,0.0,0.0,0.0,0.0,0.0,0.0,0.0,0.0,0.0,0.0,0.0,0.0,0.0,0.0,0.0,0.0,0.0,0.0,0.0,0.0,0.0,0.0,0.0,0.0,0.0,0.0,0.0,0.0,0.0,0.0,0.0,0.0,0.0,0.0,0.0,0.0,0.0,0.0,0.0,0.0,0.0,0.0,0.0,0.0,0.0,0.0,0.0,0.0,0.0,0.0,0.0,0.0,0.0,0.0,0.0,0.0,0.0,0.0,0.0,0.0,0.0,0.0,0.0,0.0,0.0,0.0,0.0,0.0,0.0,0.0,0.0,0.0,0.0,0.0,0.0,0.0,0.0,0.0,0.0,0.0,0.0,0.0,0.0,0.0,0.0,0.0,0.0,0.0,0.0,0.0,0.0,0.0,0.0,0.0,0.0,0.0,0.0,0.0,0.0,0.0,0.0,0.0,0.0,0.0,0.0,0.0,0.0,0.0,0.0,0.0,0.0,0.0,0.0,0.0,0.0,0.0,0.0,0.0,0.0,0.0,0.0,0.0,0.0,0.0,0.0,0.0,0.0,0.0,0.0,0.0,0.0,0.0,0.0,0.0,0.0,0.0,0.0,0.0,0.0,0.0,0.0,0.0,0.0,0.0,0.0,0.0,0.0,0.0,0.0,0.0,0.0,0.0,0.0,0.0,0.0,0.0,0.0,0.0,0.0,0.0,0.0,0.0,0.0,0.0,0.0,0.0,0.0,0.0,0.0,0.0,0.0,0.0,0.0,0.0,0.0,0.0,0.0,0.0,0.0,0.0,0.0,0.0,0.0,0.0,0.0,0.0,0.0,0.0,0.0,0.0,0.0,0.0,0.0,0.0,0.0,0.0,0.0,0.0,0.0,0.0,0.0,0.0,0.0,0.0,0.0,0.0,0.0,0.0,0.0,0.0,0.0,0.0,0.0,0.0,0.0,0.0,0.0,0.0,0.0
P,1.0,1.0,1.0,1.0,1.0,1.0,1.0,1.0,1.0,1.0,1.0,1.0,1.0,1.0,1.0,1.0,1.0,1.0,1.0,1.0,1.0,1.0,1.0,1.0,1.0,1.0,1.0,1.0,1.0,1.0,1.0,1.0,1.0,1.0,1.0,1.0,1.0,1.0,1.0,1.0,1.0,1.0,1.0,1.0,1.0,1.0,1.0,1.0,1.0,1.0,1.0,1.0,1.0,1.0,1.0,1.0,1.0,1.0,1.0,1.0,1.0,1.0,1.0,1.0,1.0,1.0,1.0,1.0,1.0,1.0,1.0,1.0,1.0,1.0,1.0,1.0,1.0,1.0,1.0,1.0,1.0,1.0,1.0,1.0,1.0,1.0,1.0,1.0,1.0,1.0,1.0,1.0,1.0,1.0,1.0,1.0,1.0,1.0,1.0,1.0,1.0,1.0,1.0,1.0,1.0,1.0,1.0,1.0,1.0,1.0,1.0,1.0,1.0,1.0,1.0,1.0,1.0,1.0,1.0,1.0,1.0,1.0,1.0,1.0,1.0,1.0,1.0,1.0,1.0,1.0,1.0,1.0,1.0,1.0,1.0,1.0,1.0,1.0,1.0,1.0,1.0,1.0,1.0,1.0,1.0,1.0,1.0,1.0,1.0,1.0,0.9998,0.9993,0.9985,0.9974,0.9961,0.9945,0.9925,0.9903,0.9877,0.9849,0.9817,0.9782,0.9743,0.9701,0.9656,0.9608,0.9556,0.9502,0.9443,0.9382,0.9318,0.9251,0.9181,0.9108,0.9032,0.8954,0.8873,0.879,0.8705,0.8618,0.8529,0.8439,0.8347,0.8253,0.8158,0.8063,0.7966,0.7869,0.7772,0.7674,0.7576,0.7478,0.7381,0.7283,0.7186,0.709,0.6994,0.6899,0.6805,0.6713,0.6621,0.6531,0.6442,0.6354,0.6268,0.6183,0.61,0.6019,0.5939,0.5861,0.5784,0.5709,0.5637,0.5565,0.5557,0.5557,0.5557,0.5557,0.5557,0.5557,0.5557,0.5557,0.5557,0.5557,0.5557,0.5557,0.5557,0.5557,0.5557,0.5557,0.5557,0.5557,0.5557,0.5557,0.5557,0.5557,0.5557,0.5557,0.5557,0.5557,0.5557,0.5557,0.5557,0.5557,0.5557,0.5557,0.5557,0.5557,0.5557,0.5557,0.5557,0.5557,0.5557,0.5557,0.5557,0.5557,0.5557,0.5557,0.5557,0.5557,0.5557,0.5557,0.5557,0.5557,0.5557,0.5557,0.5557,0.5557,0.5557,0.5557,0.5557,0.5557,0.5557,0.5557,0.5557,0.5557,0.5557,0.5557,0.5557,0.5557,0.5557,0.5557,0.5557,0.5557,0.5557,0.5557,0.5557,0.5557,0.5557,0.5557,0.5557,0.5557,0.5557,0.5557,0.5557,0.5557,0.5557,0.5557,0.5557,0.5557,0.5557,0.5557,0.5557,0.5557,0.5557,0.5557,0.5557,0.5557,0.5557,0.5557,0.5557,0.5557,0.5557,0.5557,0.5557,0.5557,0.5557,0.5557,0.5557,0.5557,0.5557,0.5557,0.5556,0.5554,0.5551,0.5548,0.5543,0.5537,0.5529,0.552,0.5509,0.5497,0.5482,0.5466,0.5447,0.5426,0.5403,0.5377,0.5349,0.5318,0.5285,0.5249,0.5211,0.5169,0.5125,0.5079,0.5029,0.4978,0.4923,0.4866,0.4807,0.4745,0.4681,0.4616,0.4548,0.4478,0.4406,0.4333,0.4259,0.4183,0.4106,0.4028,0.395,0.3871,0.3791,0.3711,0.3632,0.3552,0.3472,0.3393,0.3315,0.3237,0.316,0.3084,0.3009,0.2935,0.2862,0.2791,0.2721,0.2653,0.2586,0.2521,0.2457,0.2395,0.2334,0.2276,0.2218,0.2163,0.2109,0.2057,0.2006,0.1957,0.1909,0.1862,0.1817,0.1774,0.1731,0.169,0.1649,0.161,0.1572,0.1535,0.1498,0.1463,0.1428,0.1393,0.136,0.1327,0.1294,0.1262,0.123,0.1199,0.1168,0.1138,0.1107,0.1077,0.1048,0.1018,0.0989,0.096,0.0931,0.0903,0.0875,0.0847,0.0819,0.0791,0.0764,0.0737,0.0711,0.0684,0.0658,0.0633,0.0607,0.0583,0.0558,0.0534,0.0511,0.0488,0.0466,0.0444,0.0422,0.0401,0.0381,0.0361,0.0342,0.0324,0.0306,0.0289,0.0272,0.0256,0.0241,0.0226,0.0212,0.0199,0.0186,0.0173,0.0162,0.0151,0.014,0.013,0.0121,0.0112,0.0103,0.0095,0.0088,0.0081,0.0074,0.0068,0.0063,0.0057,0.0052,0.0048,0.0044,0.004,0.0036,0.0033,0.003,0.0027,0.0024,0.0022,0.002,0.0018,0.0016,0.0014,0.0013,0.0011,0.001,0.0009,0.0008,0.0007,0.0006,0.0006,0.0005,0.0004,0.0004,0.0003,0.0003,0.0003,0.0002,0.0002
A,1.0,1.0,1.0,1.0,1.0,0.9989,0.9941,0.9858,0.9741,0.9593,0.9415,0.9211,0.8982,0.8733,0.8467,0.8186,0.7894,0.7594,0.729,0.6983,0.6678,0.6376,0.608,0.5792,0.5514,0.5248,0.4994,0.4754,0.4528,0.4317,0.4122,0.3942,0.3778,0.3629,0.3494,0.3373,0.3265,0.317,0.3086,0.3013,0.295,0.2896,0.2849,0.2809,0.2774,0.2744,0.2719,0.2696,0.2675,0.2656,0.2638,0.262,0.2601,0.2582,0.2561,0.254,0.2516,0.2491,0.2464,0.2435,0.2404,0.2371,0.2337,0.2302,0.2265,0.2228,0.2219,0.2219,0.2219,0.2219,0.2219,0.2219,0.2219,0.2219,0.2219,0.2219,0.2219,0.2219,0.2219,0.2219,0.2219,0.2219,0.2219,0.2219,0.2219,0.2219,0.2219,0.2219,0.2219,0.2219,0.2219,0.2219,0.2219,0.2219,0.2219,0.2219,0.2219,0.2219,0.2219,0.2219,0.2219,0.2219,0.2219,0.2219,0.2219,0.2219,0.2219,0.2219,0.2219,0.2219,0.2219,0.2216,0.2211,0.2203,0.2193,0.218,0.2166,0.215,0.2132,0.2113,0.2093,0.2073,0.2051,0.203,0.2008,0.1987,0.1966,0.1945,0.1925,0.1905,0.1886,0.1869,0.1852,0.1835,0.182,0.1806,0.1792,0.178,0.1768,0.1756,0.1746,0.1736,0.1726,0.1717,0.1709,0.1701,0.1693,0.1686,0.1679,0.1673,0.1667,0.1661,0.1656,0.1651,0.1646,0.1642,0.1638,0.1635,0.1632,0.1629,0.1627,0.1625,0.1623,0.1621,0.162,0.1618,0.1617,0.1616,0.1614,0.1612,0.161,0.1608,0.1605,0.1601,0.1597,0.1592,0.1586,0.1579,0.1571,0.1562,0.1552,0.1541,0.1529,0.1516,0.1502,0.1486,0.147,0.1453,0.1435,0.1416,0.1397,0.1377,0.1356,0.1336,0.1315,0.1298,0.1298,0.1298,0.1298,0.1298,0.1298,0.1298,0.1298,0.1298,0.1298,0.1298,0.1298,0.1298,0.1298,0.1298,0.1298,0.1298,0.1298,0.1298,0.1298,0.1298,0.1298,0.1298,0.1298,0.1298,0.1298,0.1298,0.1298,0.1298,0.1298,0.1298,0.1298,0.1298,0.1298,0.1298,0.1298,0.1298,0.1298,0.1298,0.1298,0.1298,0.1298,0.1298,0.1298,0.1297,0.1294,0.129,0.1283,0.1275,0.1265,0.1253,0.124,0.1225,0.1208,0.1189,0.1169,0.1147,0.1124,0.1099,0.1073,0.1046,0.1018,0.0988,0.0958,0.0926,0.0894,0.0861,0.0827,0.0793,0.0759,0.0725,0.069,0.0656,0.0622,0.0589,0.0556,0.0523,0.0491,0.0461,0.0431,0.0402,0.0375,0.0348,0.0323,0.0299,0.0276,0.0255,0.0235,0.0216,0.0198,0.0182,0.0166,0.0152,0.0139,0.0127,0.0116,0.0105,0.0096,0.0087,0.0079,0.0072,0.0065,0.0059,0.0054,0.0048,0.0044,0.0039,0.0036,0.0032,0.0029,0.0026,0.0023,0.0021,0.0018,0.0016,0.0014,0.0013,0.0011,0.001,0.0009,0.0008,0.0007,0.0006,0.0005,0.0004,0.0004,0.0003,0.0003,0.0002,0.0002,0.0002,0.0001,0.0001,0.0001,0.0001,0.0001,0.0001,0.0,0.0,0.0,0.0,0.0,0.0,0.0,0.0,0.0,0.0,0.0,0.0,0.0,0.0,0.0,0.0,0.0,0.0,0.0,0.0,0.0,0.0,0.0,0.0,0.0,0.0,0.0,0.0,0.0,0.0,0.0,0.0,0.0,0.0,0.0,0.0,0.0,0.0,0.0,0.0,0.0,0.0,0.0,0.0,0.0,0.0,0.0,0.0,0.0,0.0,0.0,0.0,0.0,0.0,0.0,0.0,0.0,0.0,0.0,0.0,0.0,0.0,0.0,0.0,0.0,0.0,0.0,0.0,0.0,0.0,0.0,0.0,0.0,0.0,0.0,0.0,0.0,0.0,0.0,0.0,0.0,0.0,0.0,0.0,0.0,0.0,0.0,0.0,0.0,0.0,0.0,0.0,0.0,0.0,0.0,0.0,0.0,0.0,0.0,0.0,0.0,0.0,0.0,0.0,0.0,0.0,0.0,0.0,0.0,0.0,0.0,0.0,0.0,0.0,0.0,0.0,0.0,0.0,0.0,0.0,0.0,0.0,0.0,0.0,0.0,0.0,0.0,0.0,0.0,0.0,0.0,0.0,0.0,0.0,0.0,0.0,0.0,0.0,0.0,0.0,0.0,0.0,0.0,0.0,0.0,0.0,0.0,0.0,0.0,0.0,0.0,0.0,0.0,0.0,0.0,0.0,0.0,0.0,0.0,0.0,0.0,0.0,0.0,0.0,0.0,0.0,0.0,0.0
V,1.0,1.0,1.0,0.9834,0.9514,0.9062,0.8507,0.7881,0.7215,0.6537,0.5872,0.5242,0.4658,0.4131,0.3664,0.3257,0.2906,0.2607,0.2355,0.2142,0.1966,0.1819,0.1699,0.1602,0.1526,0.1508,0.1508,0.1508,0.1508,0.1508,0.1508,0.1508,0.1508,0.1508,0.1508,0.1508,0.1508,0.1508,0.1506,0.1496,0.1477,0.1451,0.1419,0.1381,0.134,0.1298,0.1256,0.1215,0.1177,0.1142,0.1109,0.108,0.1052,0.1026,0.1,0.0973,0.0945,0.0914,0.0881,0.0846,0.0809,0.077,0.0731,0.0691,0.0652,0.0614,0.0578,0.0545,0.0515,0.0487,0.0474,0.0474,0.0474,0.0474,0.0474,0.0474,0.0474,0.0474,0.0474,0.0474,0.0474,0.0474,0.0474,0.0474,0.0474,0.0474,0.0474,0.0474,0.0474,0.0474,0.0474,0.0474,0.0474,0.0474,0.0474,0.0474,0.0474,0.0474,0.0474,0.0474,0.0474,0.0474,0.0474,0.0474,0.0474,0.0474,0.0474,0.0474,0.0474,0.0474,0.0474,0.0474,0.0474,0.0474,0.0474,0.0474,0.0474,0.0474,0.0474,0.0474,0.0474,0.0474,0.0474,0.0474,0.0474,0.0474,0.0474,0.0474,0.0474,0.0474,0.0474,0.0474,0.0474,0.0474,0.0474,0.0474,0.0474,0.0474,0.0474,0.0474,0.0474,0.0474,0.0474,0.0474,0.0474,0.0474,0.0474,0.0474,0.0474,0.0474,0.0474,0.0474,0.0474,0.0474,0.0474,0.0474,0.0474,0.0474,0.0474,0.0474,0.0474,0.0474,0.0474,0.0474,0.0474,0.0474,0.0474,0.0474,0.0474,0.0474,0.0474,0.0474,0.0474,0.0474,0.0474,0.0474,0.0474,0.0474,0.0474,0.0474,0.0474,0.0474,0.0474,0.0474,0.0474,0.0474,0.0474,0.0474,0.0474,0.0474,0.0474,0.0474,0.0474,0.0474,0.0474,0.0474,0.0474,0.0474,0.0474,0.0474,0.0474,0.0474,0.0474,0.0474,0.0474,0.0474,0.0474,0.0474,0.0474,0.0474,0.0474,0.0474,0.0474,0.0474,0.0474,0.0474,0.0474,0.0474,0.0474,0.0474,0.0474,0.0474,0.0474,0.0474,0.0474,0.0474,0.0474,0.0474,0.0474,0.0471,0.0462,0.0448,0.0429,0.0406,0.0381,0.0354,0.0327,0.03,0.0273,0.0249,0.0226,0.0206,0.0188,0.0172,0.0159,0.0147,0.0137,0.0128,0.0121,0.0114,0.0108,0.0103,0.0099,0.0095,0.0092,0.0089,0.0086,0.0084,0.0082,0.008,0.0079,0.0079,0.0079,0.0079,0.0079,0.0079,0.0079,0.0079,0.0079,0.0079,0.0079,0.0079,0.0079,0.0079,0.0079,0.0079,0.0079,0.0079,0.0079,0.0079,0.0079,0.0079,0.0079,0.0079,0.0079,0.0079,0.0079,0.0079,0.0079,0.0079,0.0079,0.0079,0.0079,0.0079,0.0079,0.0079,0.0079,0.0079,0.0079,0.0079,0.0079,0.0079,0.0079,0.0079,0.0079,0.0079,0.0079,0.0079,0.0079,0.0079,0.0079,0.0079,0.0079,0.0079,0.0079,0.0079,0.0079,0.0079,0.0079,0.0079,0.0079,0.0079,0.0079,0.0079,0.0079,0.0079,0.0079,0.0079,0.0079,0.0079,0.0079,0.0079,0.0079,0.0079,0.0079,0.0079,0.0079,0.0079,0.0079,0.0079,0.0079,0.0079,0.0079,0.0079,0.0079,0.0079,0.0079,0.0079,0.0079,0.0079,0.0079,0.0079,0.0079,0.0079,0.0079,0.0079,0.0079,0.0079,0.0079,0.0079,0.0079,0.0078,0.0077,0.0076,0.0073,0.0071,0.0068,0.0065,0.0062,0.0059,0.0057,0.0054,0.0051,0.0049,0.0047,0.0045,0.0044,0.0043,0.0042,0.0041,0.0041,0.0041,0.0041,0.0041,0.0041,0.0041,0.0041,0.0041,0.0041,0.0041,0.0041,0.0041,0.0041,0.0041,0.0041,0.0041,0.0041,0.0041,0.0041,0.0041,0.0041,0.0041,0.0041,0.0041,0.0041,0.0041,0.0041,0.0041,0.0041,0.0041,0.0041,0.0041,0.0041,0.0041,0.0041,0.0041,0.0041,0.0041,0.0041,0.004,0.0039,0.0037,0.0035,0.0033,0.003,0.0027,0.0024,0.0021,0.0018,0.0017,0.0017,0.0017,0.0017,0.0017,0.0017,0.0017,0.0017,0.0017,0.0017,0.0017,0.0017,0.0017,0.0017,0.0017,0.0017,0.0017,0.0017,0.0017,0.0017,0.0017,0.0017,0.0017,0.0017,0.0017,0.0017,0.0017,0.0017,0.0017,0.0017,0.0017,0.0017,0.0017,0.0017,0.0017,0.0017,0.0017,0.0017,0.0017,0.0017,0.0017,0.0017,0.0017,0.0017,0.0017,0.0017,0.0017,0.0017,0.0017,0.0017,0.0017,0.0017,0.0017,0.0017,0.0017,0.0016,0.0015,0.0014,0.0012,0.0011,0.0009,0.0008,0.0007,0.0005,0.0004,0.0003,0.0003,0.0002,0.0001,0.0001,0.0001
I,1.0,1.0,1.0,1.0,1.0,1.0,1.0,0.998,0.9937,0.9874,0.979,0.9687,0.9568,0.9433,0.9284,0.9123,0.8953,0.8774,0.8588,0.8398,0.8205,0.801,0.7816,0.7622,0.7431,0.7243,0.706,0.6882,0.671,0.6545,0.6386,0.6234,0.6088,0.595,0.5819,0.5694,0.5575,0.5462,0.5354,0.5252,0.5154,0.5059,0.4968,0.488,0.4794,0.4711,0.4628,0.4547,0.4466,0.4385,0.4304,0.4223,0.4142,0.406,0.3977,0.3894,0.381,0.3725,0.3639,0.3553,0.3467,0.338,0.3293,0.3207,0.312,0.3035,0.295,0.2866,0.2783,0.2702,0.2622,0.2544,0.2468,0.2394,0.2322,0.2253,0.2187,0.2123,0.2105,0.2105,0.2105,0.2105,0.2105,0.2105,0.2105,0.2105,0.2105,0.2105,0.2105,0.2105,0.2105,0.2105,0.2105,0.2105,0.2105,0.2105,0.2105,0.2105,0.2105,0.2105,0.2105,0.2105,0.2105,0.2105,0.2105,0.2105,0.2105,0.2105,0.2105,0.2105,0.2105,0.2105,0.2105,0.2105,0.2105,0.2105,0.2105,0.2105,0.2105,0.2105,0.2105,0.2105,0.2105,0.2105,0.2105,0.2105,0.2105,0.2102,0.2096,0.2085,0.2071,0.2054,0.2033,0.2008,0.198,0.195,0.1917,0.1881,0.1843,0.1803,0.1761,0.1719,0.1675,0.163,0.1585,0.154,0.1506,0.1506,0.1506,0.1506,0.1506,0.1506,0.1506,0.1506,0.1506,0.1506,0.1506,0.1506,0.1506,0.1506,0.1506,0.1506,0.1506,0.1506,0.1506,0.1506,0.1506,0.1506,0.1506,0.1506,0.1506,0.1506,0.1506,0.1506,0.1506,0.1506,0.1506,0.1506,0.1506,0.1506,0.1506,0.1506,0.1506,0.1506,0.1506,0.1506,0.1506,0.1506,0.1506,0.1506,0.1506,0.1506,0.1506,0.1506,0.1506,0.1506,0.1506,0.1506,0.1506,0.1506,0.1506,0.1506,0.1505,0.1501,0.1494,0.1485,0.1472,0.1457,0.1439,0.1419,0.1397,0.1372,0.1345,0.1316,0.1286,0.1254,0.1222,0.1188,0.1153,0.1118,0.1082,0.1046,0.101,0.0974,0.0939,0.0904,0.087,0.0836,0.0803,0.0772,0.0741,0.0712,0.0683,0.0656,0.063,0.0606,0.0582,0.056,0.054,0.052,0.0502,0.0485,0.047,0.0455,0.0442,0.043,0.0419,0.0409,0.04,0.0391,0.0384,0.0377,0.0371,0.0366,0.0361,0.0357,0.0353,0.035,0.0347,0.0345,0.0342,0.034,0.0338,0.0336,0.0335,0.0333,0.0331,0.0329,0.0327,0.0326,0.0323,0.0321,0.0319,0.0316,0.0314,0.0311,0.0308,0.0305,0.0301,0.0298,0.0294,0.0291,0.0287,0.0283,0.0279,0.0275,0.0271,0.0267,0.0263,0.0259,0.0255,0.0251,0.0247,0.0243,0.024,0.0236,0.0233,0.0229,0.0226,0.0223,0.022,0.0217,0.0217,0.0217,0.0217,0.0217,0.0217,0.0217,0.0217,0.0217,0.0217,0.0217,0.0217,0.0217,0.0217,0.0217,0.0217,0.0217,0.0217,0.0217,0.0217,0.0217,0.0217,0.0217,0.0217,0.0217,0.0217,0.0217,0.0217,0.0217,0.0217,0.0217,0.0217,0.0217,0.0217,0.0217,0.0217,0.0217,0.0217,0.0217,0.0217,0.0217,0.0217,0.0217,0.0217,0.0217,0.0217,0.0217,0.0217,0.0217,0.0217,0.0217,0.0217,0.0217,0.0217,0.0217,0.0217,0.0217,0.0217,0.0217,0.0217,0.0217,0.0217,0.0217,0.0217,0.0217,0.0217,0.0217,0.0217,0.0217,0.0217,0.0217,0.0216,0.0216,0.0215,0.0214,0.0213,0.0211,0.0209,0.0207,0.0205,0.0202,0.0199,0.0196,0.0193,0.019,0.0186,0.0182,0.0178,0.0174,0.0169,0.0165,0.016,0.0156,0.0151,0.0147,0.0142,0.0137,0.0133,0.0128,0.0124,0.0119,0.0115,0.0111,0.0107,0.0103,0.0099,0.0095,0.0092,0.0089,0.0085,0.0082,0.0079,0.0076,0.0074,0.0071,0.0069,0.0066,0.0064,0.0062,0.006,0.0058,0.0057,0.0055,0.0053,0.0052,0.005,0.005,0.005,0.005,0.005,0.005,0.005,0.005,0.005,0.005,0.005,0.005,0.005,0.005,0.005,0.005,0.005,0.005,0.005,0.005,0.005,0.005,0.005,0.005,0.005,0.005,0.005,0.005,0.005,0.005,0.005,0.005,0.005,0.005,0.005,0.005,0.005,0.005,0.005,0.005,0.005,0.005,0.005,0.005,0.005,0.005,0.005,0.005,0.005,0.005,0.005,0.005,0.005,0.005,0.005,0.005,0.005,0.005,0.005,0.005,0.005,0.005,0.005,0.005,0.005,0.005,0.005,0.005,0.005,0.005,0.005,0.0049,0.0049,0.0049
L,1.0,1.0,1.0,1.0,0.9957,0.9873,0.9749,0.9586,0.9389,0.9159,0.89,0.8616,0.831,0.7986,0.7647,0.7299,0.6944,0.6587,0.623,0.5877,0.553,0.5192,0.4865,0.4551,0.4252,0.3967,0.3699,0.3447,0.3212,0.2993,0.2791,0.2605,0.2434,0.2278,0.2135,0.2006,0.1888,0.1781,0.1684,0.1596,0.1517,0.1445,0.1379,0.132,0.1265,0.1216,0.117,0.1128,0.1089,0.1053,0.102,0.0989,0.0959,0.0932,0.0907,0.09,0.09,0.09,0.09,0.09,0.09,0.09,0.09,0.09,0.09,0.09,0.09,0.09,0.09,0.09,0.09,0.09,0.09,0.09,0.09,0.09,0.09,0.09,0.09,0.09,0.09,0.09,0.09,0.09,0.09,0.09,0.09,0.09,0.09,0.09,0.09,0.09,0.09,0.09,0.09,0.09,0.09,0.09,0.09,0.09,0.09,0.09,0.09,0.09,0.09,0.09,0.09,0.09,0.09,0.09,0.09,0.09,0.09,0.09,0.09,0.09,0.09,0.09,0.09,0.09,0.09,0.09,0.09,0.09,0.09,0.09,0.09,0.09,0.09,0.09,0.09,0.09,0.09,0.09,0.09,0.09,0.09,0.09,0.09,0.09,0.09,0.09,0.09,0.09,0.09,0.09,0.09,0.09,0.09,0.09,0.09,0.09,0.09,0.09,0.09,0.09,0.09,0.09,0.0898,0.0895,0.0891,0.0885,0.0877,0.0868,0.0858,0.0846,0.0832,0.0821,0.0821,0.0821,0.0821,0.0821,0.0821,0.0821,0.0821,0.0821,0.0821,0.0821,0.0821,0.0821,0.0821,0.0821,0.0821,0.0821,0.0821,0.0821,0.0821,0.0821,0.0821,0.0821,0.0821,0.0821,0.0821,0.0821,0.0821,0.0821,0.0821,0.0821,0.0821,0.0821,0.0821,0.0821,0.0821,0.0821,0.0821,0.0821,0.0821,0.0821,0.0821,0.0821,0.0821,0.0821,0.0821,0.0821,0.0821,0.0821,0.0821,0.0821,0.0821,0.0821,0.0821,0.0821,0.0821,0.0821,0.0821,0.0821,0.0821,0.0821,0.0821,0.0821,0.0821,0.0821,0.0821,0.0821,0.0821,0.0821,0.0821,0.0821,0.0821,0.0821,0.0821,0.0821,0.0821,0.0821,0.0821,0.0821,0.0821,0.082,0.0817,0.0813,0.0807,0.08,0.0791,0.0782,0.0771,0.0759,0.0746,0.0732,0.0717,0.0701,0.0685,0.0668,0.0651,0.0633,0.0615,0.0597,0.0579,0.056,0.0541,0.0523,0.0505,0.0486,0.0468,0.0451,0.0433,0.0416,0.04,0.0384,0.0368,0.0353,0.0339,0.0325,0.0312,0.0299,0.0288,0.0277,0.0266,0.0257,0.0253,0.0253,0.0253,0.0253,0.0253,0.0253,0.0253,0.0253,0.0253,0.0253,0.0253,0.0253,0.0253,0.0253,0.0253,0.0253,0.0253,0.0253,0.0253,0.0253,0.0253,0.0253,0.0253,0.0253,0.0253,0.0253,0.0253,0.0253,0.0253,0.0253,0.0253,0.0253,0.0253,0.0253,0.0253,0.0253,0.0253,0.0253,0.0253,0.0253,0.0253,0.0253,0.0253,0.0253,0.0253,0.0253,0.0253,0.0253,0.0253,0.0253,0.0253,0.0253,0.0253,0.0253,0.0253,0.0253,0.0253,0.0253,0.0253,0.0253,0.0253,0.0253,0.0253,0.0253,0.0253,0.0253,0.0253,0.0253,0.0253,0.0253,0.0252,0.025,0.0249,0.0247,0.0244,0.0241,0.0238,0.0235,0.0231,0.0227,0.0222,0.0218,0.0213,0.0208,0.0203,0.0198,0.0193,0.0187,0.0182,0.0177,0.0172,0.0167,0.0161,0.0156,0.0151,0.0147,0.0142,0.0138,0.0133,0.0129,0.0125,0.0121,0.0118,0.0114,0.0111,0.0108,0.0105,0.0102,0.01,0.0097,0.0095,0.0093,0.0092,0.009,0.0089,0.0087,0.0086,0.0085,0.0084,0.0083,0.0082,0.0081,0.008,0.0079,0.0078,0.0077,0.0076,0.0075,0.0074,0.0073,0.0071,0.007,0.0069,0.0067,0.0066,0.0064,0.0063,0.0061,0.006,0.0058,0.0057,0.0055,0.0054,0.0052,0.0051,0.005,0.0048,0.0047,0.0046,0.0045,0.0045,0.0045,0.0045,0.0045,0.0045,0.0045,0.0045,0.0045,0.0045,0.0045,0.0045,0.0045,0.0045,0.0045,0.0045,0.0045,0.0045,0.0045,0.0045,0.0045,0.0045,0.0045,0.0045,0.0045,0.0045,0.0045,0.0045,0.0044,0.0044,0.0043,0.0042,0.0042,0.0041,0.004,0.0038,0.0037,0.0036,0.0035,0.0033,0.0032,0.003,0.0029,0.0028,0.0026,0.0025,0.0023,0.0022,0.002,0.0019,0.0018,0.0016,0.0015,0.0014,0.0013,0.0012,0.0011,0.001,0.001,0.0009,0.0008,0.0008,0.0007
M,1.0,1.0,1.0,1.0,1.0,1.0,1.0,1.0,0.9995,0.9982,0.996,0.9929,0.989,0.9844,0.9789,0.9727,0.9657,0.9581,0.9498,0.9409,0.9314,0.9213,0.9108,0.8997,0.8882,0.8764,0.8641,0.8516,0.8387,0.8257,0.8124,0.7989,0.7854,0.7717,0.758,0.7442,0.7305,0.7168,0.7031,0.6896,0.6761,0.6628,0.6497,0.6367,0.624,0.6114,0.5991,0.5871,0.5753,0.5637,0.5525,0.5415,0.5308,0.5204,0.5102,0.5004,0.4909,0.4816,0.4726,0.4639,0.4555,0.4473,0.4394,0.4318,0.4244,0.4173,0.4103,0.4036,0.3971,0.3908,0.3848,0.3788,0.3731,0.3675,0.3621,0.3568,0.3517,0.3467,0.3418,0.337,0.3324,0.3278,0.3233,0.3189,0.3146,0.3104,0.3063,0.3036,0.3036,0.3036,0.3036,0.3036,0.3036,0.3036,0.3036,0.3036,0.3036,0.3036,0.3036,0.3036,0.3036,0.3036,0.3036,0.3036,0.3036,0.3036,0.3036,0.3036,0.3036,0.3036,0.3036,0.3036,0.3036,0.3036,0.3036,0.3036,0.3036,0.3036,0.3036,0.3036,0.3036,0.3036,0.3036,0.3036,0.3036,0.3036,0.3036,0.3036,0.3036,0.3036,0.3036,0.3036,0.3036,0.3036,0.3036,0.3036,0.3036,0.3036,0.3036,0.3036,0.3036,0.3036,0.3036,0.3036,0.3036,0.3036,0.3036,0.3036,0.3036,0.3036,0.3036,0.3036,0.3036,0.3036,0.3036,0.3036,0.3036,0.3036,0.3036,0.3036,0.3036,0.3036,0.3036,0.3036,0.3036,0.3036,0.3036,0.3036,0.3036,0.3036,0.3036,0.3036,0.3036,0.3036,0.3036,0.3036,0.3036,0.3036,0.3036,0.3036,0.3036,0.3036,0.3036,0.3036,0.3036,0.3036,0.3036,0.3036,0.3036,0.3036,0.3036,0.3036,0.3035,0.3034,0.3031,0.3027,0.3021,0.3015,0.3007,0.2998,0.2988,0.2976,0.2964,0.295,0.2936,0.292,0.2904,0.2886,0.2868,0.2848,0.2828,0.2807,0.2786,0.2763,0.274,0.2716,0.2692,0.2667,0.2642,0.2616,0.259,0.2563,0.2536,0.2509,0.2481,0.2453,0.2426,0.2397,0.2369,0.2341,0.2313,0.2285,0.2256,0.2228,0.22,0.2172,0.2145,0.2117,0.209,0.2062,0.2035,0.2009,0.1982,0.1956,0.193,0.1905,0.188,0.1855,0.183,0.1806,0.1782,0.1759,0.1735,0.1713,0.169,0.1668,0.1647,0.1625,0.1605,0.1584,0.1564,0.1544,0.1525,0.1505,0.1487,0.1468,0.145,0.1432,0.1415,0.1398,0.1381,0.1364,0.1348,0.1332,0.1316,0.1301,0.1285,0.127,0.1256,0.1241,0.1227,0.1212,0.1198,0.1184,0.1171,0.1157,0.1143,0.113,0.1117,0.1104,0.1091,0.1078,0.1065,0.1052,0.1039,0.1026,0.1013,0.1,0.0988,0.0975,0.0962,0.095,0.0937,0.0924,0.0911,0.0898,0.0885,0.0873,0.086,0.0847,0.0834,0.0821,0.0808,0.0795,0.0782,0.0768,0.0755,0.0742,0.0729,0.0716,0.0703,0.069,0.0677,0.0663,0.065,0.0637,0.0625,0.0612,0.0599,0.0586,0.0574,0.0561,0.0549,0.0537,0.0525,0.0513,0.0502,0.049,0.0479,0.0468,0.0457,0.0446,0.0435,0.0425,0.0415,0.0405,0.0396,0.0387,0.0378,0.0369,0.036,0.0352,0.0344,0.0336,0.0329,0.0321,0.0315,0.0308,0.0301,0.0295,0.0289,0.0283,0.0278,0.0272,0.0267,0.0262,0.0258,0.0253,0.0249,0.0245,0.0241,0.0237,0.0233,0.023,0.0227,0.0223,0.022,0.0217,0.0214,0.0211,0.0209,0.0206,0.0203,0.0201,0.0198,0.0196,0.0193,0.0191,0.0189,0.0186,0.0184,0.0182,0.0179,0.0177,0.0175,0.0172,0.017,0.0168,0.0165,0.0163,0.0161,0.0158,0.0156,0.0153,0.0151,0.0149,0.0146,0.0144,0.0141,0.0138,0.0136,0.0133,0.0131,0.0128,0.0126,0.0123,0.012,0.0118,0.0115,0.0113,0.011,0.0107,0.0105,0.0102,0.01,0.0097,0.0094,0.0092,0.0089,0.0087,0.0084,0.0082,0.008,0.0077,0.0075,0.0072,0.007,0.0068,0.0066,0.0063,0.0061,0.0059,0.0057,0.0055,0.0053,0.0051,0.0049,0.0047,0.0045,0.0043,0.0042,0.004,0.0038,0.0037,0.0035,0.0034,0.0032,0.0031,0.0029,0.0028,0.0026,0.0025,0.0024,0.0023,0.0022,0.002,0.0019,0.0018,0.0017,0.0016,0.0016,0.0015,0.0014,0.0013,0.0012,0.0012,0.0011,0.001,0.001,0.0009,0.0008,0.0008,0.0007,0.0007,0.0006,0.0006,0.0006,0.0005,0.0005,0.0004,0.0004,0.0004,0.0004,0.0003,0.0003,0.0003,0.0003,0.0002,0.0002,0.0002
F,1.0,1.0,1.0,1.0,0.9969,0.9895,0.9779,0.9624,0.9431,0.9204,0.8946,0.866,0.8351,0.8022,0.7677,0.7321,0.6956,0.6587,0.6218,0.5852,0.549,0.5138,0.4795,0.4465,0.415,0.3849,0.3566,0.3299,0.305,0.2818,0.2604,0.2407,0.2335,0.2335,0.2335,0.2335,0.2335,0.2335,0.2335,0.2335,0.2335,0.2335,0.2335,0.2335,0.2335,0.2335,0.2335,0.2335,0.2335,0.2335,0.2335,0.2335,0.2335,0.2335,0.2335,0.2335,0.2335,0.2335,0.2335,0.2335,0.2335,0.2335,0.2335,0.2335,0.2335,0.2335,0.2335,0.2335,0.2335,0.2335,0.2335,0.2335,0.2335,0.2335,0.2335,0.2335,0.2335,0.2335,0.2335,0.2335,0.2335,0.2335,0.2335,0.2335,0.2335,0.2335,0.2335,0.2335,0.2335,0.2335,0.2335,0.2335,0.2335,0.2334,0.2327,0.2315,0.2297,0.2274,0.2245,0.2212,0.2174,0.2131,0.2085,0.2034,0.1981,0.1925,0.1866,0.1806,0.1744,0.1681,0.1618,0.1555,0.1492,0.1429,0.1368,0.1308,0.125,0.1193,0.1139,0.1087,0.1037,0.099,0.0945,0.0903,0.0864,0.0828,0.0795,0.0764,0.0736,0.0728,0.0728,0.0728,0.0728,0.0728,0.0728,0.0728,0.0728,0.0728,0.0728,0.0728,0.0728,0.0728,0.0728,0.0728,0.0728,0.0728,0.0728,0.0728,0.0728,0.0728,0.0728,0.0728,0.0728,0.0728,0.0728,0.0728,0.0728,0.0728,0.0728,0.0728,0.0728,0.0728,0.0728,0.0728,0.0728,0.0728,0.0727,0.0726,0.0723,0.072,0.0716,0.0712,0.0706,0.07,0.0694,0.0687,0.0679,0.067,0.0666,0.0666,0.0666,0.0666,0.0666,0.0666,0.0666,0.0666,0.0666,0.0666,0.0666,0.0666,0.0666,0.0666,0.0666,0.0666,0.0666,0.0666,0.0666,0.0666,0.0666,0.0666,0.0666,0.0666,0.0666,0.0666,0.0666,0.0666,0.0666,0.0666,0.0666,0.0666,0.0666,0.0666,0.0666,0.0666,0.0666,0.0666,0.0666,0.0666,0.0666,0.0666,0.0666,0.0666,0.0666,0.0666,0.0666,0.0666,0.0666,0.0666,0.0666,0.0666,0.0666,0.0666,0.0666,0.0666,0.0666,0.0666,0.0666,0.0666,0.0666,0.0666,0.0666,0.0665,0.0661,0.0655,0.0647,0.0637,0.0626,0.0612,0.0597,0.0581,0.0563,0.0544,0.0525,0.0504,0.0484,0.0463,0.0442,0.0421,0.0401,0.0381,0.0362,0.0343,0.0325,0.0308,0.0292,0.0276,0.0262,0.0248,0.0236,0.0224,0.0213,0.0203,0.0194,0.0186,0.0178,0.017,0.0164,0.0157,0.0152,0.0146,0.0141,0.0136,0.0132,0.0127,0.0123,0.0119,0.0115,0.0111,0.0108,0.0104,0.0101,0.0097,0.0094,0.0091,0.0087,0.0085,0.0085,0.0085,0.0085,0.0085,0.0085,0.0085,0.0085,0.0085,0.0085,0.0085,0.0085,0.0085,0.0085,0.0085,0.0085,0.0085,0.0085,0.0085,0.0085,0.0085,0.0085,0.0085,0.0085,0.0085,0.0085,0.0085,0.0085,0.0085,0.0085,0.0085,0.0085,0.0085,0.0085,0.0085,0.0085,0.0085,0.0085,0.0085,0.0085,0.0085,0.0085,0.0085,0.0085,0.0085,0.0085,0.0085,0.0085,0.0085,0.0085,0.0085,0.0085,0.0085,0.0085,0.0085,0.0085,0.0085,0.0085,0.0085,0.0085,0.0085,0.0085,0.0085,0.0085,0.0085,0.0085,0.0085,0.0085,0.0085,0.0085,0.0084,0.0083,0.0082,0.0081,0.0079,0.0078,0.0075,0.0073,0.0071,0.0068,0.0065,0.0062,0.0059,0.0056,0.0053,0.005,0.0047,0.0045,0.0042,0.0039,0.0037,0.0034,0.0032,0.003,0.0028,0.0028,0.0028,0.0028,0.0028,0.0028,0.0028,0.0028,0.0028,0.0028,0.0028,0.0028,0.0028,0.0028,0.0028,0.0028,0.0028,0.0028,0.0028,0.0028,0.0028,0.0028,0.0028,0.0028,0.0028,0.0028,0.0028,0.0028,0.0028,0.0028,0.0028,0.0028,0.0028,0.0028,0.0028,0.0028,0.0028,0.0028,0.0028,0.0028,0.0028,0.0028,0.0028,0.0028,0.0028,0.0028,0.0028,0.0028,0.0028,0.0028,0.0028,0.0028,0.0028,0.0028,0.0028,0.0028,0.0028,0.0028,0.0028,0.0028,0.0028,0.0028,0.0028,0.0028,0.0028,0.0028,0.0028,0.0028,0.0028,0.0028,0.0028,0.0028,0.0028,0.0028,0.0028,0.0028,0.0028,0.0028,0.0028,0.0028,0.0028,0.0028,0.0028,0.0028,0.0028,0.0028,0.0028,0.0028,0.0028,0.0028,0.0028,0.0028,0.0028,0.0028,0.0028,0.0028,0.0028,0.0028,0.0028,0.0028,0.0028,0.0028,0.0028,0.0027,0.0027,0.0026,0.0026,0.0025,0.0024,0.0024,0.0023
Y,1.0,1.0,1.0,1.0,1.0,1.0,1.0,1.0,0.9977,0.993,0.9859,0.9768,0.966,0.9537,0.9403,0.926,0.9111,0.8958,0.8805,0.8653,0.8505,0.8362,0.8226,0.8098,0.7978,0.7869,0.7769,0.7679,0.7599,0.7528,0.7466,0.7411,0.7363,0.732,0.7282,0.7246,0.7212,0.7177,0.714,0.7101,0.7057,0.7007,0.6951,0.6886,0.6814,0.6732,0.664,0.6538,0.6427,0.6305,0.6175,0.6035,0.5888,0.5733,0.5572,0.5405,0.5234,0.5061,0.4885,0.4709,0.4534,0.436,0.419,0.4023,0.3861,0.3704,0.3554,0.341,0.3274,0.3145,0.3024,0.2911,0.2806,0.2709,0.2619,0.2537,0.2462,0.2394,0.2333,0.2278,0.2228,0.2184,0.2145,0.211,0.2079,0.2052,0.2029,0.2008,0.199,0.1974,0.1961,0.1949,0.1939,0.193,0.1922,0.1915,0.1909,0.1904,0.1899,0.1895,0.1891,0.1888,0.1884,0.1881,0.1878,0.1875,0.1871,0.1868,0.1865,0.1861,0.1857,0.1852,0.1847,0.1841,0.1835,0.1828,0.182,0.181,0.18,0.1789,0.1776,0.1762,0.1747,0.173,0.1712,0.1693,0.1672,0.165,0.1627,0.1603,0.1578,0.1552,0.1526,0.1501,0.1501,0.1501,0.1501,0.1501,0.1501,0.1501,0.1501,0.1501,0.1501,0.1501,0.1501,0.1501,0.1501,0.1501,0.1501,0.1501,0.1501,0.1501,0.1501,0.1501,0.1501,0.1501,0.1501,0.1501,0.1501,0.1501,0.1501,0.1501,0.1501,0.1501,0.1501,0.1501,0.1501,0.1501,0.1501,0.1501,0.1501,0.1501,0.1501,0.1501,0.1501,0.1501,0.1501,0.1501,0.1501,0.1501,0.1501,0.1501,0.1501,0.1501,0.1501,0.1501,0.1501,0.1501,0.1501,0.1501,0.1501,0.1501,0.1501,0.1501,0.1501,0.1501,0.1501,0.1501,0.1501,0.1498,0.1492,0.1481,0.1466,0.1447,0.1424,0.1397,0.1367,0.1334,0.1298,0.126,0.122,0.1178,0.1135,0.1091,0.1047,0.1003,0.0959,0.0915,0.0872,0.0831,0.079,0.0751,0.0713,0.0677,0.0642,0.0609,0.0577,0.0547,0.0519,0.0491,0.0466,0.0441,0.0418,0.0396,0.0375,0.0355,0.0336,0.0318,0.0301,0.0286,0.0279,0.0279,0.0279,0.0279,0.0279,0.0279,0.0279,0.0279,0.0279,0.0279,0.0279,0.0279,0.0279,0.0279,0.0279,0.0279,0.0279,0.0279,0.0279,0.0279,0.0279,0.0279,0.0279,0.0279,0.0279,0.0279,0.0279,0.0279,0.0279,0.0279,0.0279,0.0279,0.0279,0.0279,0.0279,0.0279,0.0279,0.0279,0.0279,0.0279,0.0279,0.0279,0.0279,0.0279,0.0279,0.0279,0.0279,0.0279,0.0279,0.0279,0.0279,0.0279,0.0279,0.0279,0.0279,0.0279,0.0279,0.0279,0.0279,0.0279,0.0279,0.0279,0.0279,0.0279,0.0279,0.0279,0.0279,0.0279,0.0279,0.0279,0.0279,0.0279,0.0279,0.0279,0.0279,0.0279,0.0279,0.0279,0.0279,0.0279,0.0278,0.0278,0.0278,0.0277,0.0277,0.0275,0.0274,0.0272,0.027,0.0268,0.0265,0.0262,0.0259,0.0255,0.025,0.0246,0.0241,0.0236,0.023,0.0224,0.0218,0.0212,0.0205,0.0199,0.0192,0.0185,0.0179,0.0172,0.0166,0.016,0.0154,0.0148,0.0143,0.0138,0.0133,0.0128,0.0124,0.012,0.0117,0.0114,0.0111,0.0108,0.0106,0.0103,0.0101,0.01,0.0098,0.0096,0.0095,0.0094,0.0092,0.0091,0.009,0.0088,0.0087,0.0086,0.0084,0.0083,0.0081,0.008,0.0078,0.0077,0.0075,0.0074,0.0072,0.0071,0.0069,0.0067,0.0066,0.0064,0.0063,0.0061,0.006,0.0058,0.0057,0.0055,0.0054,0.0052,0.0051,0.0049,0.0048,0.0047,0.0047,0.0047,0.0047,0.0047,0.0047,0.0047,0.0047,0.0047,0.0047,0.0047,0.0047,0.0047,0.0047,0.0047,0.0047,0.0047,0.0047,0.0047,0.0047,0.0047,0.0047,0.0047,0.0047,0.0047,0.0047,0.0047,0.0047,0.0047,0.0047,0.0047,0.0047,0.0047,0.0047,0.0047,0.0047,0.0047,0.0047,0.0047,0.0047,0.0047,0.0047,0.0047,0.0047,0.0047,0.0047,0.0047,0.0047,0.0047,0.0047,0.0047,0.0047,0.0047,0.0047,0.0047,0.0047,0.0047,0.0047,0.0047,0.0047,0.0047,0.0047,0.0047,0.0047,0.0047,0.0047,0.0047,0.0047,0.0047,0.0047,0.0047,0.0047,0.0047,0.0047,0.0047,0.0047,0.0047,0.0047,0.0047,0.0047,0.0047,0.0047,0.0047,0.0047,0.0047,0.0047,0.0047,0.0047,0.0047,0.0047,0.0047,0.0047,0.0047,0.0047,0.0047,0.0047,0.0047,0.0047,0.0047
W,1.0,1.0,1.0,1.0,1.0,1.0,1.0,1.0,0.9926,0.976,0.9509,0.918,0.8783,0.8329,0.783,0.7299,0.6748,0.6189,0.5634,0.5092,0.4573,0.4083,0.3626,0.3208,0.2831,0.2494,0.2198,0.194,0.1719,0.1532,0.1375,0.1244,0.1137,0.1049,0.0978,0.092,0.0872,0.0832,0.0799,0.0785,0.0785,0.0785,0.0785,0.0785,0.0785,0.0785,0.0785,0.0785,0.0785,0.0785,0.0785,0.0785,0.0785,0.0785,0.0785,0.0785,0.0785,0.0785,0.0785,0.0785,0.0785,0.0785,0.0785,0.0785,0.0785,0.0785,0.0785,0.0785,0.0785,0.0785,0.0785,0.0785,0.0785,0.0785,0.0785,0.0785,0.0785,0.0785,0.0785,0.0785,0.0785,0.0785,0.0785,0.0785,0.0785,0.0785,0.0785,0.0785,0.0785,0.0785,0.0785,0.0785,0.0785,0.0785,0.0785,0.0785,0.0785,0.0785,0.0785,0.0785,0.078,0.0771,0.0758,0.0741,0.0722,0.07,0.0677,0.0653,0.0627,0.0605,0.0605,0.0605,0.0605,0.0605,0.0605,0.0605,0.0605,0.0605,0.0605,0.0605,0.0605,0.0605,0.0605,0.0605,0.0605,0.0605,0.0605,0.0605,0.0605,0.0605,0.0605,0.0605,0.0605,0.0605,0.0605,0.0605,0.0605,0.0605,0.0605,0.0605,0.0605,0.0605,0.0605,0.0605,0.0605,0.0605,0.0605,0.0605,0.0605,0.0605,0.0605,0.0605,0.0605,0.0604,0.06,0.0593,0.0582,0.0568,0.0551,0.0531,0.0509,0.0485,0.046,0.0433,0.0406,0.0379,0.0353,0.0327,0.0302,0.0279,0.0257,0.0247,0.0247,0.0247,0.0247,0.0247,0.0247,0.0247,0.0247,0.0247,0.0247,0.0247,0.0247,0.0247,0.0247,0.0247,0.0247,0.0247,0.0247,0.0247,0.0247,0.0247,0.0247,0.0247,0.0247,0.0247,0.0247,0.0247,0.0247,0.0247,0.0247,0.0247,0.0247,0.0247,0.0247,0.0247,0.0247,0.0247,0.0247,0.0247,0.0247,0.0247,0.0247,0.0247,0.0247,0.0247,0.0247,0.0247,0.0247,0.0247,0.0247,0.0247,0.0247,0.0247,0.0247,0.0247,0.0247,0.0247,0.0247,0.0247,0.0247,0.0247,0.0247,0.0247,0.0247,0.0247,0.0247,0.0247,0.0247,0.0247,0.0247,0.0247,0.0247,0.0247,0.0247,0.0247,0.0247,0.0247,0.0245,0.0241,0.0236,0.0229,0.022,0.0212,0.0212,0.0212,0.0212,0.0212,0.0212,0.0212,0.0212,0.0212,0.0212,0.0212,0.0212,0.0212,0.0212,0.0212,0.0212,0.0212,0.0212,0.0212,0.0212,0.0212,0.0212,0.0212,0.0212,0.0212,0.0212,0.0212,0.0212,0.0212,0.0212,0.0212,0.0212,0.0212,0.0212,0.0212,0.0212,0.0212,0.0212,0.0212,0.0212,0.0212,0.0212,0.0212,0.0212,0.0212,0.0211,0.021,0.0208,0.0206,0.0203,0.02,0.0198,0.0195,0.0192,0.0189,0.0186,0.0183,0.018,0.0177,0.0172,0.0168,0.0163,0.0157,0.0151,0.0144,0.0137,0.0129,0.0121,0.0112,0.0104,0.0095,0.0086,0.0078,0.0078,0.0078,0.0078,0.0078,0.0078,0.0078,0.0078,0.0078,0.0078,0.0078,0.0078,0.0078,0.0078,0.0078,0.0078,0.0078,0.0078,0.0078,0.0078,0.0078,0.0078,0.0078,0.0078,0.0078,0.0078,0.0078,0.0078,0.0078,0.0078,0.0078,0.0078,0.0078,0.0078,0.0078,0.0078,0.0078,0.0078,0.0078,0.0078,0.0078,0.0078,0.0078,0.0078,0.0078,0.0078,0.0078,0.0078,0.0078,0.0078,0.0078,0.0078,0.0078,0.0078,0.0078,0.0078,0.0078,0.0078,0.0078,0.0078,0.0078,0.0078,0.0078,0.0078,0.0078,0.0078,0.0078,0.0078,0.0078,0.0078,0.0078,0.0078,0.0078,0.0078,0.0078,0.0078,0.0078,0.0078,0.0078,0.0078,0.0078,0.0078,0.0078,0.0078,0.0078,0.0078,0.0078,0.0078,0.0078,0.0078,0.0078,0.0078,0.0078,0.0078,0.0078,0.0078,0.0078,0.0078,0.0078,0.0078,0.0078,0.0078,0.0078,0.0078,0.0078,0.0078,0.0078,0.0078,0.0078,0.0078,0.0078,0.0078,0.0078,0.0078,0.0078,0.0078,0.0078,0.0078,0.0078,0.0078,0.0078,0.0078,0.0078,0.0078,0.0078,0.0078,0.0078,0.0078,0.0078,0.0078,0.0078,0.0078,0.0078,0.0078,0.0078,0.0078,0.0078,0.0078,0.0078,0.0078,0.0078,0.0078,0.0078,0.0078,0.0078,0.0078,0.0078,0.0078,0.0078,0.0078,0.0078,0.0078,0.0078,0.0078,0.0077,0.0076,0.0073,0.007,0.0067,0.0063,0.0058,0.0053,0.0048,0.0043,0.0038,0.0034,0.0029,0.0025,0.0022,0.0019,0.0016,0.0014,0.0012,0.001,0.0009
