id,component,peaks,intensity
1,12-methyltetradecanoic acid,"[669, 772, 818, 840, 905, 983, 990, 1018, 1040, 1063, 1098, 1130, 1141, 1171, 1265, 1296, 1302, 1344, 1371, 1380, 1412, 1440, 1447, 1459, 1472, 1505, 1649]","[0.0663058511210542, 0.11500224269511967, 0.2819853268752775, 0.06717424202554888, 0.3075975276262832, 0.09302863703269725, 0.10571822216894201, 0.12521291727500936, 0.08183570672793813, 0.7965077238171802, 0.6637907987636037, 0.09079832698841687, 0.6473784765072207, 0.06096697595964989, 0.10162029741994935, 0.6546717799584348, 0.4843746050993277, 0.08069070933541848, 0.06074582915053037, 0.05789676459221833, 0.18307131422450654, 0.9847437006640987, 0.9183939853403156, 0.6360882168266239, 0.42264405417441303, 0.06116695071932221, 0.11879890778415067]"
2,13-methylmyristicacid,"[822, 907, 917, 936, 1061, 1098, 1134, 1170, 1272, 1296, 1371, 1410, 1447, 1469, 1492, 1649]","[0.12030360254332302, 0.13736232744449037, 0.13762411179026154, 0.031700413310823204, 0.1277535529635321, 0.11321578744392037, 0.10848439725822914, 0.02223667382780722, 0.044725337054391134, 0.17186945410808055, 0.02580994823138445, 0.04428366877398469, 0.8636682285758951, 0.6071825984255759, 0.07373475716427297, 0.05679787682575397]"
3,14-methylhexadecanoic acid,"[452, 667, 771, 788, 815, 834, 906, 969, 983, 995, 1006, 1031, 1062, 1104, 1140, 1170, 1186, 1253, 1296, 1344, 1370, 1411, 1441, 1465, 1479, 1649]","[0.030607124110252668, 0.051817886890176065, 0.056860507036468805, 0.040225683376226326, 0.05755492161701949, 0.05739591053674699, 0.17130539423299304, 0.044041357259748636, 0.0416875054710835, 0.05232580790232662, 0.04391048150753837, 0.0788242423221773, 0.30177928768989415, 0.2991467307084348, 0.2303416260557271, 0.01562430092314024, 0.018007321346218942, 0.031055525334207048, 0.2282058816828767, 0.02480344093368947, 0.03915948035087806, 0.05579702605587787, 0.6584025454716752, 0.49532139845068407, 0.3212721346744403, 0.07586354325029913]"
4,14-methylpentadecanoic acid,"[666, 815, 831, 904, 918, 940, 952, 1048, 1061, 1102, 1135, 1170, 1244, 1270, 1284, 1296, 1337, 1370, 1412, 1445, 1465, 1651]","[0.08649600341063801, 0.22924499349714125, 0.09329661934116311, 0.24803160063667148, 0.07623670716044166, 0.07166248458259476, 0.11053322536946457, 0.06584513158140429, 0.8332802803499841, 0.39946725661272764, 0.7063883081670713, 0.08657812682633306, 0.03397471676580866, 0.039943995782654625, 0.18969544866013488, 0.9713414184287249, 0.04153679805579786, 0.07565768872035085, 0.19363011658744747, 0.9534964005176599, 0.6510290997686136, 0.07805530044588088]"
5,15-methylpalmiticacid,"[467, 516, 666, 801, 820, 846, 905, 910, 930, 952, 1010, 1050, 1061, 1103, 1135, 1171, 1188, 1259, 1296, 1306, 1323, 1340, 1369, 1386, 1410, 1448, 1464, 1501, 1648]","[0.06344067601498096, 0.050376826866222586, 0.03863837709549054, 0.07199505413521544, 0.3812875458135758, 0.03299133020966566, 0.16056813027443914, 0.11022307412439857, 0.06399144504048722, 0.12073695273519412, 0.05193430920675358, 0.06493471910301901, 0.6580488428432841, 0.35969604863078064, 0.6992308447007313, 0.10085516556581464, 0.03369520717868035, 0.03241353611344315, 0.9775212885194465, 0.21863891749217043, 0.029852402190868873, 0.042019368666890614, 0.05358363435691767, 0.032051674858825076, 0.07991042443503212, 0.9515498531180856, 0.7178301487345877, 0.057194947067240536, 0.0529737897603444]"
6,acetoacetate,"[486, 498, 519, 551, 582, 640, 719, 761, 830, 903, 928, 1005, 1025, 1087, 1158, 1171, 1191, 1219, 1283, 1326, 1362, 1399, 1422, 1444, 1580, 1600, 1626, 1653, 1703, 1715]","[0.06439106672669359, 0.15669386652636663, 0.11334375981811474, 0.1755559111055723, 0.18456745373813427, 0.5522370601865686, 0.09974401322726698, 0.38857843637103123, 0.9991641666055359, 0.29232340578273364, 0.4354739509290327, 0.38442378304185576, 0.2210270569790098, 0.07615664656024697, 0.31812581007690716, 0.23784969656883176, 0.2951021213956172, 0.0692325012364871, 0.12173706390530943, 0.18687697560310285, 0.12137503646151229, 0.8401524216273145, 0.65332440886379, 0.7980477568064612, 0.16136060047101472, 0.05764031166121126, 0.05251100716314938, 0.08616763088119826, 0.8915921179918918, 0.4188773269598029]"
7,acetyl coenzyme a,"[496, 531, 564, 631, 683, 724, 799, 882, 926, 948, 1026, 1045, 1094, 1121, 1207, 1243, 1306, 1333, 1375, 1408, 1462, 1508, 1559, 1576, 1658]","[0.1950731190155493, 0.19865539447132063, 0.19065506016708686, 0.440217499223995, 0.07227548438645687, 1.0, 0.2977053190520513, 0.21090823613571882, 0.0918773918306176, 0.09126512743043858, 0.16689884087881238, 0.20317407491322462, 0.18274995096130858, 0.38155171909194274, 0.17132054365509664, 0.24165617222179914, 0.47485121784780887, 0.6903442616889731, 0.3322442547949839, 0.37714176779286884, 0.28584454309869783, 0.27135073769923346, 0.10399875048466937, 0.19006017792140506, 0.11223244493646296]"
8,adenine,"[536, 560, 623, 723, 898, 941, 1024, 1125, 1162, 1134, 1248, 1307, 1332, 1371, 1419, 1462, 1482, 1612]","[0.3307681737339085, 0.05352534636622935, 0.19877563871696488, 1.0, 0.0822630530340394, 0.20952888069931258, 0.0726019518427379, 0.1848138811591983, 0.03153649203953063, 0.058788571956441306, 0.2865758198222784, 0.09715834553908098, 0.4581528016632097, 0.11121787774251736, 0.05304069963147946, 0.081577595428075, 0.19127802519972012, 0.05082832104484841]"
9,amylopectin,"[477, 515, 578, 612, 717, 762, 769, 866, 905, 940, 1051, 1082, 1109, 1127, 1264, 1339, 1378, 1460]","[0.9924288760938414, 0.11437945788800977, 0.10908250265104247, 0.07900070392388667, 0.04944283384745003, 0.05410057580675532, 0.07656519553523854, 0.29315931049941935, 0.16254543701697285, 0.4766551055877002, 0.2840169075421013, 0.4041305436956643, 0.4118012643288992, 0.46435163668601176, 0.15691091934901072, 0.36774926718905127, 0.3088710685376619, 0.26077906044836136]"
10,amylose,"[481, 579, 712, 758, 854, 901, 936, 944, 1045, 1083, 1123, 1208, 1262, 1267, 1339, 1379, 1460]","[0.999261813663239, 0.22749666135713284, 0.07790342781617635, 0.09916756486878078, 0.526769994376624, 0.18601068604955, 0.6085467564518502, 0.4779775818207125, 0.42033573200949564, 0.667837509581887, 0.7153505326823991, 0.08949466576563382, 0.24528122937673666, 0.2090579429281404, 0.5970635295268212, 0.5136084313436989, 0.34111272789332636]"
11,ascorbic acid,"[566, 588, 629, 696, 710, 820, 1025, 1130, 1256, 1296, 1319, 1498, 1653, 1667]","[0.5247623296749147, 0.17384108878549914, 0.5309388701057349, 0.17607744982072457, 0.221061670480578, 0.6300494151641938, 0.20194392062274513, 0.9146072628332154, 0.5293767731076467, 0.2169491722793568, 0.5020476970053711, 0.25091716415542314, 0.9885593013050692, 0.9570168674521518]"
12,cellulose,"[458, 493, 520, 577, 896, 969, 998, 1046, 1061, 1096, 1120, 1147, 1266, 1337, 1379, 1413, 1461]","[0.17438057354959366, 0.03471801091666663, 0.13303191095267763, 0.1007579753549473, 0.2043204718827032, 0.08781257021453467, 0.09225605862387225, 0.17187361629290532, 0.261840531591388, 1.0, 0.5584927789629803, 0.28223973362639904, 0.14203668087292373, 0.2634981314884724, 0.3333945973453282, 0.1800689562141708, 0.14911096019598485]"
13,chitin,"[460, 498, 711, 895, 955, 1059, 1107, 1149, 1205, 1262, 1328, 1371, 1414, 1449, 1626, 1656]","[0.2541549873342946, 0.4194419082878176, 0.14851488346111097, 0.47098876765919134, 0.5515659796755606, 0.43972707777604414, 1.0, 0.5125569130467775, 0.17143470064292435, 0.25860558480905194, 0.5196963345178722, 0.6189599087118917, 0.4084033745748498, 0.24425951259469436, 0.19996732213580193, 0.2284970586540408]"
14,citric acid,"[489, 513, 554, 597, 641, 685, 784, 881, 903, 942, 1053, 1082, 1145, 1170, 1211, 1345, 1390, 1426, 1434, 1465, 1633, 1691, 1732]","[0.02967055302437718, 0.13117656422176116, 0.1739415317956208, 0.13195287387008217, 0.07473076478694694, 0.18539228184982856, 1.0, 0.059992934911570386, 0.23411516084961284, 0.5877650191706189, 0.15704098955319085, 0.1572340842852168, 0.07339611682692841, 0.04503329605276701, 0.16018783701471012, 0.058597412887064396, 0.1969983022542439, 0.08119186686418749, 0.12406570487469498, 0.07838883800632096, 0.06462815116430728, 0.29208895238278265, 0.16572895290321465]"
15,coenzyme a,"[525, 559, 633, 663, 722, 787, 803, 879, 927, 949, 1027, 1053, 1100, 1157, 1203, 1248, 1325, 1407, 1420, 1461, 1508, 1557, 1608, 1654]","[0.24007099655072772, 0.13116054117834575, 0.0348300573914308, 0.21286207531641738, 1.0, 0.12225826537290353, 0.3571808063294928, 0.25522475621911467, 0.07006955907022354, 0.05771226533445583, 0.14091214320610526, 0.17536032271564944, 0.15637927137252214, 0.07386887281631083, 0.15370944156660715, 0.11669666289674109, 0.525053328866507, 0.476781933942956, 0.4097799368736883, 0.2492056122350645, 0.39834259077411655, 0.2718237160831486, 0.08600863111800837, 0.08815858908366844]"
16,cytosine,"[537, 548, 568, 599, 792, 971, 991, 1011, 1108, 1250, 1275, 1362, 1460, 1493, 1533, 1653, 1690]","[0.28256360083224885, 0.4043609433977442, 0.03471852868885752, 0.3994361791228994, 0.9892663607862495, 0.19234925830317315, 0.05281881258106553, 0.05837092415269365, 0.14992473001878526, 0.3309311343004538, 0.8787648665605072, 0.15825416733662645, 0.08229924547484015, 0.032323564069121735, 0.09810259354748037, 0.1565398117263754, 0.07819786708459726]"
17,d-(+)-dextrose,"[541, 652, 772, 841, 914, 1022, 1054, 1075, 1108, 1149, 1272, 1330, 1346, 1459]","[1.0, 0.12657660269420515, 0.17015274583733422, 0.667811490673065, 0.3681044231589679, 0.17945990593635905, 0.29074467492380407, 0.5156432041779487, 0.4092302157507996, 0.13267076473337183, 0.18045126874489692, 0.21834045514976927, 0.39199838264407066, 0.21140062805488075]"
18,d-(+)-fucose,"[529, 669, 700, 772, 815, 879, 964, 1032, 1076, 1088, 1113, 1129, 1155, 1256, 1273, 1331, 1452]","[0.35966762600531893, 0.41496944315253065, 0.2017406366432371, 0.2766617378344685, 0.8172583368530767, 1.0, 0.25870786299810583, 0.2404247794486623, 0.2866268287364606, 0.2875470463521701, 0.5923825951911869, 0.4494588902860351, 0.406898186866258, 0.4194587857755215, 0.8108031547754286, 0.5812078579238987, 0.5870378561497096]"
19,d-(+)-galactosamine,"[462, 530, 606, 657, 704, 776, 822, 872, 887, 938, 948, 999, 1020, 1038, 1062, 1094, 1121, 1143, 1153, 1238, 1267, 1318, 1336, 1369, 1386, 1452, 1468, 1514, 1588, 1616]","[0.2704786137510293, 0.9946028247215001, 0.15882180440249333, 0.07656308232833936, 0.06388803890214707, 0.041528632429023576, 0.05045996257823707, 0.800598035677508, 0.20370964619665977, 0.22773242808711353, 0.2888315693683564, 0.11334815988376566, 0.3469665036531859, 0.1655986446409585, 0.4109866048274741, 0.24664323545988182, 0.27153139201379156, 0.46699181033641846, 0.39708960158064566, 0.19944759924200994, 0.8588537312695806, 0.06521253136032051, 0.19793080121487228, 0.17565308932025744, 0.32212254715466015, 0.16125724413078543, 0.11721989933056674, 0.13869444597711578, 0.11127793185199583, 0.09358620362272563]"
20,d-(+)-mannose,"[473, 495, 530, 576, 604, 621, 683, 830, 861, 882, 914, 934, 958, 1033, 1087, 1106, 1139, 1239, 1263, 1352, 1369, 1459, 1481]","[0.1340215049821374, 0.6198628490488878, 0.48998506696410365, 0.11601106229628916, 0.11113755514979998, 0.13513948103334228, 0.22266575152958668, 0.6143324786390758, 0.6145474122601194, 0.4971254770124898, 0.29117482730284183, 0.1438135124466143, 0.2288584757349456, 0.21304360434269637, 1.0, 0.5728551631532224, 0.24835909338466908, 0.33317249601796184, 0.3375651598871825, 0.30312964304357426, 0.2993069848116635, 0.23882466934008473, 0.18303837863141567]"
21,d-(+)-trehalose,"[450, 523, 540, 580, 604, 671, 697, 732, 804, 838, 912, 927, 957, 1018, 1061, 1080, 1102, 1120, 1149, 1211, 1220, 1240, 1261, 1273, 1313, 1330, 1358, 1371, 1386, 1411, 1455, 1469]","[0.29311626252909256, 0.9810706720427704, 0.5230023665503736, 0.06780867254805417, 0.23273721761083838, 0.20775904248700827, 0.19806978760966532, 0.06769875149187056, 0.20740561315601333, 0.8253386675783889, 0.7011877452237861, 0.09465814511447201, 0.1447238541209231, 0.3515060526728098, 0.5055222983060226, 0.43985208717429874, 0.57838896140918, 0.7773131889521901, 0.7765116129342781, 0.10848088048121567, 0.10190964818225759, 0.23553153633262677, 0.1521723432504612, 0.13400092445896322, 0.21138949749851835, 0.4767296017239389, 0.7133865287723445, 0.4487958802029446, 0.3796359712133181, 0.2914991736834944, 0.3201113212584721, 0.15059064600629618]"
22,d-(+)-xylose,"[504, 526, 565, 608, 757, 903, 930, 1017, 1086, 1115, 1148, 1315, 1340, 1374, 1398, 1468]","[0.2755222195791118, 0.7524659609627242, 0.26494409941699043, 0.23628780969654764, 0.13957936949696784, 0.9995405413614712, 0.3439794240799704, 0.09892362295205674, 0.672723276539184, 0.4688650885064091, 0.22115855931592648, 0.14787860226034785, 0.21483701994156462, 0.15581597699034908, 0.23584099681425755, 0.08297178252873366]"
23,d-(-)-arabinose,"[512, 580, 613, 698, 843, 896, 936, 994, 1052, 1095, 1138, 1259, 1311, 1356, 1375, 1476]","[0.18392076597071852, 0.23930354299826043, 0.22940367621981977, 0.29351316592965415, 1.0, 0.11628115809838403, 0.1641441512724321, 0.19453540822546947, 0.1778989905050364, 0.18647157574259496, 0.14006284137857716, 0.3772790461999935, 0.1987183347735305, 0.10907228653418398, 0.11196726414361119, 0.27242063247036347]"
24,d-(-)-fructose,"[463, 526, 595, 626, 818, 872, 925, 978, 1048, 1060, 1082, 1143, 1176, 1250, 1265, 1340, 1399, 1455, 1471]","[0.20541901343062016, 0.3122120728193383, 0.3363860715767226, 0.9893832068822954, 0.5747490826705028, 0.5349104303184143, 0.1772990238016528, 0.23804405827191044, 0.22521173510087927, 0.16357992464982807, 0.3422810440566331, 0.13260077618172444, 0.14156345526609626, 0.16666106666999095, 0.4150584944891683, 0.09779353778741116, 0.08487355044545475, 0.1498137096132528, 0.32734301567244034]"
25,d-fructose-6-phosphate,"[534, 617, 716, 834, 973, 1071, 1127, 1229, 1266, 1347, 1376, 1458, 1724]","[0.3333842693945431, 0.22351333481109129, 0.051269715769789684, 0.35174559698978464, 1.0, 0.35667320707995365, 0.20903617735603106, 0.0375475222510829, 0.16655685075371995, 0.13484328450394684, 0.12019926890380668, 0.3125954596624546, 0.03362789401238498]"
26,fumarate,"[768, 913, 982, 1293, 1430, 1563, 1593, 1629, 1640, 1657]","[0.14976638539234954, 0.21042597977115457, 0.2788033198338171, 0.4014590042338269, 1.0, 0.05147119276089833, 0.030484427663444353, 0.09330650871341066, 0.07665919162000881, 0.6979681724878318]"
27,glutathione,"[523, 550, 625, 643, 660, 679, 722, 776, 811, 828, 867, 885, 917, 931, 953, 972, 988, 1015, 1041, 1074, 1117, 1143, 1169, 1224, 1235, 1255, 1280, 1309, 1334, 1368, 1403, 1415, 1443, 1455, 1536, 1629, 1660, 1703]","[0.1207446452692202, 0.2814167675472325, 0.7927302774562242, 0.3383975241167938, 0.49868579418799786, 0.9920613357344709, 0.040112881980268966, 0.46545309290998327, 0.206850715526545, 0.3417730020511432, 0.28967471999516775, 0.5775313386093432, 0.431898776657555, 0.5975518569880788, 0.2649004618818892, 0.12053128641037165, 0.24138797477818, 0.27544492929278913, 0.38558524063362565, 0.11404244840287199, 0.12855383564982556, 0.1457871934760999, 0.3497221892706292, 0.33097933807086927, 0.21600118272586166, 0.12152205623173529, 0.5469543154440438, 0.3507755059290213, 0.4401439800147956, 0.3096511269364968, 0.36442929076569086, 0.30321393665293517, 0.31113660027327783, 0.1462395121652857, 0.06682072018350729, 0.37915911951937586, 0.15689223835485935, 0.14063439253647103]"
28,glycerol,"[485, 548, 675, 820, 850, 923, 976, 1055, 1110, 1257, 1315, 1465]","[0.6307455600937292, 0.10693929512402199, 0.22442296620203459, 0.587002256850439, 1.0, 0.3762867626640114, 0.1442844403088686, 0.867728753202212, 0.5719681942134883, 0.36306216540348407, 0.2767161826166587, 0.7700046451855006]"
29,glycine,"[504, 560, 606, 686, 894, 932, 1049, 1129, 1156, 1323, 1338, 1346, 1398, 1441, 1499, 1589, 1627, 1634, 1674]","[0.45719541896017823, 0.05700300503399298, 0.09084055739523941, 0.1837141839481487, 0.9041763230353842, 0.057261181013899695, 0.16621913525534038, 0.084485854021964, 0.03586896117974348, 0.1260523769844596, 0.11897041718573512, 0.11663273705404845, 0.10243405701334109, 0.258134587515014, 0.05038027143757786, 0.04904217837222872, 0.032392235364979385, 0.045910094439781064, 0.04030543487692806]"
30,guanine,"[496, 548, 563, 650, 711, 849, 937, 1048, 1158, 1187, 1234, 1266, 1360, 1391, 1422, 1468, 1479, 1550, 1602, 1674]","[0.23111207816721607, 0.10858390628710565, 0.16356540211694884, 1.0, 0.05715393021912554, 0.09959040887436771, 0.3427466932893943, 0.052045340109914955, 0.04000318015400803, 0.10589222125133603, 0.4149662155933515, 0.29612940423559087, 0.17050237337659904, 0.23796515521341935, 0.18369649202189312, 0.09682073243782893, 0.05400295489832601, 0.26770221874894673, 0.04960720546093181, 0.07266530767244458]"
31,l-alanine,"[480, 532, 652, 773, 851, 920, 1021, 1112, 1146, 1236, 1305, 1359, 1378, 1409, 1462, 1482, 1499, 1596]","[0.047846364347796405, 0.3434099978231511, 0.11020373775809354, 0.19672493401888694, 1.0, 0.13326250675392506, 0.33899811361347926, 0.2816707699368811, 0.2054607890730692, 0.06726855846282755, 0.554607149376889, 0.8048378649042724, 0.1346425278722647, 0.22068487568300563, 0.4657631425649339, 0.4029228078767527, 0.1365147741056958, 0.2263565663967438]"
32,l-arginine,"[490, 551, 577, 613, 849, 879, 922, 982, 1036, 1067, 1100, 1122, 1189, 1264, 1298, 1330, 1377, 1436, 1475, 1713]","[0.1424820595202226, 0.2772207641687359, 0.195781514229419, 0.23026372008897122, 0.22350034699134558, 0.18153398349631183, 0.1351047072020476, 1.0, 0.11611379531523042, 0.5294644242228703, 0.29685534048770806, 0.1078169251907809, 0.2003057129134958, 0.11304547209300611, 0.2606473090386037, 0.1808449192473272, 0.03910782830428586, 0.4112324808002187, 0.20259018766905024, 0.06361047403396443]"
33,l-glutamate,"[477, 499, 529, 604, 633, 663, 740, 775, 792, 808, 857, 876, 925, 942, 1003, 1042, 1056, 1075, 1095, 1123, 1142, 1160, 1192, 1258, 1282, 1293, 1317, 1341, 1353, 1401, 1421, 1434, 1517, 1536, 1570, 1605, 1624, 1641, 1683]","[0.11017396384306584, 0.3044102607398803, 0.2541768443311645, 0.15085061143165007, 0.07084380624027711, 0.14819023016441646, 0.0581688336438241, 0.25369643187971264, 0.15398165955669266, 0.17494161875973183, 0.7450169570751918, 0.354142094208506, 0.19613381920268097, 0.997763561979306, 0.14962563925741157, 0.08065013159169311, 0.16077877082224795, 0.14861802514982286, 0.2058644653409065, 0.12160292518466959, 0.22494995416054012, 0.17121549670316796, 0.05045507715428406, 0.03380553697114207, 0.22505722256605118, 0.18611922752235355, 0.3809440119299659, 0.4064910080322654, 0.2893349075186276, 0.8192171035746526, 0.4201201183397133, 0.5125899161788856, 0.06092863742193717, 0.06724169363965783, 0.07195893387810999, 0.121464250355253, 0.08542074970210267, 0.08413431981813356, 0.02673051789711434]"
34,l-histidine,"[540, 623, 656, 680, 731, 784, 804, 824, 852, 918, 929, 963, 976, 1061, 1087, 1111, 1140, 1174, 1224, 1250, 1271, 1317, 1336, 1347, 1407, 1430, 1476, 1498, 1538, 1571, 1608, 1639]","[0.09899624912393148, 0.05131581748881503, 0.15486968147961142, 0.04153171783777653, 0.06569317525660227, 0.09617103072473912, 0.14880230017656104, 0.056716467814887116, 0.2560662003583022, 0.16239633765609476, 0.11316546369911876, 0.12555283633597725, 0.15740773267327052, 0.158419750911619, 0.33757444670585784, 0.224477849420563, 0.0860650591576061, 0.24382858979096653, 0.16921918653422757, 0.1586567776062108, 0.4005092833409573, 0.978030473392771, 0.17741502577116092, 0.20481168587299578, 0.13639219539093556, 0.13033338246033851, 0.09137626044764438, 0.25046492570405027, 0.052290851219085596, 0.21931363668305118, 0.030654397604324236, 0.04041763054802572]"
35,l-phenylalanine,"[468, 527, 605, 622, 747, 832, 852, 951, 1004, 1037, 1157, 1183, 1216, 1308, 1336, 1353, 1447, 1586, 1602]","[0.18259236729520167, 0.08401817578678593, 0.060995177595797714, 0.18505910331305073, 0.12289344035267474, 0.1487501216827784, 0.12846389487524656, 0.0645545200095635, 1.0, 0.19832687161281798, 0.07452402384246709, 0.0704119124603498, 0.1777224954090978, 0.10282334678339089, 0.1014575837495177, 0.07344682336139605, 0.07006691456486477, 0.12119603919326752, 0.1661562734456728]"
36,l-proline,"[452, 563, 577, 642, 681, 774, 793, 834, 842, 850, 877, 899, 916, 930, 947, 951, 987, 994, 1035, 1045, 1083, 1166, 1175, 1194, 1216, 1240, 1267, 1286, 1317, 1333, 1350, 1357, 1378, 1389, 1410, 1418, 1434, 1443, 1454, 1479, 1547, 1605]","[0.696182862670442, 0.10373936163584696, 0.10415776357084784, 0.4564204588197226, 0.2502297864750511, 0.12459276297386004, 0.19709853502758806, 0.8968641364695772, 0.8196436535137996, 0.47687899582470644, 0.42439880936437685, 0.8443598740679803, 0.9939271726355153, 0.4651987995535407, 0.3419422822251631, 0.30554327734648373, 0.3157989411753786, 0.400148803999258, 0.4066726790875664, 0.44841526109993607, 0.35827392134853114, 0.2664752899315063, 0.2633841856844347, 0.24036067388002624, 0.11569315166213986, 0.4923164093997115, 0.43315416220449543, 0.3392010949051758, 0.27838343664089016, 0.3091910999045392, 0.26413271385644044, 0.2431411848550842, 0.4798254627626339, 0.4584681108130339, 0.2716973168659654, 0.23591109622643308, 0.23138310622089456, 0.3569503974271701, 0.6376051789407253, 0.27826735453861434, 0.21992068042060547, 0.17660935651054127]"
37,l-serine,"[515, 611, 813, 853, 910, 922, 968, 1008, 1090, 1134, 1220, 1299, 1326, 1368, 1384, 1416, 1426, 1462, 1599, 1613, 1628]","[0.5067468554275717, 0.4027624828020007, 0.5622017344740283, 0.9994625145914372, 0.04484210969746808, 0.11886743484442379, 0.3552748871356936, 0.4607951989679215, 0.10441739517116234, 0.18584402710995399, 0.11669002636449843, 0.3316207220834951, 0.9209098891407539, 0.04087943774739237, 0.04120432139666296, 0.19314581255443591, 0.19150005240626183, 0.5025813074653336, 0.06262490913757543, 0.09199160396036848, 0.12649224704211134]"
38,l-tryptophan,"[456, 498, 509, 534, 548, 574, 596, 626, 683, 706, 741, 755, 766, 778, 802, 840, 848, 865, 874, 988, 1009, 1046, 1076, 1103, 1118, 1160, 1207, 1231, 1253, 1278, 1309, 1314, 1328, 1338, 1358, 1423, 1450, 1457, 1486, 1556, 1576, 1616]","[0.04729846336118949, 0.09986790906330721, 0.11526386549029373, 0.11519900549790542, 0.08392377878987653, 0.17187361733919598, 0.206151400377629, 0.13986882292567523, 0.0669062065153264, 0.1259440968552329, 0.22575340374195665, 1.0, 0.2444099840610019, 0.11287964306435619, 0.06008591698383992, 0.10864400552918195, 0.11516140859790788, 0.24034957709731503, 0.48250825383965634, 0.08145639367111733, 0.9328524880819975, 0.021877890116158597, 0.10239045974462528, 0.10021568555910756, 0.16922227204461168, 0.05949460299885568, 0.08012947198253947, 0.3113748530431043, 0.09092264802893943, 0.04674948743915264, 0.13217682149893709, 0.186040741696841, 0.18800633252875373, 0.38337123046969085, 0.6271721665773625, 0.41740289468697744, 0.10915957573820846, 0.16348376898623984, 0.1261187293411124, 0.36422944891298786, 0.23619166638438685, 0.13159991862416695]"
39,l-tyrosine,"[491, 527, 641, 714, 797, 828, 845, 983, 1044, 1177, 1200, 1214, 1247, 1265, 1326]","[0.06038328991183421, 0.07912530267161388, 0.20416230072035507, 0.06421089823459572, 0.1116176040572457, 0.9745047225750342, 0.22119530610280558, 0.1410891312406893, 0.07177974186332596, 0.36220353003032957, 0.15763760787825862, 0.15957516614427467, 0.09598576107281369, 0.13599863526562733, 0.16006399517427952]"
40,l-valine,"[472, 497, 542, 664, 715, 753, 776, 824, 849, 891, 902, 923, 948, 964, 1029, 1035, 1066, 1106, 1125, 1146, 1179, 1191, 1272, 1321, 1330, 1343, 1351, 1398, 1427, 1452, 1508, 1567, 1587, 1619, 1633, 1660]","[0.053074559310370015, 0.03989812415277836, 0.9977070632402644, 0.1582562592488744, 0.21927649932442972, 0.18014863602865766, 0.5145497670944152, 0.24933537685850105, 0.4977175455375883, 0.05339909475207819, 0.1946116023210115, 0.12454477656275767, 0.6510944184759111, 0.26786113219060126, 0.10676101576181696, 0.11085227943031119, 0.1446189448367052, 0.0297605083167027, 0.25283693769374277, 0.10909631328163893, 0.15969858542036805, 0.2174402524376162, 0.19773513075417856, 0.21974325801579841, 0.2994532351647651, 0.4419516893183802, 0.5576370712802354, 0.28902147055367283, 0.1829770617259861, 0.4784419170739759, 0.10641148879853965, 0.03905370462072856, 0.04487464339072985, 0.11413739836861973, 0.1077532544280181, 0.038868637231690956]"
41,lactose,"[477, 555, 568, 633, 648, 677, 700, 782, 851, 876, 900, 916, 953, 1005, 1021, 1031, 1041, 1053, 1087, 1120, 1142, 1168, 1222, 1261, 1296, 1326, 1359, 1380, 1414, 1455, 1470]","[0.990082197087077, 0.20268698308438626, 0.14284534767959112, 0.30362808281261655, 0.14353532014316672, 0.14725868868920966, 0.1358910336205038, 0.08475371031173289, 0.3645924848834873, 0.37253572434428733, 0.21618894790205423, 0.7813078494353254, 0.24983632711390433, 0.19493625923034777, 0.8584565606557916, 0.4728354105039353, 0.3958828882186485, 0.8801507279172762, 0.8378810228870482, 0.7101473473966615, 0.7828920243068205, 0.11479004669755107, 0.10592901590321815, 0.6449213869434068, 0.22897762118188425, 0.6905841691420357, 0.44458526444187346, 0.5623763284314756, 0.18816962129410553, 0.1885963646475754, 0.17009806415479617]"
42,lauric acid,"[464, 631, 664, 891, 906, 1018, 1038, 1061, 1078, 1084, 1127, 1178, 1191, 1272, 1296, 1369, 1408, 1446, 1459, 1490, 1497, 1651]","[0.07444774622615542, 0.05086321535507853, 0.053956505958570086, 0.19263498615645885, 0.35018622095771157, 0.06937460210534169, 0.026303081045750697, 0.5979751385025452, 0.14077438447229246, 0.16501224786137045, 0.8495446619983412, 0.049558460242794415, 0.030639591839906277, 0.04443746625701831, 0.9819053424421416, 0.03553954519311391, 0.11026316869545225, 0.8027770488370405, 0.6153112850770631, 0.05918711815267959, 0.08133009210334015, 0.07714575820743376]"
43,malic acid,"[535, 611, 660, 749, 882, 911, 964, 1033, 1098, 1176, 1186, 1222, 1261, 1277, 1309, 1351, 1378, 1423, 1447, 1633, 1675]","[0.1658328970061181, 0.5335164005499555, 0.03155656645461339, 0.5351343984291631, 0.11849967020801352, 0.211265195702501, 1.0, 0.34093308702985603, 0.3675659910394355, 0.07030868594507407, 0.05799519819531689, 0.0525057811919725, 0.05064072241057851, 0.03622565907924394, 0.06419700421782071, 0.39559155065376533, 0.09797300936056547, 0.307625346638347, 0.18438498209518603, 0.15062122626527316, 0.16433127554037494]"
44,myristic acid,"[670, 893, 908, 986, 1039, 1063, 1092, 1128, 1175, 1296, 1371, 1412, 1422, 1438, 1454, 1507, 1627, 1650]","[0.08155682291051657, 0.3636592171056977, 0.17967470927798213, 0.046750756514725725, 0.04610314688286885, 0.8751776314551161, 0.23022641616821843, 0.9822924616115432, 0.08556212355289973, 0.9281187924866959, 0.04002622112213289, 0.1337316061124876, 0.4824878842667323, 0.6485953871512528, 0.3126300731300151, 0.027650123460504016, 0.05580473249359409, 0.0490513898804092]"
45,n-acetyl- d-glucosamine,"[463, 481, 513, 527, 554, 578, 630, 698, 790, 865, 916, 929, 973, 1002, 1020, 1039, 1091, 1126, 1151, 1206, 1257, 1279, 1292, 1321, 1330, 1361, 1380, 1432, 1473, 1552, 1627]","[0.0885141696153218, 0.2643818706180787, 0.6411923436386129, 0.2894049447493309, 0.2250076439709416, 0.7811930052450259, 0.193651707571532, 0.09252191797308798, 0.40057163888823144, 0.3720573773900719, 0.17582320100592452, 0.400353351187447, 1.0, 0.3805742058477264, 0.42424149457507726, 0.28894762699731547, 0.30377553042429467, 0.6486796078044147, 0.27295359078087345, 0.05885271293668173, 0.4641603618153107, 0.2762854571403961, 0.21057981998154335, 0.4251272471402829, 0.4201982015613882, 0.3297162217772668, 0.47812827474639225, 0.25701042033668153, 0.22038313316860886, 0.05160448922469628, 0.3921225264543763]"
46,oleic acid,"[602, 725, 845, 856, 866, 890, 903, 971, 1023, 1035, 1065, 1080, 1118, 1265, 1301, 1416, 1440, 1655]","[0.04409048832079672, 0.05769017626364409, 0.1973756546604288, 0.19855209480123417, 0.20430839849309926, 0.1629222633250341, 0.1427600903483478, 0.1089594610647517, 0.1022247314745291, 0.11454742344488064, 0.3070435080454664, 0.3850738400737862, 0.1354542750020131, 0.30860183043827005, 0.6108309847388274, 0.1515018282080933, 1.0, 0.6934751581412201]"
47,palmitic acid,"[670, 893, 909, 1063, 1099, 1129, 1174, 1296, 1371, 1421, 1438, 1455, 1465, 1481, 1627]","[0.06020268984428854, 0.30661562867569686, 0.16093371408850746, 0.8478504346584276, 0.22645648985326566, 1.0, 0.09512026361985973, 0.9954941500120073, 0.06023743203498053, 0.4990978812719852, 0.8668389656179379, 0.3734014153765238, 0.4597218692549629, 0.09346891975266945, 0.043739705208720024]"
48,phosphoenolpyruvate,"[451, 465, 535, 548, 741, 756, 787, 846, 863, 891, 966, 973, 1034, 1085, 1097, 1185, 1234, 1266, 1286, 1318, 1355, 1373, 1397, 1446, 1472, 1631]","[0.1602971982169563, 0.04105567651479331, 0.053591827919154046, 0.12652361171443505, 0.062368352870100625, 0.17614905166295444, 0.9725113410988467, 0.33026723412406883, 0.15147331223151506, 0.05428198746021526, 0.12959523824819624, 0.20280069340266832, 0.689278290175833, 0.06296623702831132, 0.06537572633802657, 0.11110838863815573, 0.11292475051168346, 0.3577264863653133, 0.10797022537959901, 0.07071741157039713, 0.11077123096348573, 0.16943944547119236, 0.24960359601142793, 0.4003871003041275, 0.1091795092661674, 0.19111035400450582]"
49,pyruvate,"[547, 636, 834, 980, 1197, 1371, 1408, 1430, 1628, 1658, 1700]","[0.053844238019481516, 0.2393650476699284, 0.5190254009965898, 0.148227254765123, 0.051555648582782033, 0.2926373751352642, 0.9597098366013721, 0.07749193811678969, 0.06377272402905329, 0.12972748016260802, 0.8321313183677924]"
50,riboﬂavin,"[451, 502, 531, 603, 677, 742, 785, 1158, 1184, 1226, 1253, 1345, 1402, 1464, 1496, 1534, 1576, 1621, 1658, 1704]","[0.05244098898234894, 0.16416861502417796, 0.11159859948297268, 0.08460277265162106, 0.11995102648725076, 0.24004596696947908, 0.1613065564517391, 0.15376861485014942, 0.19115953187227536, 0.4822902309999467, 0.10424885093593307, 1.0, 0.20888797295448946, 0.17454159729283078, 0.14372225490536242, 0.27172783562490993, 0.2132668251152054, 0.07769370219871474, 0.10016482474333675, 0.08324272444107736]"
51,stearic acid,"[818, 848, 866, 890, 909, 1062, 1100, 1129, 1173, 1187, 1206, 1296, 1371, 1408, 1418, 1441, 1463, 1474, 1498, 1648]","[0.04004187237492115, 0.09854993821916615, 0.13978300302496888, 0.06121264337956059, 0.03610707760594689, 0.4035066548635116, 0.15124864005257796, 0.38892583730184155, 0.14609968244974988, 0.04943078897474268, 0.033087126909042176, 0.4317856717560419, 0.023285757163797858, 0.1481627770423439, 0.14157079740134307, 0.9930083348304154, 0.5153029817109538, 0.2184039773581162, 0.0460709131615631, 0.03517850535244306]"
52,succinic acid,"[582, 684, 936, 1086, 1230, 1294, 1369, 1420, 1432, 1457, 1655]","[0.04831439876104983, 0.23229047557585736, 1.0, 0.16293826402056893, 0.06794906550375576, 0.1172196146619141, 0.08870601337954728, 0.49332011406021353, 0.2903986760339841, 0.04558362349950355, 0.230543374899088]"
53,thymine,"[479, 561, 617, 740, 767, 804, 984, 1156, 1216, 1247, 1261, 1369, 1408, 1435, 1459, 1490, 1655, 1671, 1702]","[0.3263288853441133, 0.2526053936353571, 0.5036562735876748, 0.6733430953398879, 0.04877565660701684, 0.35001722629467585, 0.33660073644332733, 0.1027600539165929, 0.07823609402127568, 0.08828419556882873, 0.07116855013997894, 0.9794159056133332, 0.09997953138423986, 0.09517733414897361, 0.11161269767859522, 0.15640913390937097, 0.14108745385799817, 0.978171360162789, 0.04793540705251179]"
54,trilinolein,"[841, 868, 912, 972, 1075, 1108, 1264, 1302, 1440, 1654, 1743]","[0.13488074820324295, 0.16476700874691722, 0.09172524518786399, 0.12678124818679323, 0.14898785618605456, 0.0868783898912129, 0.33449351480911543, 0.2742901643076115, 0.42682263145113924, 0.9801933029747162, 0.07145778876903494]"
55,trilinolenin,"[866, 969, 1024, 1081, 1160, 1266, 1302, 1441, 1640, 1655, 1741]","[0.25202467951627583, 0.08983738893026676, 0.05525247612489846, 0.0974457857218774, 0.062186171464398164, 0.30131597176045244, 0.19997824253150043, 0.2846813143099601, 0.5111517277132763, 1.0, 0.05901520784654974]"
56,triolein,"[601, 725, 852, 869, 881, 971, 1065, 1081, 1118, 1266, 1301, 1440, 1655, 1743]","[0.05564791122716792, 0.057729478085067704, 0.23491233734035624, 0.24088828659485814, 0.19790457002485654, 0.12705467525865619, 0.3189721723225887, 0.40190255153857457, 0.14139952943297113, 0.3427389683029231, 0.6140643259646574, 1.0, 0.6320526440355404, 0.13802918223685484]"
57,uracil,"[529, 537, 556, 577, 790, 984, 995, 1100, 1235, 1255, 1394, 1418, 1455, 1504, 1608, 1646, 1711]","[0.10340315562891095, 0.10710309978458599, 0.3007879587482208, 0.2424303638186082, 0.9590343643518761, 0.06655994890126603, 0.039125521986246976, 0.0969181442509846, 0.6303322973968037, 0.050815653595315986, 0.18356395269165812, 0.08671615815947771, 0.054279710950519665, 0.058204042579505434, 0.03920079367586837, 0.11745030050106317, 0.08598015205602769]"
58,vaccenic acid,"[817, 863, 889, 971, 1018, 1034, 1065, 1078, 1091, 1112, 1264, 1302, 1416, 1439, 1655]","[0.08356089254500335, 0.20220873187214247, 0.2104738607501731, 0.10404033695807142, 0.12942985310261274, 0.10151422033105566, 0.27750775834911545, 0.31532474420739437, 0.26882387929007184, 0.15986890056388853, 0.33483992810740176, 0.6259605340875963, 0.16467079438278673, 1.0, 0.7009796941016178]"
59,β-carotene,"[1008, 1156, 1190, 1211, 1270, 1280, 1353, 1394, 1448, 1515]","[0.23677818171694692, 1.0, 0.1229028500616881, 0.10170395419821218, 0.0789924530656024, 0.05433842142817966, 0.038364470239346735, 0.026678341232080963, 0.03936942876869528, 0.8608359870985997]"
60,β-d-glucose,"[542, 650, 772, 841, 914, 1002, 1022, 1054, 1075, 1120, 1149, 1272, 1296, 1459]","[1.0, 0.13742953369041042, 0.11789409579643374, 0.7016012811004587, 0.5680053064484396, 0.1574958933285535, 0.2678367336849097, 0.40754116319005956, 0.5388876491644811, 0.6872560983143773, 0.30796166324147006, 0.21132655128572744, 0.06041769695320862, 0.3685210859050153]"
61,arachidonic acid,"[935, 974, 1064, 1111, 1159, 1260, 1296, 1438, 1653]","[0.09635382165257957, 0.12079215561078468, 0.07945565803819535, 0.06865736842357295, 0.07094998275858748, 0.3432013591913956, 0.1651393314669614, 0.1969658477688392, 0.9888846317521108]"
62,α-linolenic acid,"[867, 971, 1068, 1086, 1263, 1300, 1437, 1654]","[0.21254286653983898, 0.17867745613079278, 0.1184812251534756, 0.10281922775040965, 0.5068287304082472, 0.17647137861654025, 0.3317277897298443, 0.986421427886597]"
63,arachidic acid,"[574, 671, 898, 975, 1029, 1066, 1111, 1132, 1176, 1298, 1421, 1442, 1466]","[0.0242636190424737, 0.0215315214246444, 0.1583937179483302, 0.01002369475107442, 0.04403264858038465, 0.7508980778895126, 0.17023831647050383, 0.5073103459450063, 0.13758233440407944, 0.976489935156287, 0.29154371171162585, 0.8677461278145088, 0.5140156559486593]"
64,cholesterol,"[548, 701, 1087, 1130, 1178, 1442, 1672]","[0.3753935224578019, 0.617077979952081, 0.3363239493270112, 0.35155322017715573, 0.4199416381487204, 1.0, 0.5772360870173393]"
65,cholesteryl linoleate,"[703, 1263, 1306, 1442, 1662, 1742]","[0.23955228531016035, 0.6292139968561713, 0.48446775827063315, 1.0, 0.8755923696975679, 0.07363136308832342]"
66,cholesteryl oleate,"[704, 1261, 1306, 1441, 1659, 1670, 1739]","[0.22510611929111474, 0.3206806931726037, 0.4753661668999793, 0.9776403080014329, 0.31065071957613494, 0.34244999097770074, 0.10914329113590487]"
67,cholesteryl palmitate,"[702, 1066, 1131, 1298, 1442, 1464, 1668, 1739]","[0.35884400556180873, 0.180184304313627, 0.4188490294661727, 0.238372239957744, 1.0, 0.5667641374045371, 0.3237069921686852, 0.09609244128785582]"
68,cholesteryl stearate,"[702, 1068, 1133, 1301, 1428, 1444, 1468, 1671, 1741]","[0.24161390684601688, 0.24021859163222503, 0.40347058246264544, 0.2154627175798055, 0.4526708854451145, 0.9981488641107394, 0.5610691764174512, 0.23330741819948783, 0.10888107927620637]"
69,elaidic acid,"[909, 1065, 1098, 1124, 1166, 1287, 1303, 1420, 1441, 1464, 1672]","[0.12207708349095789, 0.06832236541325899, 0.16127648168260417, 0.1072739241557936, 0.08388166078577981, 0.07359091179119467, 0.13841669375379564, 0.23246512633630043, 0.9974906639010164, 0.4125416128756462, 0.2969398732030735]"
70,linoleic acid,"[872, 904, 972, 1075, 1087, 1107, 1262, 1300, 1438, 1654]","[0.10892725121328689, 0.12452360136852447, 0.19449709407753285, 0.15344190631214633, 0.14165640155693013, 0.0881518847636196, 0.4077474182033439, 0.30065753566290887, 0.5240931588878466, 0.9807682661542483]"
71,myristic acid,"[570, 661, 674, 891, 958, 1062, 1091, 1125, 1175, 1294, 1419, 1433, 1457]","[0.03396447425694703, 0.01300975856075767, 0.009481891250301511, 0.3318818692290169, 0.003281733784622963, 0.977890429096293, 0.22078008453391954, 0.645669472690641, 0.025986508421095404, 0.9923039136947704, 0.3608117126699123, 0.649599579605144, 0.39719864495893215]"
72,oleic acid,"[866, 976, 1084, 1120, 1265, 1306, 1444, 1657]","[0.2083212340059782, 0.15882840212922403, 0.37838622268807104, 0.12992776899587932, 0.32871545394326745, 0.5810956201529152, 0.9968849023715491, 0.8362709503540484]"
73,palmitic acid,"[674, 898, 912, 980, 1034, 1067, 1103, 1132, 1179, 1300, 1426, 1443, 1467]","[0.04957008127088149, 0.28873244005150867, 0.15534381281199644, 0.016601714882697082, 0.035451619857260086, 0.7049991845601146, 0.22707608582698352, 0.8542259487958267, 0.10290186544791192, 1.0, 0.4738314801565437, 0.7612075945683667, 0.5265388457070938]"
74,l-α-phosphatidylcholine,"[719, 876, 1089, 1096, 1125, 1267, 1300, 1442, 1657, 1737]","[0.4021997648263779, 0.3034328876253379, 0.4209641809457647, 0.41089562780941774, 0.16847884953428102, 0.32597739795701197, 0.5783009388415808, 0.9985107498802093, 0.5927292863157526, 0.12938780653016838]"
75,l-α-phosphatidylethanolamine,"[760, 1085, 1096, 1125, 1267, 1300, 1442, 1657, 1737]","[0.21426486605837286, 0.5184941673942689, 0.47373194553451253, 0.17522398151009191, 0.3370415296917879, 0.6986653206901218, 0.9883986017117466, 0.749143014664834, 0.1663803484488241]"
76,palmitoleic acid,"[894, 975, 1086, 1118, 1265, 1305, 1442, 1655]","[0.24377420533495442, 0.16904188243394014, 0.36020446965983244, 0.1375043979034941, 0.36409420139523263, 0.5349826562139058, 0.9417667649172103, 0.9970403090972263]"
77,stearic acid,"[896, 915, 984, 1067, 1105, 1133, 1178, 1300, 1409, 1445, 1466]","[0.05689120410624584, 0.029841545606918964, 0.01737216918968638, 0.43828594681895316, 0.14479361499830717, 0.33186354319601424, 0.11213161460332274, 0.6140205198583166, 0.22810808449496633, 1.0, 0.61096978623468]"
78,sphingomyelin,"[723, 882, 1090, 1096, 1104, 1129, 1295, 1437, 1654, 1670]","[0.3339574452168664, 0.17045348526747625, 0.3480518374076811, 0.3514048320370948, 0.36157204001502596, 0.4907300182352807, 0.9729972574221609, 1.0, 0.2253311522624602, 0.27429808623206836]"
79,triarachidin,"[890, 1061, 1109, 1131, 1297, 1444, 1467, 1729, 1742]","[0.110507334640579, 0.4568333791896367, 0.1136345882857934, 0.5033961092694809, 0.9909090023093368, 0.7781287357097224, 0.6308265156976485, 0.061690408532941235, 0.08492438145671216]"
80,tribehenin,"[890, 1061, 1113, 1131, 1296, 1444, 1466, 1727, 1742]","[0.09807169614833129, 0.43619242650030293, 0.12088110633326231, 0.49089428811603547, 0.9945540785781041, 0.7468689534752978, 0.6311535663136323, 0.04830849730709378, 0.08852455592206714]"
81,tricaproin,"[847, 1064, 1116, 1306, 1444, 1744]","[0.2646906060971458, 0.22391767369894514, 0.2396214884467921, 0.4862694328085253, 0.9963884316595661, 0.39371376688120385]"
82,tricaprin,"[891, 1063, 1075, 1125, 1299, 1443, 1454, 1729, 1743]","[0.2868220904944892, 0.530280448838926, 0.19683485568473885, 0.5323848173261394, 0.9105137423076115, 0.994954843590736, 0.8381458202222845, 0.15307644611882132, 0.2751765172674349]"
83,tricaprylin,"[867, 1065, 1077, 1118, 1305, 1442, 1745]","[0.1972254603391857, 0.22469903795761934, 0.22732732309355227, 0.20435919579343043, 0.5125734335477912, 0.9927625673194386, 0.3176900171891742]"
84,trielaidin,"[891, 1062, 1098, 1123, 1263, 1297, 1438, 1463, 1672, 1728, 1743]","[0.11889781635150479, 0.37585757343706006, 0.2960635030928516, 0.2270981511850954, 0.13709339939577483, 0.6690188006143235, 0.9569448109819253, 0.5819411902254064, 0.5554836433747721, 0.08204059419235316, 0.1515358599082744]"
85,tri-11-eicosenoin,"[871, 1065, 1254, 1275, 1303, 1440, 1656, 1743]","[0.21353827709864523, 0.2590536872941689, 0.1915709811458672, 0.2807843598727814, 0.5748972964600427, 0.9971165188557503, 0.5034595375371951, 0.18760744504825735]"
86,trierucin,"[891, 1062, 1111, 1249, 1276, 1297, 1441, 1462, 1660, 1727, 1738]","[0.14578201071911476, 0.37885215846071046, 0.43179921986558967, 0.12135280521372996, 0.26850252378172884, 0.8758655093809019, 1.0, 0.6389520532475323, 0.4125595009305416, 0.09723021862241786, 0.13521283740415252]"
87,trilinolein,"[1077, 1108, 1266, 1303, 1440, 1657, 1745]","[0.11878029177377859, 0.0703396354661956, 0.35581663912096145, 0.3234292039409934, 0.6048430811297707, 0.987097202582903, 0.09683153011418696]"
88,trilinolenin,"[868, 1071, 1090, 1267, 1301, 1442, 1656, 1744]","[0.14156099322262633, 0.07094168199765195, 0.06885816117060582, 0.33602611472064664, 0.17223098347751117, 0.3167426605222769, 0.996817583150998, 0.059659346264647965]"
89,trilaurin,"[892, 1063, 1085, 1127, 1297, 1442, 1459, 1729, 1743]","[0.2527583687834024, 0.5269717662175276, 0.15857838601721425, 0.5587521360980866, 0.9944357197539201, 0.888432493899495, 0.7561376856630078, 0.12585929478332616, 0.2390437051148964]"
90,trimyristin,"[891, 1062, 1094, 1129, 1297, 1443, 1465, 1729, 1742]","[0.23135372261662257, 0.5711147284148025, 0.1647573907530619, 0.6329409770767884, 0.9896837851429561, 0.9241480550438271, 0.7179506410426713, 0.09478813713374039, 0.187926457683203]"
91,triolein,"[870, 1069, 1082, 1118, 1268, 1302, 1440, 1655, 1749]","[0.1637905121143489, 0.198116750542449, 0.225347599209344, 0.09053065293523391, 0.2866428466523785, 0.5369397870636814, 0.9956550698282621, 0.605097658107238, 0.16467860616697644]"
92,tripalmitin,"[890, 1062, 1100, 1130, 1297, 1442, 1466, 1729, 1743]","[0.14805188044239864, 0.5060379142323332, 0.1600082283762344, 0.5674543945554952, 0.9843737600599318, 0.8016870622011385, 0.6226977000800518, 0.09688625045315363, 0.13842825418806062]"
93,tripetroselinin,"[892, 1063, 1075, 1127, 1252, 1267, 1297, 1444, 1456, 1655, 1730, 1743]","[0.2147759516065943, 0.5197437227792449, 0.3537315720795959, 0.362967099168037, 0.2158899732882783, 0.20430753973025179, 0.9776507715147865, 0.8948172414365596, 0.6653425476184476, 0.5279031288519016, 0.08035749721276261, 0.14280281168013406]"
94,tripalmitolein,"[890, 1067, 1079, 1114, 1266, 1304, 1444, 1656, 1746]","[0.1699213734640574, 0.19147434403195068, 0.23943613460295823, 0.09949300391074353, 0.3228764436782701, 0.5218779302767865, 0.9617216909012758, 0.683187886905655, 0.17330417799364478]"
95,tristearin,"[891, 1061, 1106, 1130, 1297, 1443, 1465, 1727, 1742]","[0.14886411736069483, 0.5181555986048089, 0.11897115257632919, 0.5351758106007481, 0.9847483766562023, 0.812156931554387, 0.6718841033151726, 0.05635983440256223, 0.11989130798922977]"
96,lactalbumin,"[512, 765, 841, 858, 882, 967, 1009, 1037, 1132, 1258, 1272, 1343, 1452, 1556, 1619, 1665]","[0.25233215393270786, 0.4472304121081473, 0.18035346983950945, 0.2429158386387609, 0.2611632926612443, 0.313815758336539, 0.645748995739289, 0.23453750179634875, 0.30045238364648674, 0.4832809840550749, 0.5178473783758752, 0.7346442368360034, 0.809112257378987, 0.4979515621891726, 0.3916300716718213, 0.9893278807279058]"
97,lactalbumin,"[511, 646, 761, 835, 858, 884, 959, 1008, 1037, 1130, 1258, 1272, 1343, 1445, 1555, 1619, 1670]","[0.2533849929476404, 0.13171669212639778, 0.518577752673857, 0.23833088281205614, 0.30537930837373145, 0.3582212801532034, 0.32821192373823244, 0.7595393014977455, 0.25485561418640057, 0.31913846284271497, 0.5811967779965048, 0.5569214693549214, 0.8685282482866435, 0.9351140592324688, 0.4917165104776851, 0.466333686076149, 0.9521241206828035]"
98,lactalbumin,"[505, 646, 795, 835, 857, 882, 957, 1003, 1031, 1126, 1265, 1383, 1445, 1551, 1619, 1665]","[0.19650896844263144, 0.1476041609735116, 0.019247485594799132, 0.12713256476392495, 0.17312518009043226, 0.2265209264040494, 0.20366118587519672, 0.4569721612063513, 0.12261248168120863, 0.2358379641980566, 0.4450099791326012, 0.03500102070918026, 0.9969560501772455, 0.3258989897535461, 0.3553493169221277, 0.7799557152302994]"
99,albumin,"[514, 825, 857, 1007, 1037, 1268, 1328, 1454, 1610, 1657]","[0.3109776748926379, 0.19140788628774147, 0.19510618393887152, 0.9017404108249916, 0.2871032226254872, 0.16635403973608132, 0.5982917924599404, 0.9510865149198173, 0.38333359538116574, 0.9384236907786997]"
100,albumin,"[512, 651, 755, 832, 856, 945, 1009, 1036, 1130, 1273, 1321, 1341, 1454, 1610, 1657]","[0.21296357004900027, 0.09359664316789809, 0.1377400967501834, 0.21458549057875456, 0.2966312708855808, 0.42877735496079816, 0.7071691517494304, 0.19899244217744197, 0.1800352406360436, 0.37490805720108383, 0.6235316923596657, 0.6616743953995364, 0.8292070199190998, 0.4306353476744523, 0.9981843414201138]"
101,albumin,"[508, 642, 748, 828, 853, 1004, 1032, 1125, 1268, 1319, 1340, 1450, 1606, 1656]","[0.16168372340166298, 0.1295795417760458, 0.12726187482979306, 0.1698214215691031, 0.1848936712931132, 0.5138463759316005, 0.18493143274147852, 0.17980772410072943, 0.2557354690509873, 0.5188040951145418, 0.5992507092699081, 0.9981757408709402, 0.35385876368595837, 0.9174196192462978]"
102,carbonic anhydrase,"[646, 654, 759, 831, 858, 880, 944, 980, 1006, 1031, 1128, 1237, 1346, 1453, 1554, 1620, 1667]","[0.0727301105672431, 0.056049355239429666, 0.3318983971854689, 0.2075050845191205, 0.21578245402651772, 0.30704572174309147, 0.21972270435501845, 0.2371559987098105, 0.9759248142301186, 0.2815590911866364, 0.15919813773061536, 0.6792216839232812, 0.6281559762638287, 0.8025258715373901, 0.39124892526147215, 0.4591104339356639, 0.9083275328508202]"
103,carbonic anhydrase,"[545, 647, 764, 830, 856, 883, 945, 1007, 1036, 1123, 1236, 1342, 1453, 1553, 1619, 1669]","[0.06456695976769412, 0.08967203517695752, 0.3591107428512719, 0.24587910464670132, 0.26225484839320173, 0.33236124770660413, 0.1961325454395685, 1.0, 0.25857206211435513, 0.15247398706025161, 0.7196618369202482, 0.7417016424279449, 0.8851923296036268, 0.40614664755999674, 0.4375039604795645, 0.9901931354324457]"
104,carbonic anhydrase,"[520, 543, 643, 760, 832, 858, 881, 943, 1004, 1034, 1125, 1241, 1335, 1450, 1552, 1619, 1665]","[0.0683162098549569, 0.1254061552810155, 0.12332121630805419, 0.2977997085234322, 0.16704980180217477, 0.18193701898032338, 0.16833947990808124, 0.1341915981883335, 0.7515306063234922, 0.24506198125971743, 0.2175422120269532, 0.5425649619898978, 0.6430537392523692, 0.9919902838378998, 0.28489275163219685, 0.33636745320338624, 0.896033815341759]"
105,collagen,"[528, 822, 862, 885, 940, 971, 1007, 1040, 1273, 1313, 1453, 1668]","[0.11497343842382524, 0.23666288909646915, 0.4600090702973319, 0.43416788136001755, 0.4228037082898017, 0.2555347273695623, 0.3158223272644557, 0.2807732916825939, 0.5831569073727509, 0.338141090745579, 0.997291081548879, 0.9492759062850279]"
106,collagen,"[537, 759, 820, 859, 881, 924, 943, 1007, 1035, 1271, 1312, 1456, 1668]","[0.13682040632986497, 0.11177245408470293, 0.1768911002854067, 0.4049462523515325, 0.31582830032491555, 0.4090557744343595, 0.3706107309482644, 0.23518359577178258, 0.27963108333340675, 0.6309401504335445, 0.28444235824169367, 0.9989220186759118, 0.9820373279827963]"
107,collagen,"[538, 644, 755, 815, 853, 920, 933, 967, 1004, 1273, 1310, 1450, 1666]","[0.1543924919873569, 0.06834961115132174, 0.14518124531657753, 0.22884129777286022, 0.3184298128619374, 0.3192625582194346, 0.24236944277055375, 0.15964578977346275, 0.20003734653195576, 0.5600480970642838, 0.33142685382518466, 0.9995881043470466, 0.9552374981473233]"
108,α-chymotrypsinogen a (type ii),"[509, 643, 760, 832, 860, 880, 928, 981, 1011, 1037, 1130, 1240, 1340, 1460, 1554, 1620, 1672]","[0.07114269394881821, 0.033987669696940524, 0.3687966920084946, 0.1086743565809897, 0.20804053998312388, 0.2745657464372338, 0.1663190169892944, 0.366122211465349, 0.6393663605479152, 0.2330094764831795, 0.1868380128544177, 0.6405812712903094, 0.58965350046781, 0.6946205531990385, 0.4307802400540525, 0.32739608305048384, 0.9975916343542989]"
109,α-chymotrypsinogen a (type ii),"[512, 545, 643, 762, 840, 859, 882, 929, 975, 1005, 1036, 1130, 1240, 1332, 1343, 1452, 1544, 1621, 1669]","[0.17061821721877443, 0.06807913236142736, 0.05282972693091017, 0.41290666923683783, 0.13334695768023053, 0.16326046750492476, 0.24876810270104666, 0.07244234451084329, 0.29811455884251115, 0.688366571027401, 0.20845952065326684, 0.22045890979167926, 0.6137736092328736, 0.5474878059535637, 0.5792688040238609, 0.8051542337251137, 0.3285366092339876, 0.29168567460495687, 0.9985686362553248]"
110,α-chymotrypsinogen a (type ii),"[509, 550, 645, 760, 828, 855, 878, 923, 977, 1005, 1036, 1129, 1239, 1323, 1344, 1451, 1552, 1620, 1668]","[0.1374490513787917, 0.0650254518690435, 0.07303137268223478, 0.3132910082924372, 0.09932057776107678, 0.18591782833249745, 0.2568559995514209, 0.09323258843955705, 0.23354089388616328, 0.492563168757665, 0.1315235719677155, 0.18415935404395387, 0.49074542392943066, 0.4905648566860927, 0.5764697445568412, 0.9957567863703771, 0.3121954825570181, 0.24555589317292384, 0.9451971254246072]"
111,elastase,"[512, 541, 649, 763, 836, 861, 881, 934, 969, 1014, 1036, 1129, 1236, 1339, 1449, 1457, 1555, 1620, 1669]","[0.06732078804462635, 0.06929244798067817, 0.09443406377378867, 0.3135280479756715, 0.16612316524843204, 0.27435370574597007, 0.2469210114852314, 0.1263147754596871, 0.20888809016240026, 0.6418142734882555, 0.5504294710827898, 0.17970480652487061, 0.6365728552830331, 0.7274597321397548, 0.8558351749981168, 0.8753120279625063, 0.42826751854338313, 0.5820464427492175, 0.9874416471610534]"
112,elastase,"[646, 764, 838, 859, 880, 932, 964, 1009, 1043, 1130, 1240, 1347, 1453, 1556, 1625, 1676]","[0.060815479072261557, 0.4074931900861918, 0.20328471453053445, 0.3665284281052194, 0.2349083964389488, 0.18272415471009656, 0.28774721571131195, 0.7879188616737877, 0.3044539412898475, 0.27731901361389005, 0.778102623385031, 0.8323388344364967, 0.9685079003716558, 0.595406155986851, 0.5362999668239684, 0.9901423470359242]"
113,elastase,"[540, 647, 762, 840, 855, 878, 929, 965, 1003, 1032, 1126, 1249, 1342, 1449, 1555, 1619, 1671]","[0.11105679104902334, 0.09296905398026445, 0.15205787913448165, 0.20940393373210228, 0.22503697714828355, 0.21974960385614448, 0.07120487938079689, 0.16643514060085246, 0.3741635781390929, 0.3603956568605523, 0.24841035887905766, 0.4412113141191162, 0.5319903704114812, 0.9961369105358319, 0.3036833614348815, 0.3756687841434877, 0.8980027708168951]"
114,ferritin,"[765, 838, 857, 1008, 1343, 1456, 1557, 1612, 1661]","[0.2545096601834667, 0.22934968213345422, 0.24857657817910506, 0.7173130703877296, 0.5873599205815977, 0.9778313040247573, 0.3159513921272902, 0.336467306211151, 0.8494816985822881]"
115,ferritin,"[838, 857, 1340, 1461, 1615, 1658]","[0.518614668518222, 0.38924486169540423, 0.9761702663957704, 0.9444457028050319, 0.6728972618739392, 0.6552585161479243]"
116,ferritin,"[854, 883, 1003, 1268, 1319, 1342, 1449, 1558, 1613, 1662]","[0.27900671860921217, 0.25757119423702407, 0.4871160659288573, 0.36145762335104364, 0.3911265315900931, 0.5065004234276657, 0.998747766258297, 0.19321591693971885, 0.38647032088142325, 0.7820694777574713]"
117,glutathione transferase,"[526, 765, 834, 858, 936, 964, 1010, 1038, 1131, 1286, 1342, 1454, 1556, 1620, 1662]","[0.18907608479199814, 0.2942191893601607, 0.21545059115636375, 0.34811797202706984, 0.3067743951978431, 0.24451109203748977, 0.40278445553075315, 0.1709520369525654, 0.25949692580547995, 0.4540984925001285, 0.7178388030799147, 0.9979810497996265, 0.19701312725724537, 0.49260009142614164, 0.9694943251357662]"
118,glutathione transferase,"[526, 646, 761, 837, 856, 940, 958, 1006, 1035, 1129, 1286, 1343, 1455, 1553, 1622, 1664]","[0.1474310020993872, 0.17622656314123536, 0.2921025646084165, 0.27122365810700544, 0.5112580764803792, 0.3812798759434817, 0.32329676426403137, 0.5961797844493621, 0.22524091681186034, 0.2696719585187903, 0.4155251456058628, 0.6615534952629344, 0.9964334954765498, 0.17716914722090774, 0.4546734314387558, 0.979540764268621]"
119,horseradish peroxidase,"[1632, 1575, 1377, 1009, 760]","[0.9955316569089477, 0.8100523034697923, 0.9451793038313006, 0.48791943366237345, 0.2921727295931886]"
120,horseradish peroxidase,"[1630, 1560, 1370, 1009, 760]","[0.7202746843305661, 0.9378606849360541, 0.6073868820899265, 0.4928335657030295, 0.23982455553626003]"
121,hemoglobin,"[1640, 1585, 1360, 680]","[0.44868635372421833, 0.9715568068979799, 0.9728509188984487, 0.21018230580725727]"
122,hemoglobin,"[1640, 1585, 1310, 1131, 751]","[0.1993809291084956, 0.9825760635378471, 0.47876686209589236, 0.9935228903728369, 0.7304147258403394]"
123,lectin,"[515, 646, 766, 839, 870, 884, 939, 954, 1009, 1035, 1133, 1246, 1345, 1450, 1460, 1569, 1626, 1676]","[0.0370725840827839, 0.06065441621009367, 0.17931421206779108, 0.17275627548439257, 0.11300750254861415, 0.15787443914914334, 0.10085857149044551, 0.10560970086648898, 0.9540248784246237, 0.2751790248919332, 0.12748697832444364, 0.6483167992647549, 0.5722835535118983, 0.626856249029592, 0.6218841391908977, 0.2121177932190709, 0.34981278592924786, 0.98956617076218]"
124,lectin,"[540, 657, 767, 835, 846, 882, 939, 1011, 1038, 1135, 1236, 1335, 1452, 1551, 1563, 1626, 1679]","[0.05496298347605973, 0.07420579726175136, 0.21934031357946804, 0.18388754177414526, 0.18970203078263395, 0.28287823037435, 0.21430762089538472, 0.9622777449562355, 0.4434189806389666, 0.2130586148439388, 0.7026522752106105, 0.6560162600878998, 0.8055143683463252, 0.20350382750560791, 0.23522511958833933, 0.27184842769966194, 0.9268547578825865]"
125,lectin,"[519, 538, 645, 764, 838, 853, 879, 937, 968, 1003, 1031, 1126, 1236, 1342, 1451, 1555, 1618, 1667]","[0.09295704765496765, 0.14704626313736643, 0.16079405750499323, 0.22547989145510522, 0.1477197551199558, 0.20430130569670946, 0.09320685719205711, 0.04931476066317419, 0.09740962433361755, 0.8724405115442261, 0.2643061196367171, 0.0753133607564403, 0.5067935419441307, 0.6367283298610064, 0.9557326430096214, 0.1918506617074333, 0.28840675524415443, 0.987334184696955]"
126,myoglobin,"[1640, 1585, 1380, 751, 680]","[0.5621122634938226, 0.9054639359861032, 0.5808917466589144, 0.2313701814698302, 0.14321206863293032]"
127,myoglobin,"[1640, 1585, 1308, 1131, 751]","[0.35796061781437205, 0.9831908611839356, 0.48892609882910737, 0.5660973787660503, 0.4744252336488944]"
128,papain,"[647, 763, 834, 857, 933, 1011, 1035, 1258, 1334, 1445, 1553, 1618, 1672]","[0.30344461474491186, 0.31962263606733937, 0.5991756083567017, 0.6723655224491218, 0.8587726664007673, 0.6666389953637752, 0.29737136379342527, 0.8609432186228008, 0.8145595229535924, 0.9043396701874565, 0.37172476112347846, 0.7252659422414821, 0.9915752462610269]"
129,papain,"[648, 766, 830, 856, 931, 1011, 1035, 1262, 1278, 1347, 1452, 1554, 1617, 1668]","[0.3972006674151281, 0.29767319161132083, 0.5145297084831745, 0.5506029391196416, 0.7332565802763259, 0.5625180403598966, 0.2285791772344927, 0.7600418308296262, 0.6018972764214297, 0.6990261030146019, 1.0, 0.28234188287898376, 0.7167343092863458, 0.9574014438164831]"
130,papain,"[499, 643, 827, 851, 926, 1003, 1011, 1035, 1270, 1339, 1445, 1546, 1615, 1665]","[0.8728360458653013, 0.434679049616669, 0.35459118504264997, 0.3637680494287927, 0.4576791202262082, 0.39632933717740154, 0.2500833612928103, 0.12559605785197683, 0.5169174043117524, 0.8427579787626482, 0.9905285136793567, 0.2294848946334561, 0.5633264515377528, 0.752840108069103]"
131,pepsin,"[515, 537, 764, 864, 893, 932, 955, 1009, 1037, 1131, 1248, 1342, 1454, 1558, 1617, 1675]","[0.09730745041877466, 0.09110955727735101, 0.10435313920046481, 0.2804411723091623, 0.35413141121529085, 0.3332256562797038, 0.23186852573077235, 0.4968372013465478, 0.33539006981695185, 0.16388193217642877, 0.7005633261638302, 0.6485310402683232, 0.9339278292243308, 0.15367720863119605, 0.45228434074403695, 0.9938953503108506]"
132,pepsin,"[658, 763, 864, 890, 940, 940, 1004, 1048, 1127, 1245, 1334, 1449, 1559, 1629, 1671]","[0.07983300949498238, 0.21020116631287494, 0.35886013556345, 0.40606499082331216, 0.3616667042704912, 0.3616667042704912, 0.48207283128229944, 0.2741755787058343, 0.13060537249981974, 0.7412204884828903, 0.7620374066179022, 0.9816643614056271, 0.37503621529880793, 0.284265098001247, 0.7214409684516501]"
133,pepsin,"[527, 550, 644, 770, 852, 877, 950, 975, 1004, 1042, 1137, 1254, 1336, 1454, 1555, 1610, 1669]","[0.20386433206079702, 0.27581281551114367, 0.1384895644744685, 0.21952528174849487, 0.32519422819770716, 0.43244204276103276, 0.25552197415996375, 0.23169847797485657, 0.3852766807186647, 0.4314993564670598, 0.2716263858871705, 0.5374236804234409, 0.7403584049626116, 0.9762441638308019, 0.2484754590121288, 0.3726599357848245, 0.6486857888008375]"
134,pepsinogen,"[646, 764, 834, 858, 890, 945, 1010, 1036, 1127, 1247, 1348, 1457, 1560, 1623, 1676]","[0.1960354651901491, 0.2092245924937569, 0.19529157143491807, 0.1825556231888975, 0.05641823936049181, 0.16691767911014962, 0.9357904195544964, 0.5275666031266075, 0.4154792622444362, 0.4631296516647691, 0.38888634553332807, 0.6244446967339554, 0.2779841719618227, 0.4514097497584276, 0.9723654021339]"
135,pepsinogen,"[646, 761, 832, 856, 878, 942, 980, 1006, 1036, 1131, 1245, 1343, 1451, 1461, 1556, 1620, 1674]","[0.146353838477315, 0.28398772733128624, 0.33176775608949255, 0.40379085145576477, 0.2668215337278302, 0.1813246983470723, 0.26582516380342536, 0.9958877924753211, 0.37414175344133893, 0.15023781532923045, 0.6920856523734628, 0.6019021706392376, 0.7107580312890708, 0.7059209480528774, 0.26142968742060313, 0.42944184433807275, 0.9985847909508937]"
136,pepsinogen,"[523, 542, 645, 759, 827, 851, 877, 957, 979, 1004, 1032, 1127, 1246, 1341, 1450, 1552, 1616, 1671]","[0.048100643460309955, 0.07386723888701267, 0.16229696067502017, 0.24053438917028538, 0.2592347439551155, 0.28432958155023885, 0.20478783526965413, 0.20278718603981957, 0.2637409715846549, 0.8012606886613562, 0.32023512200896515, 0.2314257598837024, 0.6405968773011509, 0.6479653599331668, 0.9652654233790054, 0.17604467009990846, 0.4611014171062855, 0.9925844437045318]"
137,major proteinase,"[532, 645, 763, 831, 856, 960, 1004, 1033, 1104, 1128, 1240, 1268, 1339, 1454, 1618, 1663]","[0.11208584322486186, 0.13996146169311405, 0.10913063967210429, 0.28672275936184544, 0.4346096041143032, 0.2423095602571351, 0.38943102982630295, 0.12745089692713257, 0.20071225851759006, 0.1932572840158247, 0.48330344268518943, 0.5190401882966925, 0.48471483871149124, 0.6972486788598116, 0.393580179856333, 0.9875108667206441]"
138,major proteinase,"[532, 647, 763, 831, 856, 960, 1006, 1033, 1106, 1129, 1240, 1273, 1339, 1456, 1619, 1669]","[0.13401187080260155, 0.20628714154937963, 0.11667606506432081, 0.3372497562480846, 0.45779411173418166, 0.3052206124101263, 0.4716225107689399, 0.12283804807670126, 0.23869881094193834, 0.2699053667163112, 0.5463270058592712, 0.5902321378832704, 0.5873963765832368, 0.9149129057396939, 0.49229963902011936, 0.9978604307785389]"
139,major proteinase,"[643, 763, 831, 856, 960, 1002, 1033, 1106, 1127, 1241, 1271, 1338, 1452, 1616, 1663]","[0.2132483756672936, 0.1145633550322554, 0.18893515271342004, 0.3190307343241238, 0.15804740609949133, 0.2613578574111426, 0.07557265438315591, 0.18356807069762932, 0.21566567924890884, 0.4122716241465181, 0.4436723909833613, 0.5023060823471531, 0.9991549886103647, 0.40416532830518126, 0.9644542998596088]"
140,superoxide dismutases,"[649, 753, 835, 869, 894, 935, 1009, 1037, 1127, 1246, 1344, 1454, 1610, 1675]","[0.0441963491796955, 0.0761525824489181, 0.1087910129225552, 0.17010658433352221, 0.16912097621067732, 0.22746854662892033, 0.6657848111878476, 0.34621443861909335, 0.14225226573652658, 0.6022420773321272, 0.405828536245769, 0.7132062307615205, 0.2126328788580505, 0.9995151962342401]"
141,superoxide dismutases,"[643, 764, 837, 861, 889, 897, 943, 964, 1009, 1034, 1128, 1247, 1340, 1452, 1610, 1679]","[0.03637894029957731, 0.07426055712874256, 0.13794619131845687, 0.20690354162393557, 0.19328618832321023, 0.1892114695177019, 0.2714968643114059, 0.33880661605554824, 0.7696200851566032, 0.42421561580458494, 0.1784017500720809, 0.6320421854755556, 0.464492222678887, 0.7793208676570001, 0.2037083524284371, 0.9845431026559323]"
142,superoxide dismutases,"[516, 547, 742, 838, 861, 883, 939, 955, 1004, 1031, 1126, 1243, 1345, 1449, 1612, 1676]","[0.11632751173131393, 0.15512958727795076, 0.17465873976109425, 0.1414784167158826, 0.17077017261749583, 0.15463048104132263, 0.2555435130811272, 0.1869558711084098, 0.517586628060485, 0.33950204352154, 0.2316395073933565, 0.5800370953136593, 0.49003046783344173, 1.0, 0.2205185848718426, 0.8586290564861054]"
143,trypsinogen,"[515, 647, 762, 831, 855, 883, 938, 975, 1006, 1033, 1128, 1240, 1342, 1450, 1554, 1620, 1664]","[0.14439709863955827, 0.10796787156372198, 0.23754210024462535, 0.26124337283594934, 0.3927872189678418, 0.26807440148902595, 0.18249120796975543, 0.28339885026070116, 0.5766261801091607, 0.2971753152815357, 0.21346903376369825, 0.792916970073541, 0.6271616963722643, 0.7249655940999289, 0.2824126512947954, 0.4348683246085457, 0.9906721473641388]"
144,trypsinogen,"[513, 648, 762, 830, 856, 873, 935, 963, 1006, 1035, 1130, 1242, 1342, 1451, 1553, 1618, 1674]","[0.15957980889695872, 0.11780615837875504, 0.24906891336081372, 0.28121290577216274, 0.4097227405656464, 0.26400418744881876, 0.20017467900809402, 0.29695092673888607, 0.6342091788272772, 0.332406279046136, 0.21090235530346546, 0.7874626923282385, 0.6018266417041878, 0.7372303757686495, 0.25800701042381347, 0.3613112622684623, 0.9558746903556127]"
145,trypsinogen,"[538, 645, 759, 829, 855, 926, 965, 1003, 1042, 1129, 1243, 1343, 1450, 1548, 1620, 1660]","[0.14240321012164064, 0.26882088142206984, 0.1430933909245838, 0.18898184224863943, 0.2672701689309699, 0.13402317834987335, 0.25751034853879945, 0.2929529316413544, 0.26328142452736236, 0.13804186404138688, 0.5541243963468562, 0.5446644671426965, 0.9360093123901636, 0.23286437470770155, 0.29983489548183295, 0.9773063568379452]"
146,trypsin inhibitor,"[510, 838, 860, 898, 1006, 1037, 1127, 1263, 1325, 1452, 1617, 1666]","[0.2550932046519999, 0.18187459818917612, 0.19057578258557423, 0.2187783761734862, 0.40976771101516074, 0.1900039929939709, 0.24917939996195412, 0.5860507621332096, 0.7113533201710631, 0.703030713316068, 0.35426843243036044, 0.9914856142666937]"
147,trypsin inhibitor,"[510, 838, 860, 898, 1006, 1037, 1129, 1267, 1325, 1452, 1619, 1673]","[0.28622754667867684, 0.21814647283324626, 0.2786309107988325, 0.28537233948777135, 0.4558909680864856, 0.25210942321793584, 0.24452392749722926, 0.5601338525641997, 0.6799926394589203, 0.6751378516033317, 0.3123881377335153, 0.9936783019679785]"
148,trypsin inhibitor,"[510, 838, 857, 894, 958, 1004, 1032, 1127, 1263, 1320, 1454, 1614, 1671]","[0.2826411707311945, 0.18749855252532271, 0.17337851377156913, 0.24312116491712948, 0.22351177876520278, 0.3773004731611306, 0.20154373732427577, 0.29230868459778553, 0.5649320862556924, 0.750295931790229, 0.9651278554765649, 0.3363422145451709, 0.9988136108856507]"
149,thaumatin,"[515, 649, 763, 838, 858, 883, 941, 984, 1009, 1037, 1121, 1242, 1342, 1451, 1556, 1618, 1677]","[0.14011996959608833, 0.08363259386186798, 0.15093368267715968, 0.14785244830900152, 0.16542433113460142, 0.11483139606794583, 0.04854154093518911, 0.27912931543489394, 0.8425112349323784, 0.3662186084982707, 0.16555983307367778, 0.6856087601038962, 0.5294334697580078, 0.6248289356901163, 0.26108965651062416, 0.4883753784493415, 0.9991455214926711]"
150,thaumatin,"[516, 738, 830, 850, 883, 928, 976, 1007, 1033, 1123, 1235, 1333, 1449, 1557, 1621, 1673]","[0.13129750750088004, 0.134642665121995, 0.1692075960336236, 0.18806947965699017, 0.10722281982985048, 0.043892701655861226, 0.19851450572377294, 0.82266759354178, 0.3634626596457517, 0.1329389562676598, 0.6214081698050976, 0.6359065952216428, 0.6696171190981529, 0.5143104957887132, 0.5083296569165654, 1.0]"
151,thaumatin,"[645, 759, 833, 853, 878, 932, 980, 1004, 1035, 1127, 1256, 1336, 1449, 1554, 1669]","[0.13225219160724636, 0.12554845904640669, 0.13704051458269878, 0.1615610206082004, 0.16635627567433398, 0.06862941472468967, 0.18768858556143597, 0.6363245467656006, 0.24702620079470278, 0.12458006948495404, 0.5534931720640136, 0.4706602676710712, 0.8444637125558321, 0.1240292301766919, 0.9993548177005863]"
152,triosephosphate isomerase,"[761, 883, 1004, 1035, 1268, 1330, 1452, 1468, 1555, 1660]","[0.41997384222634043, 0.4991271824892137, 0.5638406600084137, 0.2808064137282398, 0.32676716784039245, 0.625077124836218, 0.8900864820985642, 0.7635045310908862, 0.4671786713798424, 0.9834214542864078]"
153,triosephosphate isomerase,"[495, 712, 762, 881, 1009, 1035, 1269, 1332, 1344, 1448, 1465, 1555, 1665]","[0.5111364780468296, 0.35282134182036445, 0.27409299232898277, 0.4009466695871581, 0.6171274702054728, 0.1981595696895638, 0.43169934344156247, 0.7261588435864256, 0.6367399977568331, 0.952586888812332, 0.9204564430638772, 0.28326339806390216, 0.9932371825436024]"
154,triosephosphate isomerase,"[495, 712, 760, 887, 1006, 1035, 1269, 1339, 1448, 1468, 1555, 1662]","[0.42575831865347485, 0.3289271334243842, 0.28161967375676866, 0.11439729011687959, 0.321831260891349, 0.16652206559282956, 0.3266761226082889, 0.5573791022000905, 0.9985446742598212, 0.6255044609039119, 0.2496751061075258, 0.8333754879062888]"
155,trypsin,"[512, 553, 643, 762, 837, 854, 877, 942, 963, 1012, 1037, 1129, 1238, 1343, 1448, 1555, 1621, 1671]","[0.15776393243045375, 0.057731627420904374, 0.1602871301952082, 0.21046976997310501, 0.1554425294435433, 0.3207975676216662, 0.14403946696365008, 0.07335205735297792, 0.24393866581758863, 0.43843766664275713, 0.3139402899530157, 0.19797800938635096, 0.7687644552893813, 0.6326673720206332, 0.8036566891735651, 0.32130686374291456, 0.4618720018309247, 0.9986504477974172]"
156,trypsin,"[515, 645, 764, 836, 856, 881, 945, 978, 1011, 1131, 1245, 1343, 1451, 1555, 1619, 1672]","[0.14451239354763173, 0.15004856613996537, 0.21426936515401723, 0.2534964318890681, 0.33718390803617837, 0.21160700127058105, 0.12417047887273557, 0.2194280807318002, 0.47472971434611333, 0.23000280988759259, 0.6257522018800618, 0.4996384991114844, 0.7439070304956652, 0.25795381625830416, 0.43210076766207683, 0.9991555626389251]"
157,trypsin,"[646, 760, 830, 851, 881, 945, 980, 1006, 1031, 1127, 1248, 1337, 1450, 1550, 1669]","[0.14539941314775578, 0.20954267956817343, 0.2231695760675367, 0.236485254426733, 0.18573734347796741, 0.10146925655843413, 0.17934476436957258, 0.30701060397553703, 0.21136310311748402, 0.2628534584297365, 0.6346641962992048, 0.6947161546368256, 0.9243660607699099, 0.24895627346362265, 1.0]"
158,ubiquitin,"[850, 860, 962, 1006, 1033, 1131, 1243, 1286, 1320, 1454, 1612, 1670]","[0.15050048441314187, 0.16353703155391736, 0.3833600059184633, 0.7096950946669682, 0.27257043638583417, 0.22360746192897382, 0.5486629520334246, 0.5457039696968842, 0.6237435869541117, 0.8715856733151077, 0.1904073207957715, 0.9878823353969897]"
159,ubiquitin,"[840, 860, 968, 1006, 1030, 1129, 1241, 1279, 1320, 1454, 1608, 1670]","[0.22786389927543632, 0.1287525293100109, 0.29423729473368243, 0.7079483705080989, 0.19393958986890647, 0.22963053732121283, 0.5330511288172178, 0.416395717942372, 0.5839320351799172, 0.8616152153997657, 0.19859982078323496, 1.0]"
160,ubiquitin,"[836, 860, 959, 1003, 1033, 1127, 1249, 1279, 1317, 1341, 1449, 1605, 1670]","[0.14534636017726568, 0.06803180494315744, 0.20390929839451494, 0.47616759876272746, 0.12996503453143754, 0.16139007870771757, 0.3731366036098912, 0.36977863367219244, 0.48771471429374813, 0.4245011127109492, 0.9993566964439027, 0.2057840465051027, 0.9075901147762868]"
161,glucose oxidase,"[847, 861, 935, 1004, 1035, 1144, 1236, 1283, 1453, 1482, 1621, 1664]","[0.4243641223728375, 0.35860941673062074, 0.12374633815583462, 0.13058496318521975, 0.08314500130387226, 0.42478775182373246, 0.5653744189439514, 0.8403751525673425, 0.47138247334218547, 0.9959752029358682, 0.15303727822025193, 0.28045379724005354]"
162,glucose oxidase,"[761, 847, 861, 930, 978, 1004, 1035, 1145, 1236, 1280, 1341, 1453, 1554, 1621, 1664]","[0.15871620439793965, 0.3948027772098785, 0.369161598201464, 0.14402728703841056, 0.08451084483369846, 0.2967798072385297, 0.12667297539627512, 0.24099196201774936, 0.46157969791090014, 0.7231758752960056, 0.46078345679355426, 0.9965574835488397, 0.2573643971978398, 0.3567525523260999, 0.6679096342375334]"
163,xylanase,"[766, 870, 944, 1014, 1057, 1130, 1268, 1344, 1463, 1661]","[0.11357867385659536, 0.5382786982150453, 0.769511210800348, 0.30891669695714485, 0.5850656182821596, 0.9599250833905298, 0.47617115360255724, 0.9983314341434288, 0.7553500437453644, 0.2676131254252109]"
164,xylanase,"[759, 856, 945, 1054, 1130, 1232, 1344, 1460, 1660]","[0.088469528550078, 0.4642110245439463, 0.6569474066791381, 0.48284621364211505, 0.8512613225448125, 0.16439590680686061, 0.8023152656774373, 0.4802944498816788, 0.07060400915398056]"
165,xylanase,"[645, 755, 861, 941, 1004, 1058, 1126, 1259, 1339, 1459, 1668]","[0.019471428820172443, 0.10332227300790359, 0.44461662663628, 0.547760620593267, 0.23098659041994213, 0.44301394346097117, 0.8216730525592656, 0.43650652869947215, 0.9989304820808141, 0.8045963515687033, 0.20945995898349806]"
166,cytochrome c,"[1585, 1364, 690]","[0.9440895187494679, 0.9741710164043555, 0.44265201781153074]"
167,cytochrome c,"[1585, 1312, 1131, 751]","[0.631667263651551, 0.6153548862793062, 0.5261326748073025, 1.0]"
168,a-dna,"[465, 499, 537, 555, 592, 622, 642, 663, 682, 704, 727, 748, 781, 794, 806, 881, 893, 965, 992, 1011, 1025, 1055, 1099, 1145, 1182, 1209, 1243, 1255, 1301, 1322, 1336, 1396, 1418, 1373, 1461, 1483, 1612, 1537, 1574, 1603, 1651, 1669, 1717]","[0.09516736199163611, 0.8259267389915154, 0.062139686249437845, 0.06991630859499759, 0.02405818387228524, 0.1544184614838575, 0.09795272622814892, 0.22491833859796415, 0.12471348412837718, 0.3059402271777964, 0.5447350187960474, 0.23568851795275791, 0.031204618243041982, 0.23009033898004083, 0.2661466288969895, 0.5242168860546632, 0.8866559506751449, 0.5813023407428076, 0.22366111493514404, 0.19658519907226094, 0.2604772312679364, 0.3711409628132144, 0.9259722418888229, 0.2688236079970629, 0.09250617763235758, 0.052947429148048945, 0.1492087991280775, 0.35641501922125157, 0.6999592599922031, 0.4063122900378998, 0.41695276482714816, 0.11460404877921734, 0.22533574629895528, 0.10898952088251455, 0.4134165771826042, 0.4348314288032744, 0.052944671419397946, 0.24041211702306087, 0.16299115477414455, 0.0905688119290945, 0.009158555476481027, 0.023723295251647524, 0.013726211385226178]"
169,b-dna,"[467, 499, 535, 569, 595, 643, 669, 681, 729, 751, 787, 795, 834, 896, 923, 932, 970, 1000, 1013, 1028, 1054, 1094, 1142, 1182, 1217, 1237, 1257, 1292, 1304, 1319, 1339, 1376, 1422, 1445, 1463, 1489, 1511, 1538, 1577, 1610, 1649, 1669, 1712]","[0.11653811469600946, 0.8222281924622069, 0.2614223975246731, 0.08127086691614663, 0.12895515204394084, 0.08223693015755036, 0.29864084880201663, 0.20175759427440423, 0.7296035192461778, 0.20406640482587035, 0.050558396807781104, 0.19690318695110504, 0.3941489304057162, 0.6269274156941943, 0.878945715871445, 0.6469713626639386, 0.101001757998279, 0.12512570321715694, 0.175723784366823, 0.170913758369162, 0.26910965411901616, 0.7498267655146075, 0.22734201218151545, 0.08017000736106486, 0.047937995375927724, 0.035291920415229876, 0.18151442076034902, 0.8227105574939839, 0.7814131079373609, 0.4593267912117315, 0.20646548582310656, 0.13911717098037554, 0.21129901204594995, 0.33371903079411447, 0.3956648156412552, 0.47900791756775224, 0.4048119344148741, 0.28890253518610676, 0.14299430923982892, 0.06864409285588537, 0.04227697610924864, 0.04459442581472168, 0.04477805150707706]"
170,t-rna,"[1575, 1530, 1485, 1419, 1375, 1338, 1321, 1300, 1242, 1178, 1100, 1040, 1000, 978, 915, 867, 814, 785, 725, 670, 630, 594, 557, 500]","[0.6585005178310629, 0.10115821423968747, 0.8110543943101062, 0.16853809907768388, 0.552167249257888, 0.7679958390975485, 0.7110101211086836, 0.6285694839625224, 0.7212811673599268, 0.11239835907084285, 0.4234143783129602, 0.06330330169406319, 0.07585804531954021, 0.06999205777924843, 0.08303413341185933, 0.1099580941994631, 0.5914175083521563, 1.0, 0.2684316038017879, 0.18000515913394022, 0.08959810429070614, 0.12073329932620268, 0.12984352442570699, 0.11593757479869174]"
171,ceramide,"[677, 891, 1063, 1090, 1110, 1175, 1272, 1295, 1369, 1438, 1459, 1628, 1654, 1678]","[0.027937019942581416, 0.11697767012491316, 0.40265922893660233, 0.12344266521272196, 0.15314466269650162, 0.026866622731655566, 0.16714039864503696, 0.619657066981907, 0.07852253074066572, 0.9019228471174441, 0.5689443838483639, 0.07481741689751036, 0.09947220223827179, 0.20957854036366408]"
176,2-deoxy-d-ribose,"[540, 627, 677, 758, 808, 878, 899, 922, 986, 1017, 1044, 1082, 1115, 1148, 1196, 1235, 1257, 1279, 1298, 1348, 1379, 1443, 1471]","[0.3142042983742867, 0.267557625414601, 0.27761965251554144, 0.17331051612046774, 0.9617534427110477, 0.2361518152448886, 0.14684413279666894, 0.30379070692982135, 0.08774166953570645, 0.2958097140289871, 0.4084303000389414, 0.2351785739186975, 0.2731832309852432, 0.24282829645210882, 0.0973976075425262, 0.21510605629100624, 0.24268316141497076, 0.3976403416476519, 0.5236229070603067, 0.3612804735903825, 0.1795987546377681, 0.1557763545021834, 0.7068700840307514]"
177,amylopectin,"[479, 521, 571, 614, 714, 770, 791, 866, 942, 1051, 1086, 1131, 1267, 1339, 1378, 1462]","[1.0, 0.12463819000598522, 0.13647142160433492, 0.10164790086903899, 0.10700763337984731, 0.11978719953657184, 0.08939395557910469, 0.4088824692244572, 0.5393992229488447, 0.38542374810527447, 0.5784317482122453, 0.677609514035779, 0.3320936081889346, 0.780230384552109, 0.6774271541471586, 0.6130153752751648]"
178,amylose,"[479, 521, 577, 614, 714, 766, 866, 942, 1051, 1082, 1127, 1262, 1339, 1378, 1462]","[0.9932721298926375, 0.13054920585964427, 0.18546199127864255, 0.08702149655668891, 0.08525778638837832, 0.09870409298966373, 0.48147334413743936, 0.6381300597957656, 0.4682177357156072, 0.7091471591383359, 0.8779476220242846, 0.3767686166888155, 0.9280641212929159, 0.7971406272303738, 0.6318048991071593]"
179,d-(+)-galactose,"[494, 534, 615, 662, 705, 766, 830, 889, 959, 972, 999, 1055, 1069, 1107, 1138, 1154, 1248, 1310, 1333, 1379, 1489]","[0.12177752720529911, 0.0988424349843764, 0.17274496726516383, 0.3504497064473302, 0.32346128180952216, 0.17202095792415967, 0.35719805875596616, 0.34540035913711986, 0.14476242208776102, 0.16064587174744588, 0.2706233441036149, 0.7721256862211069, 0.8761467515871294, 0.4666468325791934, 0.38517561086258945, 0.2168745133314529, 0.8919611409670267, 0.2686880933501068, 0.49196620519443685, 0.4386629594696886, 0.3759906207356352]"
180,d-(+)-glucose,"[542, 560, 650, 774, 843, 1022, 1055, 1074, 1121, 1150, 1204, 1273, 1333, 1346, 1373, 1460]","[0.8738731815411467, 0.3350922996392266, 0.1833018426368005, 0.17576539296799437, 0.7500790623934255, 0.3479864918790336, 0.46795887270662556, 0.7465736927204736, 0.9658108695960727, 0.44182524103474713, 0.10689065274335477, 0.3538863289826815, 0.6645775115778821, 0.9851066977949874, 0.37798147890786266, 0.6360270013382444]"
181,d-(+)-lactose monohydrate,"[477, 556, 633, 777, 851, 878, 916, 1053, 1086, 1121, 1142, 1263, 1346, 1379, 1416, 1455, 1470]","[0.5293276910767053, 0.18131490976350284, 0.1316226073866843, 0.11351969267928998, 0.5312659798153366, 0.43479654347386665, 0.2911005568602851, 0.38065406341804153, 0.9928309100167216, 0.5207496298273233, 0.5258849499392985, 0.5259369205000205, 0.5335490290474361, 0.312501701306759, 0.2633395984734846, 0.21907917951555603, 0.3023423303592713]"
182,d-(+)-maltose monohydrate,"[463, 519, 552, 780, 849, 901, 922, 1073, 1115, 1150, 1240, 1256, 1271, 1329, 1386, 1431, 1455]","[1.0, 0.43322628063055885, 0.9499891350427847, 0.07486007001639716, 0.3143630624648162, 0.4541815868196004, 0.24910368854424675, 0.5714421047653573, 0.934893381934272, 0.7964825329687698, 0.18250280493356374, 0.3100859055051073, 0.29971004302828697, 0.2644197414195692, 0.5650364633140972]"
183,d-(+)-raffinose pentahydrate,"[454, 538, 557, 618, 654, 706, 751, 834, 876, 936, 967, 997, 1051, 1075, 1125, 1153, 1269, 1306, 1335, 1389, 1433, 1466]","[0.20391383956035888, 0.20718255369373614, 0.15806747934371276, 0.21626541479890776, 0.1958304713154663, 0.2367036932152116, 0.15655352632496305, 1.0, 0.2715223466798782, 0.15096602880855606, 0.1764166260843758, 0.16557924787552214, 0.6814718075036849, 0.614584855334068, 0.4273892741180701, 0.47837060357203454, 0.7090572248398721, 0.3111851220131558, 0.39135630703708474, 0.46660943809605454, 0.2769860131020201, 0.6939575081403034]"
184,d-(+)-sucrose,"[527, 552, 585, 641, 737, 851, 872, 922, 943, 1015, 1038, 1088, 1127, 1161, 1239, 1350, 1368, 1433, 1462]","[0.519829660390045, 0.47931332457520764, 0.23734787339335278, 0.3579663840406913, 0.14465184708538917, 0.9896328924450774, 0.2172388499861643, 0.3097736060035868, 0.20551955295816735, 0.2495695736027222, 0.5878675584968971, 0.3097336411312541, 0.7194450372370063, 0.35183526592660724, 0.4732249172811121, 0.4394223143194692, 0.4370269299312313, 0.31855491698735344, 0.8400203001617521]"
185,d-(+)-xylose,"[505, 527, 565, 608, 758, 903, 932, 1017, 1086, 1107, 1115, 1150, 1244, 1316, 1341, 1373, 1397, 1446, 1476]","[0.18637236895303688, 0.4989679246173876, 0.21256056312944796, 0.1827072455402542, 0.12847151119779393, 0.9780162803968603, 0.2755335419287658, 0.1684299289508248, 0.5862699886032461, 0.5841960678923666, 0.550122775893941, 0.3323076414174258, 0.15773871807937814, 0.24767240093242515, 0.2423535869486348, 0.2934146747887895, 0.2943366453754447, 0.10677410178985404, 0.16725396073031173]"
186,d-(-)-fructose,"[465, 527, 596, 627, 781, 820, 874, 926, 980, 1049, 1082, 1142, 1179, 1251, 1265, 1341, 1398, 1455, 1472]","[0.22956426063522042, 0.3521687136256509, 0.3305119763412051, 0.9968655034189066, 0.08169413704154145, 0.6337565001313646, 0.6136176595645602, 0.22866965964742952, 0.35270359105425747, 0.33041412172438434, 0.5512854391984805, 0.250219280634032, 0.3127825554352135, 0.35131252618743913, 0.681110449316241, 0.2039103382952516, 0.1827551568530964, 0.304593450887752, 0.6348029414447255]"
187,d-(-)-ribose,"[462, 542, 598, 631, 656, 727, 804, 885, 922, 945, 1003, 1030, 1059, 1074, 1119, 1161, 1246, 1273, 1321, 1364, 1452]","[0.12467077362403998, 0.9943659740124905, 0.27663318393386155, 0.3160782299823412, 0.13622486409165466, 0.1328413131049767, 0.12652176529463108, 0.8064062999380437, 0.46618837724471274, 0.19523643385499576, 0.2961931539624905, 0.3343867371650167, 0.7652277331219299, 0.5792058882268354, 0.6182203253187443, 0.32729547404861414, 0.21952196146882336, 0.6963749743208871, 0.5138700400509795, 0.37535003931965244, 0.4561253276890833]"
188,glycogen,"[484, 579, 596, 856, 941, 1051, 1084, 1130, 1262, 1337, 1387, 1460]","[0.6832594835561401, 0.23563802928452524, 0.14899597948286566, 0.5114293256417093, 0.5939179469330755, 0.5482992596375603, 0.8427863850498849, 0.9233074635734129, 0.37782873470262374, 0.9998216229277427, 0.8406196938061434, 0.6671307672396086]"
189,l-(+)-arabinose,"[511, 579, 612, 698, 789, 843, 993, 1051, 1096, 1136, 1260, 1312, 1356, 1375, 1449, 1476]","[0.13569805422921566, 0.19458279271520346, 0.1948636539998015, 0.27887950217996915, 0.04770953016996972, 0.9699068254915001, 0.23954694707299318, 0.2409044269750459, 0.2420691390962314, 0.23837981063740682, 0.5507979003307646, 0.3050312581659061, 0.21784731864930773, 0.1958223638286191, 0.08262867061034629, 0.4207196704701223]"
191,elastin,"[527, 622, 665, 758, 837, 854, 904, 934, 957, 1003, 1029, 1106, 1123, 1175, 1208, 1248, 1340, 1416, 1452, 1515, 1605, 1661]","[0.2010701865765651, 0.07086834848032551, 0.193601942207412, 0.1350672166850611, 0.1443839597766165, 0.1896169172035332, 0.2597242505432007, 0.250247452529262, 0.2253344136857785, 0.4149597339397124, 0.2314728128734836, 0.24609888035418842, 0.1524643543347915, 0.1355286434006458, 0.17327091694238947, 0.3442338923550483, 0.3055029440555393, 0.18853512180226456, 0.983033405824236, 0.07329012061943864, 0.2047847911243159, 0.8025882115027544]"
192,keratin,"[1670, 1653, 1615, 1605, 1585, 1550, 1518, 1460, 1448, 1419, 1340, 1317, 1282, 1243, 1207, 1174, 1155, 1124, 1100, 1080, 1060, 1045, 1031, 1002, 956, 935, 900, 852, 827, 757, 642, 619, 601, 564, 549, 541, 510, 490]","[0.9439799084633618, 0.7719687765088842, 0.32109140841491934, 0.2760456895739985, 0.0919048132977944, 0.07068985396755831, 0.013645780587094153, 0.788348452768925, 0.9874915973449728, 0.26962553832238906, 0.43359549354904714, 0.44744993271305367, 0.3343767168141851, 0.42276854169458256, 0.19814199130634683, 0.07184230713040195, 0.04048038822847055, 0.1608848591152639, 0.10998688277927243, 0.13923035983343449, 0.1304903901513127, 0.12625886840816442, 0.16339757019577708, 0.3533299353649232, 0.1032058056235366, 0.11015517410594071, 0.053048959108343736, 0.20813864628911724, 0.19152301454770643, 0.10003115151693241, 0.16099705863428243, 0.07641828116869791, 0.013543178987671944, 0.04366864390360942, 0.05633937312593777, 0.06739919214648807, 0.1157262132999758, 0.06205481770585129]"
193,l-asparagine,"[537, 578, 632, 659, 672, 750, 760, 834, 874, 893, 937, 982, 1070, 1110, 1150, 1156, 1245, 1260, 1328, 1353, 1414, 1425, 1497, 1580, 1619, 1675]","[0.1090982661332072, 0.018247711314125788, 0.014509593607491983, 0.030175366278304607, 0.030310731171066776, 0.09206444982848015, 0.33043237003202763, 0.01676086845014781, 0.06354226148979328, 0.05561617787535662, 0.29285212039969893, 0.048235183953176955, 0.19043930691022296, 0.16368864594565985, 0.16905793026203628, 0.3474170270983019, 0.023793614050565674, 0.06993197112273397, 0.24767451947689054, 0.13795171630632477, 0.34768977837346793, 1.0, 0.08379175310509492, 0.10004389057706693, 0.2812762287543864, 0.07241881261977753]"
194,l-aspartic acid,"[466, 552, 599, 661, 777, 870, 900, 937, 991, 1082, 1120, 1145, 1249, 1260, 1336, 1359, 1408, 1422, 1459, 1508, 1616, 1634, 1692]","[0.20103003868805605, 0.21133042556861592, 0.08615485079224276, 0.04330228432024848, 0.42246987506468414, 0.3130159434217984, 0.16510189497548117, 0.8867265469061879, 0.12813878416007496, 0.2765087109731155, 0.16165200463271, 0.049961804785490754, 0.15746285207363103, 0.10768586284221689, 0.5926911608880993, 0.20602005864813583, 0.34006061950173727, 0.4541287794780817, 0.014526502550454571, 0.036322416894605844, 0.06653359946773121, 0.05061481974322957, 0.18491412237253899]"
195,glucosamine,"[460, 513, 525, 533, 545, 562, 581, 610, 702, 740, 775, 865, 896, 916, 943, 1005, 1040, 1056, 1094, 1115, 1142, 1194, 1225, 1245, 1270, 1315, 1330, 1345, 1372, 1388, 1432, 1460, 1520, 1583, 1620]","[0.03393749319017523, 0.551447613175494, 0.8940273226399174, 0.38167759207760105, 0.3231178760021093, 0.3196122460067031, 0.35570127148824005, 0.10119157223741056, 0.07686389190775178, 0.03912344008077435, 0.07917608429385495, 0.08315563801090411, 0.14722830208471188, 0.1420876107057575, 0.033738246476006595, 0.33418760824168675, 0.4415683508358407, 0.18517965513189352, 0.3331301442412721, 0.22001587835013145, 0.5276790766926349, 0.08688407164489813, 0.1393136271247456, 0.18493236259709445, 0.12223803132391534, 0.238010520074968, 0.4691795807532428, 0.516523966295772, 0.4083417650874866, 0.3997301945244962, 0.08599597293658058, 0.23863274478971597, 0.015249792422241145, 0.11000761424795687, 0.13585934618299633]"
196,tubulin,"[523, 542, 594, 641, 676, 711, 741, 831, 949, 1002, 1039, 1063, 1125, 1206, 1266, 1332, 1360, 1416, 1458]","[0.13283850091639446, 0.13698795717332032, 0.029624198142067855, 0.05503170288215466, 1.0, 0.27927143131220256, 0.054534060504202626, 0.32161220721476247, 0.11343320459977596, 0.26054690876326564, 0.37213506660044154, 0.28646331511377937, 0.2413811663550708, 0.05517992591502894, 0.10868890028233158, 0.1831102793464233, 0.15796285245303662, 0.2805103173322242, 0.2650136394734132]"
197,insulin,"[516, 626, 646, 673, 726, 770, 834, 855, 898, 962, 1007, 1035, 1130, 1180, 1210, 1267, 1319, 1341, 1450, 1616, 1663]","[0.28693566779683316, 0.14756130814843868, 0.2564500827552202, 0.18237738297624814, 0.19790460361236384, 0.15108548076405498, 0.6400618633713184, 0.688497893322651, 0.3787525745958296, 0.49378356786367267, 0.9017348057782958, 0.49838437340460956, 0.4001446181505326, 0.5200434497332183, 0.7863111852288412, 0.6558626784881642, 0.572954478657892, 0.6288575378222727, 0.719994332177292, 0.46076191241831693, 0.6694535274258078]"
198,diethylstilbestrol,"[507, 556, 613, 635, 673, 735, 815, 832, 956, 1005, 1018, 1051, 1111, 1171, 1200, 1257, 1299, 1317, 1440, 1457, 1508, 1608, 1632]","[0.05890316259536222, 0.09393918057914973, 0.13182855697141163, 0.24257338248458638, 0.09696584175009966, 0.08411261436611431, 0.6617462293829404, 0.24001116696898445, 0.13477531859184486, 0.14431053464678822, 0.12481102589969789, 0.1620965244691229, 0.3936417983539368, 0.2542211698811876, 0.05068622223005403, 0.2976161871796048, 0.2963963940467279, 0.13907360497708465, 0.10297940122864055, 0.11081528580235678, 0.11520098579373426, 0.6478919058449505, 1.0]"
199,estradiol,"[486, 500, 519, 551, 575, 630, 735, 788, 816, 903, 931, 967, 1011, 1055, 1117, 1132, 1168, 1185, 1203, 1243, 1259, 1289, 1300, 1327, 1343, 1438, 1511, 1591, 1612, 1634]","[0.14632319793661158, 0.23972403419996424, 0.19095063933728512, 0.4350442790488984, 0.14519503949629148, 0.16791816409511376, 0.6243421936927874, 0.16807375576587272, 0.5340387595650865, 0.27762235197597984, 0.25637689781371714, 0.38631372921572515, 0.6885704135902883, 0.1613261304062997, 0.3912534331832196, 0.2336616033852734, 0.2691102946002792, 0.24484596861769023, 0.22063441973575282, 0.48274804959634315, 0.7346375219783531, 0.3090450393706619, 0.3263999452736046, 0.43685825266374034, 0.32806548372097133, 0.5265882998149383, 0.12091900125321224, 0.3131381773503246, 0.796003181631678, 1.0]"
200,estriol,"[486, 502, 519, 550, 629, 677, 736, 788, 815, 905, 930, 965, 1007, 1057, 1117, 1132, 1168, 1186, 1203, 1241, 1261, 1287, 1300, 1327, 1342, 1436, 1511, 1590, 1612, 1634]","[0.1446153729240206, 0.23899392525297153, 0.19857000006532308, 0.4378142941276685, 0.17056548563129104, 0.07431260361073062, 0.632164090809628, 0.1673800451594514, 0.5363861865634748, 0.28384596742031, 0.2568762445226318, 0.38872726603229335, 0.6891390354864241, 0.15731150231928243, 0.388178179637044, 0.22878298207768497, 0.26443833697151214, 0.2473257590247485, 0.2157248137629355, 0.4869968113921327, 0.7331562906815259, 0.3129731898672263, 0.3221013885516795, 0.4331581928342056, 0.32435216814213974, 0.5311392486203129, 0.1156007460641414, 0.3112697004632877, 0.8031866044279151, 1.0]"
201,estrone,"[515, 589, 647, 724, 792, 830, 899, 938, 963, 1000, 1054, 1115, 1139, 1170, 1192, 1227, 1258, 1292, 1340, 1400, 1442, 1464, 1586, 1623, 1719]","[0.31076635883416875, 0.3406158212405842, 0.17604105082763266, 1.0, 0.17741538992559752, 0.2060488741266019, 0.12441972171882934, 0.24540818451418348, 0.3135606090887186, 0.22622458606159482, 0.07617341332224148, 0.1319739847661973, 0.1413611876229265, 0.1886325117325789, 0.19911774937553434, 0.20153848884125117, 0.6750458729768265, 0.2678522856337715, 0.2402630880086608, 0.24441292709274776, 0.31740050495786964, 0.24986382146581407, 0.2604582545895873, 0.324002790406077, 0.39030023119208096]"
202,ethinylestradiol,"[458, 500, 524, 546, 595, 621, 714, 734, 788, 828, 878, 931, 956, 972, 1009, 1111, 1135, 1164, 1179, 1202, 1237, 1259, 1288, 1308, 1337, 1390, 1434, 1451, 1585, 1616]","[0.2312593090385211, 0.6577679138380346, 0.3647324296426233, 0.13463001106336148, 0.6816484836816029, 0.4236118519004933, 1.0, 0.7225275466675067, 0.2031473985256845, 0.18871555805109116, 0.1352383899629328, 0.4611536723887948, 0.34765065779412846, 0.28384733385041583, 0.4907165333042121, 0.27814838096730615, 0.25177916269696626, 0.3643816600468744, 0.35055624382780426, 0.28704687768706344, 0.5879360436296244, 0.536869812637639, 0.3581863090823446, 0.36479244179534087, 0.3257150540051397, 0.1656737485524739, 0.6185305349112971, 0.414827506223993, 0.1842956737133152, 0.37351396841009266]"
