id,sample_id,actual_class,actual_quantity,pred_quantity
15229,53848,amoxicillin,100,62.66983805536079
15233,53697,amoxicillin,100,107.37476135221269
15236,53703,amoxicillin,100,58.594299840943854
15238,53703,amoxicillin,100,60.836432944488415
15253,53712,amoxicillin,80,77.7049147938904
15261,53713,amoxicillin,80,91.4243883016794
15265,53697,amoxicillin,100,113.5640468688407
15266,53712,amoxicillin,80,63.31130213127149
15268,53723,amoxicillin,80,94.82715367766944
15278,53721,amoxicillin,100,93.59836429797868
15281,53848,amoxicillin,100,76.65904857908068
15285,53717,amoxicillin,80,60.49727449100189
15286,53696,amoxicillin,100,107.34375476860828
15287,53696,amoxicillin,100,104.89004212374718
15289,53721,amoxicillin,100,79.95587221435683
15292,53734,amoxicillin,80,91.6017735015583
15294,53723,amoxicillin,80,49.1032003598862
15297,53713,amoxicillin,80,89.25397919463394
15302,53715,amoxicillin,80,69.32973735337895
15310,53742,amoxicillin,50,68.70363112794738
15311,53742,amoxicillin,50,63.57570798394031
15312,53740,amoxicillin,50,42.11478942500172
15315,53742,amoxicillin,50,69.89516281838935
15316,53740,amoxicillin,50,47.72397314251385
15320,53882,amoxicillin,50,67.27083424723303
15321,53737,amoxicillin,50,58.65658018778792
15322,53738,amoxicillin,50,59.04238638457754
15326,53717,amoxicillin,80,51.423862675947646
15327,53450,amoxicillin,80,38.53261545573785
15328,53450,amoxicillin,80,36.266138421157336
15329,53450,amoxicillin,80,30.229090402468422
15330,53450,amoxicillin,80,34.29362184824093
15336,53734,amoxicillin,80,75.80083322222586
15337,53715,amoxicillin,80,52.10311355311567
15345,53697,amoxicillin,100,95.25788632820424
15348,53703,amoxicillin,100,63.928326897329605
15349,53712,amoxicillin,80,66.55510265824672
15352,53848,amoxicillin,100,74.36847391290755
15357,53703,amoxicillin,100,88.8108024025878
15364,53696,amoxicillin,100,105.08000351634266
15373,53696,amoxicillin,100,116.8065926198282
15379,53697,amoxicillin,100,101.87900144681451
15382,53848,amoxicillin,100,66.72230606513524
15400,53882,amoxicillin,50,53.99700342537264
15403,52553,amoxicillin,20,53.97457514882832
15405,52553,amoxicillin,20,61.19269700253096
15413,53890,amoxicillin,20,38.33686090756552
15415,52552,amoxicillin,50,48.77851911801743
15416,53877,amoxicillin,50,69.76878961827316
15425,53742,amoxicillin,50,82.02371909556882
15427,53737,amoxicillin,50,65.9449403218637
15433,52552,amoxicillin,50,54.06671415891015
15434,53877,amoxicillin,50,51.68927099550159
15441,53738,amoxicillin,50,62.92912997746125
15447,53882,amoxicillin,50,33.51350473663342
15450,53740,amoxicillin,50,30.04538070942364
15452,53738,amoxicillin,50,54.430314100841215
15456,53456,amoxicillin,20,31.07823690575368
15462,53458,amoxicillin,20,18.329682849902856
15463,53452,amoxicillin,20,11.705744886541792
15464,53453,amoxicillin,20,12.245901901826905
15472,52553,amoxicillin,20,42.36139435717348
15476,53890,amoxicillin,20,42.647842688173455
15482,53458,amoxicillin,20,16.261814751837697
15483,53452,amoxicillin,20,9.781716320192876
15484,53453,amoxicillin,20,26.38716599093771
15488,53461,amoxicillin,20,-12.90242017950327
15493,53458,amoxicillin,20,18.43191321590497
15494,53452,amoxicillin,20,15.27274190840786
15495,53453,amoxicillin,20,28.17756887294428
15498,53453,amoxicillin,20,24.626676281798872
15499,53452,amoxicillin,20,0.1423659497001317
15500,53458,amoxicillin,20,21.66976573545237
15506,53456,amoxicillin,20,25.90402101774256
15509,53461,amoxicillin,20,-13.564938030404363
15515,53461,amoxicillin,20,-12.866361779750974
15517,53456,amoxicillin,20,13.998192403566144
15525,53873,chloroquine,100,139.25412166403672
15529,53874,chloroquine,100,102.6890425808171
15538,53851,chloroquine,100,89.53969766072441
15544,53447,chloroquine,100,115.89405752644085
15547,53447,chloroquine,100,107.17298802877642
15563,53873,chloroquine,100,118.52802860473922
15564,53874,chloroquine,100,102.64506280274156
15565,53447,chloroquine,100,114.63797767051804
15566,53851,chloroquine,100,93.57844302972984
15570,53857,chloroquine,100,89.42844813115896
15574,53868,chloroquine,100,112.8199238667841
15578,53869,chloroquine,100,102.6439844418885
15579,53857,chloroquine,100,95.67357718578712
15583,53869,chloroquine,100,99.07818884013348
15584,53868,chloroquine,100,118.33439999007544
15588,53796,hydroxychloroquine,100,94.99392607638798
15593,53796,hydroxychloroquine,100,89.51696962768402
15594,53786,hydroxychloroquine,100,84.78695609296895
15596,53784,hydroxychloroquine,100,102.10622846611456
15598,53784,hydroxychloroquine,100,107.91599225083267
15600,53786,hydroxychloroquine,100,91.95808005482162
15601,53796,hydroxychloroquine,100,98.56153358921648
15613,53771,hydroxychloroquine,100,71.6702622547188
15616,53783,hydroxychloroquine,100,91.82386668719644
15619,53771,hydroxychloroquine,100,65.25663693392676
15622,53783,hydroxychloroquine,100,100.74246343031145
15624,53788,hydroxychloroquine,100,91.0000176770863
15626,53791,hydroxychloroquine,100,102.99520707185144
15630,53771,hydroxychloroquine,100,65.27913020199485
15645,53899,hydroxychloroquine,80,47.74845097855746
15646,53814,hydroxychloroquine,80,100.34301180163538
15649,53783,hydroxychloroquine,100,107.19650650695765
15650,53800,hydroxychloroquine,80,95.4647764298086
15652,53801,hydroxychloroquine,80,109.00371365799496
15667,53464,hydroxychloroquine,80,88.83994269114893
15668,53807,hydroxychloroquine,80,88.45183206192596
15671,53801,hydroxychloroquine,80,107.64922450226834
15672,53464,hydroxychloroquine,80,92.93080232647488
15673,53807,hydroxychloroquine,80,80.99410051439412
15683,53899,hydroxychloroquine,80,59.62197254232018
15687,53771,hydroxychloroquine,100,71.38576118728017
15688,53788,hydroxychloroquine,100,95.58847689594144
15696,53814,hydroxychloroquine,80,96.56508628614168
15702,53791,hydroxychloroquine,100,98.67648906864284
15706,53791,hydroxychloroquine,100,107.70927620168106
15712,53800,hydroxychloroquine,80,103.37929795585892
15717,53814,hydroxychloroquine,80,101.06489805518136
15726,53807,hydroxychloroquine,80,99.25488858938088
15741,53771,hydroxychloroquine,100,80.16806484498575
15743,53814,hydroxychloroquine,80,106.24191505678868
15744,53899,hydroxychloroquine,80,51.19532678775008
15753,53783,hydroxychloroquine,100,98.95159825849711
15768,53464,hydroxychloroquine,80,91.799072774501
15777,53791,hydroxychloroquine,100,108.73063389903886
15779,53899,hydroxychloroquine,80,51.69218532186002
15780,53788,hydroxychloroquine,100,87.67343073841803
15786,53771,hydroxychloroquine,100,76.14617396961032
15791,53788,hydroxychloroquine,100,94.18437960954506
15793,53783,hydroxychloroquine,100,96.92141493969372
15815,52571,hydroxychloroquine,50,39.46885643532729
15817,52565,hydroxychloroquine,50,42.56202349389218
15818,52565,hydroxychloroquine,50,33.38314189148028
15823,52571,hydroxychloroquine,50,39.58323538651152
15829,52565,hydroxychloroquine,50,45.39163083275172
15832,52571,hydroxychloroquine,50,37.1348427276431
15836,53021,hydroxychloroquine,50,45.54676262908895
15839,52565,hydroxychloroquine,50,40.80314315315568
15842,53021,hydroxychloroquine,50,50.22974611208532
15863,53016,hydroxychloroquine,50,61.08498716084637
15864,51712,hydroxychloroquine,50,27.340100829284676
15867,52565,hydroxychloroquine,50,39.84280065282286
15869,52571,hydroxychloroquine,50,35.57400460927098
15872,52567,hydroxychloroquine,50,44.417451719055954
15873,53021,hydroxychloroquine,50,48.76427482357125
15874,52564,hydroxychloroquine,50,24.45432716417629
15885,52564,hydroxychloroquine,50,32.8962489369024
15889,52567,hydroxychloroquine,50,42.92145567514432
15903,51712,hydroxychloroquine,50,24.19023275827205
15904,53016,hydroxychloroquine,50,58.13874144189076
15905,53021,hydroxychloroquine,50,52.84761807406595
15906,52571,hydroxychloroquine,50,39.362015688463245
15907,52565,hydroxychloroquine,50,41.94400968365538
15911,52564,hydroxychloroquine,50,28.660490675737623
15912,52567,hydroxychloroquine,50,48.88063596774731
15916,53016,hydroxychloroquine,50,53.11256136894316
15919,51712,hydroxychloroquine,50,32.0939685201361
15923,52564,hydroxychloroquine,50,27.12942935797271
15924,52567,hydroxychloroquine,50,42.49971357269838
15927,51712,hydroxychloroquine,50,22.747626773564534
15928,53016,hydroxychloroquine,50,52.859544120008586
15929,51734,hydroxychloroquine,20,27.21872330492182
15938,51731,hydroxychloroquine,20,14.294439196841342
15939,51728,hydroxychloroquine,20,39.43067113687242
15940,51729,hydroxychloroquine,20,40.8351482009157
15956,53001,hydroxychloroquine,20,25.354236652001404
15958,53006,hydroxychloroquine,20,21.11781919162511
15959,51720,hydroxychloroquine,20,32.39028393169815
15972,51720,hydroxychloroquine,20,27.4097541535363
15981,51731,hydroxychloroquine,20,13.81925356832451
15982,51728,hydroxychloroquine,20,42.75627603448298
15983,51729,hydroxychloroquine,20,48.1828811681102
15985,53001,hydroxychloroquine,20,26.06785581870756
15991,51734,hydroxychloroquine,20,26.669375059759638
16003,53672,promethazine-hydrochloride,100,93.93097635499284
16007,51732,promethazine-hydrochloride,100,68.73645089744196
16014,53675,promethazine-hydrochloride,100,116.23410168490616
16015,53014,promethazine-hydrochloride,100,86.92789372781314
16016,53010,promethazine-hydrochloride,100,114.53785046664903
16024,53672,promethazine-hydrochloride,100,98.01648888321137
16030,51732,promethazine-hydrochloride,100,49.94821988043982
16037,53675,promethazine-hydrochloride,100,121.01117505746237
16039,53014,promethazine-hydrochloride,100,61.67209290120218
16040,53010,promethazine-hydrochloride,100,103.9317988495536
16047,51743,promethazine-hydrochloride,100,89.40881942332756
16051,51743,promethazine-hydrochloride,100,85.3687482187367
16052,52993,promethazine-hydrochloride,80,40.279928243186205
16054,51704,promethazine-hydrochloride,80,70.1874728789895
16055,52993,promethazine-hydrochloride,80,51.00168985878501
16057,53680,promethazine-hydrochloride,80,85.58770473969616
16069,51704,promethazine-hydrochloride,80,72.14948903746101
16074,51714,promethazine-hydrochloride,80,97.60550137506118
16075,53680,promethazine-hydrochloride,80,93.39531360698852
16089,52576,promethazine-hydrochloride,80,89.57157362027291
16092,51715,promethazine-hydrochloride,80,85.26588917581239
16093,51719,promethazine-hydrochloride,80,84.82740749840339
16094,53026,promethazine-hydrochloride,50,57.411380637236114
16098,52568,promethazine-hydrochloride,50,58.13006823332268
16105,53530,promethazine-hydrochloride,50,50.51026311297522
16107,53031,promethazine-hydrochloride,50,55.20781155365058
16111,53024,promethazine-hydrochloride,50,73.80335771464118
16112,52583,promethazine-hydrochloride,50,40.484534458556254
16113,53028,promethazine-hydrochloride,50,93.17863321000472
16119,53031,promethazine-hydrochloride,50,60.71867331232168
16122,53024,promethazine-hydrochloride,50,71.39320568298415
16123,52583,promethazine-hydrochloride,50,32.504381753093426
16124,53028,promethazine-hydrochloride,50,102.93386491855678
16127,53026,promethazine-hydrochloride,50,57.14830766720946
16135,53530,promethazine-hydrochloride,50,59.31903504659737
16138,52568,promethazine-hydrochloride,50,65.71484768505601
16143,53031,promethazine-hydrochloride,50,58.30788638460159
16147,53024,promethazine-hydrochloride,50,61.05583705255436
16148,52583,promethazine-hydrochloride,50,39.65031601474386
16149,53028,promethazine-hydrochloride,50,92.30466170199524
16151,53026,promethazine-hydrochloride,50,67.61392618356096
16159,53530,promethazine-hydrochloride,50,50.1784955602339
16164,53572,promethazine-hydrochloride,20,15.243103549433748
16167,53559,promethazine-hydrochloride,20,7.078642315092445
16172,53495,promethazine-hydrochloride,20,26.191874093360926
16175,53535,promethazine-hydrochloride,20,39.201444445604025
16180,53557,promethazine-hydrochloride,20,31.123705204176574
16182,53557,promethazine-hydrochloride,20,25.16258655355309
16184,53572,promethazine-hydrochloride,20,19.829402769476204
16187,53559,promethazine-hydrochloride,20,2.300702782926315
16192,53495,promethazine-hydrochloride,20,22.654871955538805
16195,53535,promethazine-hydrochloride,20,37.77947230160251
16198,53534,promethazine-hydrochloride,20,15.660826409141356
16204,53534,promethazine-hydrochloride,20,1.2568711104574604
16211,53026,promethazine-hydrochloride,50,71.09564545033818
16215,53028,promethazine-hydrochloride,50,100.1662902433748
16220,53031,promethazine-hydrochloride,50,65.16971209441022
16222,53024,promethazine-hydrochloride,50,66.59977949975044
16223,52568,promethazine-hydrochloride,50,62.71558775776018
16224,52568,promethazine-hydrochloride,50,59.9143145557016
16227,52583,promethazine-hydrochloride,50,32.95984728575928
16236,53650,ampicillin,100,87.58839732175127
16237,53649,ampicillin,100,41.92193595046714
16245,53649,ampicillin,100,54.22368329541224
16246,53650,ampicillin,100,81.04508877261031
16252,53657,ampicillin,100,88.98854995285063
16259,53657,ampicillin,100,99.41767436779948
16265,53659,ampicillin,100,95.284398185036
16271,53660,ampicillin,100,75.29231782149043
16275,53567,ampicillin,100,77.52219724945883
16277,53660,ampicillin,100,71.59105525842494
16281,53567,ampicillin,100,69.83221174200446
16283,53644,ampicillin,100,95.47994175105994
16285,53644,ampicillin,100,95.77609450749704
16289,53601,ampicillin,100,94.61188534747232
16292,53664,ampicillin,100,79.04323207310836
16294,53601,ampicillin,100,95.8957786902961
16302,53637,ampicillin,80,80.13093194049402
16303,53670,ampicillin,100,72.29042538953844
16309,53670,ampicillin,100,78.5850499041552
16314,53501,ampicillin,80,75.08322743814111
16315,53472,ampicillin,80,85.50879821647044
16318,53637,ampicillin,80,69.55302392198023
16319,53633,ampicillin,80,75.54576424513527
16324,53633,ampicillin,80,70.70033923186729
16330,53582,ampicillin,80,72.0699625219483
16351,53582,ampicillin,80,75.33284195766079
16355,53502,ampicillin,80,66.41141085923843
16359,53502,ampicillin,80,76.64043931046973
16370,53584,ampicillin,50,84.35962797389736
16380,53584,ampicillin,50,82.74599423100268
16385,53578,ampicillin,50,80.08896268025846
16389,53578,ampicillin,50,80.3020373567131
16390,53490,ampicillin,50,69.1055275520757
16404,53489,ampicillin,50,45.81283712924949
16407,53513,ampicillin,50,20.55588658589448
16408,53518,ampicillin,50,31.364994119473547
16414,53578,ampicillin,50,77.58690818566095
16420,53513,ampicillin,50,44.603893698823136
16421,53518,ampicillin,50,45.05388302027972
16434,53562,ampicillin,20,30.24998869021884
16447,53512,ampicillin,20,65.77881118255976
16454,53553,ampicillin,20,18.09036103196158
16455,53543,ampicillin,20,21.85658033273408
16456,53623,ampicillin,20,26.71827685321188
16462,53550,ampicillin,20,1.8135493248230468
16465,53553,ampicillin,20,5.102812372332394
16466,53543,ampicillin,20,27.631277243903643
16467,53623,ampicillin,20,12.0937848413079
16468,53548,ampicillin,20,51.94409875781408
16473,53548,ampicillin,20,56.71389018419087
16483,53550,ampicillin,20,0.1944129553108879
16491,53424,albendazole,100,129.0784089884796
16492,53355,albendazole,100,56.13066148429509
16493,53429,albendazole,100,82.54178269536686
16497,53355,albendazole,100,49.672759697187686
16498,53429,albendazole,100,71.784370255292
16504,53353,albendazole,100,42.29350959698098
16506,53328,albendazole,100,120.59470026298128
16514,53329,albendazole,100,109.02009193221542
16515,53425,albendazole,100,105.45342258361045
16519,53353,albendazole,100,58.88177264881868
16530,53328,albendazole,100,111.51349251131364
16536,53329,albendazole,100,101.47044442501668
16538,53430,albendazole,100,93.34318672307975
16541,53422,albendazole,80,85.42471793020829
16546,53422,albendazole,80,88.10612438679425
16554,53316,albendazole,80,39.860949755834255
16555,53316,albendazole,80,45.60506053354187
16558,53406,albendazole,80,70.73219323538014
16567,53324,albendazole,80,63.69416768045412
16571,53335,albendazole,80,63.84350555061482
16572,53325,albendazole,80,72.63937647882199
16574,53327,albendazole,80,95.36336981662978
16577,53316,albendazole,80,25.07812734532813
16579,53406,albendazole,80,51.706693665992574
16581,53406,albendazole,80,76.79750513573156
16583,53324,albendazole,80,64.86946127286927
16588,53325,albendazole,80,65.80707766688398
16594,53335,albendazole,80,60.19621261846673
16595,53327,albendazole,80,92.47331663580016
16596,53324,albendazole,80,71.2374019716696
16601,53312,albendazole,50,52.76268801151633
16604,53414,albendazole,50,75.30276114203942
16605,53304,albendazole,50,87.96180097975895
16606,53313,albendazole,50,74.17573165846807
16608,53312,albendazole,50,55.18751756238028
16615,53315,albendazole,50,27.624805925754064
16616,53393,albendazole,50,35.531275916979226
16623,53396,albendazole,50,58.14194994171414
16627,53393,albendazole,50,38.81430670339009
16629,53313,albendazole,50,76.10933445376551
16630,53414,albendazole,50,64.66682526157389
16631,53304,albendazole,50,78.81361708823704
16632,53304,albendazole,50,79.96202129038669
16647,53315,albendazole,50,11.74856484727546
16648,53396,albendazole,50,56.40163808666596
16650,53049,ciprofloxacin,100,79.55163520768568
16657,53049,ciprofloxacin,100,74.4769963057164
16659,53040,ciprofloxacin,100,71.7211585702551
16665,53053,ciprofloxacin,100,83.07878182814115
16669,53040,ciprofloxacin,100,71.12863210901632
16670,53048,ciprofloxacin,100,84.39902086006876
16673,53053,ciprofloxacin,100,84.43748164992134
16678,53145,ciprofloxacin,100,91.44188697141416
16680,53048,ciprofloxacin,100,86.5945594046874
16683,53151,ciprofloxacin,100,109.48789210808968
16685,53150,ciprofloxacin,100,82.59567304924846
16686,53234,ciprofloxacin,100,39.03447322960265
16692,53145,ciprofloxacin,100,90.80609488928866
16696,53151,ciprofloxacin,100,109.9509486055267
16698,53150,ciprofloxacin,100,80.53273993003154
16702,53234,ciprofloxacin,100,44.66299487517151
16713,53137,ciprofloxacin,80,58.90636222497715
16714,53139,ciprofloxacin,80,63.27927239720452
16727,53065,ciprofloxacin,80,65.81088418472402
16736,53137,ciprofloxacin,80,51.84047645017282
16741,53170,ciprofloxacin,80,52.11819197237274
16745,53174,ciprofloxacin,80,53.79498488001754
16747,53173,ciprofloxacin,80,67.48905424931552
16749,53066,ciprofloxacin,80,37.69419849813858
16752,53170,ciprofloxacin,80,50.38457456710768
16756,53174,ciprofloxacin,80,55.768784989360206
16758,53173,ciprofloxacin,80,68.04779824226426
16761,53066,ciprofloxacin,80,30.20283545316915
16762,53049,ciprofloxacin,100,76.5362994446729
16764,53065,ciprofloxacin,80,42.948809081692815
16772,53204,ciprofloxacin,50,43.17477601048535
16778,53153,ciprofloxacin,50,9.831856324458291
16782,53206,ciprofloxacin,50,46.09342463716133
16784,53204,ciprofloxacin,50,53.576757292306354
16786,53402,albendazole,20,47.70922300508387
16796,53206,ciprofloxacin,50,46.58232063319937
16798,53099,ciprofloxacin,50,59.93223117071065
16806,53097,ciprofloxacin,50,42.618209859167656
16812,53099,ciprofloxacin,50,60.89475681276147
16819,53137,ciprofloxacin,80,77.10715840500058
16820,53048,ciprofloxacin,100,86.42797360658608
16822,53053,ciprofloxacin,100,63.18997481806323
16830,53301,albendazole,20,56.04135802446849
16836,53150,ciprofloxacin,100,84.76710015309033
16850,53049,ciprofloxacin,100,77.81484233078788
16856,53053,ciprofloxacin,100,80.41138466203138
16862,53091,ciprofloxacin,50,77.02955649467663
16863,53090,ciprofloxacin,50,30.300835817995107
16866,53057,ciprofloxacin,20,8.589467267294706
16867,53091,ciprofloxacin,50,72.84264974355763
16868,53117,ciprofloxacin,20,1.0758356889238492
16870,53117,ciprofloxacin,20,8.040621541261476
16871,53162,ciprofloxacin,20,66.42743451733452
16873,53090,ciprofloxacin,50,39.23698293750781
16878,53118,ciprofloxacin,20,39.00733997351527
16880,53166,ciprofloxacin,20,25.51371223337274
16882,53065,ciprofloxacin,80,57.50440099161721
16888,53162,ciprofloxacin,20,62.78985783926262
16889,53160,ciprofloxacin,20,34.84596408350957
16895,53232,albendazole,20,29.21451285390553
16901,53048,ciprofloxacin,100,90.3576753552324
16906,53234,ciprofloxacin,100,36.99922581817774
16909,53232,albendazole,20,33.87747176942822
16914,53150,ciprofloxacin,100,86.97452561533642
16919,53040,ciprofloxacin,100,80.44755135333872
16922,53301,albendazole,20,58.55270947615841
16924,53066,ciprofloxacin,80,66.61166427089063
16926,53097,ciprofloxacin,50,40.62482775813146
16927,53145,ciprofloxacin,100,74.3968731651439
16946,53242,albendazole,20,49.850948702732765
16954,53151,ciprofloxacin,100,115.05331190584526
16960,53303,albendazole,20,50.34715679342473
16966,53162,ciprofloxacin,20,55.3800216577914
16968,53117,ciprofloxacin,20,-7.608541576024805
16970,53118,ciprofloxacin,20,30.23517803830592
16971,53057,ciprofloxacin,20,-3.82026853570034
16974,53166,ciprofloxacin,20,26.10567381623251
16976,53160,ciprofloxacin,20,29.7473938742856
16978,53117,ciprofloxacin,20,-7.207718098900408
16984,53338,albendazole,20,38.21009543660371
16988,53242,albendazole,20,60.80024525499478
16989,53234,ciprofloxacin,100,62.56473347289764
16992,53145,ciprofloxacin,100,92.81525561964584
16994,53243,albendazole,20,24.63249180800746
17001,53040,ciprofloxacin,100,86.49293192255166
17003,53402,albendazole,20,56.9551518900719
17004,53151,ciprofloxacin,100,117.35556707317158
17006,53303,albendazole,20,86.96593717134797
17007,53243,albendazole,20,9.393274298094294
17019,53057,ciprofloxacin,20,-0.7904550648704287
17027,53162,ciprofloxacin,20,55.90144723255753
17032,53117,ciprofloxacin,20,-6.764319309607906
17038,53118,ciprofloxacin,20,37.38634478131426
17041,53166,ciprofloxacin,20,36.31338807827026
17046,53160,ciprofloxacin,20,25.587058261358965
17048,53057,ciprofloxacin,20,3.0109608652852597
17056,53222,ciprofloxacin,20,17.371511998176725
17063,53118,ciprofloxacin,20,36.37732560044203
17065,53160,ciprofloxacin,20,23.95344690124661
17070,53166,ciprofloxacin,20,38.95103359481119
17078,53222,ciprofloxacin,20,18.951500927347308
17091,53222,ciprofloxacin,20,23.931654579383515
17092,53222,ciprofloxacin,20,22.24935041333046
17109,53126,lactose,100,-1.0
17111,53121,lactose,100,-1.0
17118,53126,lactose,100,-1.0
17120,53121,lactose,100,-1.0
17121,53124,lactose,100,-1.0
17124,53126,lactose,100,-1.0
17126,53121,lactose,100,-1.0
17127,53124,lactose,100,-1.0
17137,53211,lactose,100,-1.0
17138,53208,lactose,100,-1.0
17142,53121,lactose,100,-1.0
17147,53126,lactose,100,-1.0
17150,53211,lactose,100,-1.0
17152,53226,lactose,100,-1.0
17153,53124,lactose,100,-1.0
17155,53208,lactose,100,-1.0
17158,53211,lactose,100,-1.0
17162,53075,lactose,100,-1.0
17345,52516,benzyl-penicillin,100,82.34805883825773
17379,52516,benzyl-penicillin,100,69.05449270482845
17396,52516,benzyl-penicillin,100,75.35762762622156
17431,52375,benzyl-penicillin,100,48.64354008034724
17455,52369,benzyl-penicillin,100,67.88214946943557
17458,52363,benzyl-penicillin,80,60.69841064782271
17478,52363,benzyl-penicillin,80,57.17511326500376
17489,52363,benzyl-penicillin,80,57.485289103217966
17502,52349,benzyl-penicillin,80,90.07701539197986
17514,52349,benzyl-penicillin,80,91.35269272924948
17535,52363,benzyl-penicillin,80,65.17163943857133
17547,52422,benzyl-penicillin,80,103.45302310563623
17556,52422,benzyl-penicillin,80,98.65507593351174
17560,52349,benzyl-penicillin,80,87.99775355482524
17564,52422,benzyl-penicillin,80,107.37451903223264
17597,52356,benzyl-penicillin,50,6.786893581087137
17617,52358,benzyl-penicillin,50,81.58259768973004
17650,52356,benzyl-penicillin,50,16.632612530955708
17656,52358,benzyl-penicillin,50,89.74822483826783
17670,53198,benzyl-penicillin,20,36.36352427687764
17707,53197,benzyl-penicillin,20,47.19598252478753
17710,53198,benzyl-penicillin,20,30.620626883341554
17720,53198,benzyl-penicillin,20,26.76392015134841
17747,53197,benzyl-penicillin,20,35.20423101795822
17750,53198,benzyl-penicillin,20,26.43037945780589
17756,52530,benzyl-penicillin,20,38.96579764263388
17776,53180,isoniazid,100,87.5851271033289
17784,53180,isoniazid,100,77.3550072330444
17793,53187,isoniazid,100,50.60496145734992
17794,52340,isoniazid,100,109.6737896416896
17799,52338,isoniazid,100,104.70522127167588
17808,52336,isoniazid,100,104.28767410698036
17812,53180,isoniazid,100,85.54723400279228
17817,52336,isoniazid,100,101.13191958029417
17820,52209,isoniazid,100,100.30284705750115
17823,52340,isoniazid,100,107.9586552392428
17827,52338,isoniazid,100,111.9088292227658
17830,52336,isoniazid,100,100.9299476191321
17837,53180,isoniazid,100,98.75866305913148
17850,52221,isoniazid,100,106.9026226985292
17859,52221,isoniazid,100,109.40524013276274
17866,52340,isoniazid,100,103.0089896661445
17871,52221,isoniazid,100,103.29045177813278
17888,52340,isoniazid,100,106.7302436773093
17933,52470,isoniazid,80,48.26680350195281
17934,52464,isoniazid,80,64.75649799221091
17935,52469,isoniazid,80,60.46777226201532
17937,52465,isoniazid,80,68.76279268819992
17938,52465,isoniazid,80,69.58524957290143
17939,52469,isoniazid,80,70.82176091659332
17940,52464,isoniazid,80,69.01335934369054
17947,52323,isoniazid,80,95.91569672292242
17948,52470,isoniazid,80,48.879228322913775
17949,52464,isoniazid,80,63.35738683711183
17950,52469,isoniazid,80,57.72830064377147
17952,52465,isoniazid,80,81.12895002649157
17960,52223,isoniazid,80,81.39461994530245
17962,52323,isoniazid,80,102.72329928339676
17968,52223,isoniazid,80,72.05205480062553
17970,52321,isoniazid,80,76.54481988680597
17974,52321,isoniazid,80,64.77134576325639
17991,52463,isoniazid,50,59.66023848574566
17992,52461,isoniazid,50,49.943689739014594
17997,52441,isoniazid,50,55.21612707371665
17998,52456,isoniazid,50,64.2923691379244
18001,52321,isoniazid,80,46.102704687945085
18005,52465,isoniazid,80,81.96100854463619
18011,52321,isoniazid,80,66.07418130621099
18012,52464,isoniazid,80,65.50074342178245
18032,52463,isoniazid,50,57.25649844438536
18033,52461,isoniazid,50,48.01920658463579
18039,52469,isoniazid,80,73.65607234378972
18040,52494,isoniazid,20,14.789672201162352
18041,52478,isoniazid,50,53.789972612643695
18042,52494,isoniazid,20,-1.5888464043432275
18043,52223,isoniazid,80,78.59126783139963
18050,52921,isoniazid,20,19.19293856234536
18051,52500,isoniazid,20,46.79200990233908
18054,52470,isoniazid,80,50.5789758510881
18062,52491,isoniazid,20,26.32703319569235
18064,52500,isoniazid,20,31.212674465568018
18066,52921,isoniazid,20,24.72738516229008
18069,52500,isoniazid,20,35.26944500660199
18070,52491,isoniazid,20,18.31578931102713
18072,52478,isoniazid,50,40.43737429690778
18085,52323,isoniazid,80,101.32210096462092
18093,52222,isoniazid,80,77.92015768270268
18096,52491,isoniazid,20,14.352290488149045
18105,52478,isoniazid,50,46.28918597928122
18106,52473,isoniazid,50,49.5745311965496
18112,52461,isoniazid,50,45.96455506903127
18113,52494,isoniazid,20,-12.65191164146015
18122,52494,isoniazid,20,2.0650828593547725
18142,52490,isoniazid,20,5.672178511948104
18147,52478,isoniazid,50,56.627717130176585
18155,52463,isoniazid,50,61.22117618396106
18169,52458,isoniazid,20,28.56762402698272
18173,52933,isoniazid,20,36.598471034623046
18175,52463,isoniazid,50,62.00588506984645
18181,52933,isoniazid,20,41.26040319688332
18201,52500,isoniazid,20,49.57307477809986
18204,52223,isoniazid,80,78.00896805201211
18205,52490,isoniazid,20,3.1475394600963087
18207,52461,isoniazid,50,44.0240850806361
18213,52457,isoniazid,50,51.25088278976687
18215,52490,isoniazid,20,8.063478307095103
18395,52456,isoniazid,50,69.19980713588744
18403,52323,isoniazid,80,93.17691145361894
18432,51986,tetracycline,80,78.09485860198112
18433,52036,tetracycline,20,17.67540859648151
18532,52109,tetracycline,100,99.91887258655636
18538,51986,tetracycline,80,71.1235574554912
18539,52066,tetracycline,50,31.13485720577989
18540,52005,tetracycline,50,86.97093270128406
18545,52036,tetracycline,20,20.180145389948606
18546,52086,tetracycline,20,51.15109728520086
18551,52115,tetracycline,100,100.29374257560326
18558,52127,tetracycline,100,70.71272960789275
18563,52091,tetracycline,80,61.36210840217949
18572,52091,tetracycline,80,56.92160903471103
18576,52100,tetracycline,80,77.68057990836621
18590,51986,tetracycline,80,66.03629865408635
18596,52074,tetracycline,50,40.233472288437234
18609,52054,tetracycline,20,10.52065385903553
18613,52942,tetracycline,100,98.43061517752798
18617,52941,tetracycline,100,74.40010522972919
18622,52109,tetracycline,100,100.1663644378833
18627,52092,tetracycline,80,78.24309300235821
18631,52094,tetracycline,80,106.30860500308624
18635,52092,tetracycline,80,78.12072637963865
18649,51984,tetracycline,50,35.07416502963142
18658,52051,tetracycline,20,53.243264865918405
18676,52051,tetracycline,20,36.5759066644538
18682,52086,tetracycline,20,48.04113142202862
18698,52056,tetracycline,20,18.988222832308423
18709,52941,tetracycline,100,83.97533226815808
18714,52125,tetracycline,80,86.57338732615176
18734,52007,tetracycline,50,73.38102959601856
18740,51984,tetracycline,50,23.08942595052469
18742,52061,tetracycline,20,23.085378866468147
18744,52060,tetracycline,50,34.62329775790476
18754,52107,tetracycline,100,100.41251261818104
18760,52125,tetracycline,80,79.9765871098318
18778,52054,tetracycline,20,21.080249107019423
18784,52115,tetracycline,100,95.19331428498238
18786,52942,tetracycline,100,92.1766479201908
18789,52107,tetracycline,100,99.05917964380774
18801,52094,tetracycline,80,102.96422190982454
18804,52100,tetracycline,80,75.7659329820583
18814,52066,tetracycline,50,31.780195707457743
18817,51999,tetracycline,50,16.049479864599032
18820,52005,tetracycline,50,87.88941543907517
18823,52007,tetracycline,50,69.43191641789615
18838,52938,tetracycline,100,95.47784815633187
18852,52097,tetracycline,80,92.1625850083714
18860,52074,tetracycline,50,41.69249572045436
18865,51999,tetracycline,50,7.007850004387706
18874,52127,tetracycline,100,80.06975376730709
18881,52097,tetracycline,80,82.20262330519566
18896,52061,tetracycline,20,16.346944649734056
18899,52052,tetracycline,20,10.408051096870064
18900,52060,tetracycline,50,26.63114564865392
18904,52052,tetracycline,20,16.697080358646783
18907,52056,tetracycline,20,32.0326756697862
18909,52036,tetracycline,20,29.60672845607715
18956,52007,tetracycline,50,69.87174566832624
18958,51984,tetracycline,50,15.994697207308224
18964,52913,ceftriaxone,80,93.31796158054532
18965,52672,ceftriaxone,50,37.47134596827651
18975,52675,ceftriaxone,50,36.47686434688847
18978,52091,tetracycline,80,56.20436528872796
18980,52710,ceftriaxone,50,51.05514215881701
18992,52051,tetracycline,20,43.6280348705992
18996,52905,ceftriaxone,100,98.3680820911706
19001,52640,ceftriaxone,20,1.2756384279234514
19017,52056,tetracycline,20,40.67204090840062
19025,52033,ceftriaxone,100,83.67122899178935
19027,52668,ceftriaxone,20,21.54066615435189
19031,52066,tetracycline,50,39.33670130095958
19032,52885,ceftriaxone,20,12.84747040022314
19035,52036,tetracycline,20,20.465793300051995
19037,52877,ceftriaxone,20,26.312564834350443
19042,52699,ceftriaxone,80,70.92541913535473
19052,52872,ceftriaxone,20,16.045002268042314
19059,52007,tetracycline,50,72.5212224681038
19061,52668,ceftriaxone,20,11.11382635054121
19062,52094,tetracycline,80,100.81004572895188
19068,52937,tetracycline,100,106.96927979746934
19103,52885,ceftriaxone,20,14.520083809029238
19119,52060,tetracycline,50,35.79061266621591
19120,52056,tetracycline,20,37.76209935899984
19123,52881,ceftriaxone,20,3.016689664171171
19125,52640,ceftriaxone,20,14.239704167487137
19128,52109,tetracycline,100,95.91824523576948
19131,52680,ceftriaxone,50,21.746829715033627
19133,52937,tetracycline,100,96.68981300587632
19134,52669,ceftriaxone,20,38.49797010967607
19135,52926,ceftriaxone,80,30.709701147331355
19141,52097,tetracycline,80,82.66196270321826
19144,51999,tetracycline,50,26.05761957178388
19155,52695,ceftriaxone,80,91.43405415248262
19168,52656,ceftriaxone,100,106.61573215053022
19169,52034,ceftriaxone,100,71.17930684474464
19175,52107,tetracycline,100,105.10792917690507
19178,52913,ceftriaxone,80,90.6130303609051
19181,52094,tetracycline,80,88.45444068298771
19186,52941,tetracycline,100,80.19175782870933
19189,52074,tetracycline,50,47.87541500248017
19194,52092,tetracycline,80,83.87438364386935
19199,52872,ceftriaxone,20,15.889962944681647
19201,52092,tetracycline,80,77.77990582190276
19206,52086,tetracycline,20,46.50465613690992
19208,52677,ceftriaxone,50,57.57314003679903
19217,52005,tetracycline,50,77.03710087457796
19218,52677,ceftriaxone,50,57.57314003679903
19219,52107,tetracycline,100,102.49521780295318
19221,52115,tetracycline,100,108.07231810787164
19222,52680,ceftriaxone,50,19.95203877646569
19230,52942,tetracycline,100,100.66486496436298
19234,52675,ceftriaxone,50,37.33345685591293
19235,52052,tetracycline,20,8.278732986849267
19237,52100,tetracycline,80,74.10666070510379
19238,52669,ceftriaxone,20,27.764363423716613
19241,52677,ceftriaxone,50,48.03854744702194
19264,52909,ceftriaxone,100,79.91480230103537
19286,52942,tetracycline,100,108.92776569461444
19291,52649,ceftriaxone,80,84.6590820008414
19294,52672,ceftriaxone,50,36.77835356695335
19302,52046,ceftriaxone,100,76.15879295189258
19311,52656,ceftriaxone,100,103.01953783236723
19313,52881,ceftriaxone,20,10.179464958936473
19317,52697,ceftriaxone,80,86.3614150541779
19325,52673,ceftriaxone,50,76.31282665293531
19330,52697,ceftriaxone,80,76.08309770821738
19337,52941,tetracycline,100,82.07349809580595
19343,52097,tetracycline,80,90.5496323457898
19346,52051,tetracycline,20,45.004436560993945
19351,52066,tetracycline,50,28.306049033859576
19355,52125,tetracycline,80,80.24083666167095
19358,52100,tetracycline,80,77.4531410649783
19362,52005,tetracycline,50,72.17744489085722
19366,52127,tetracycline,100,88.54471966006777
19374,52074,tetracycline,50,35.932334686592576
19377,52061,tetracycline,20,27.91210759123186
19380,51999,tetracycline,50,30.491976026012825
19382,52052,tetracycline,20,17.5051207115622
19383,52648,ceftriaxone,50,55.65569417286945
19387,52115,tetracycline,100,99.80755629470522
19390,52877,ceftriaxone,20,28.745811278892084
19403,52699,ceftriaxone,80,74.14079759062471
19407,52695,ceftriaxone,80,82.27443791515674
19409,52061,tetracycline,20,27.570983935700923
19410,52033,ceftriaxone,100,83.83568642117278
19411,51986,tetracycline,80,70.52727609924702
19419,52109,tetracycline,100,88.60079556758143
19421,52905,ceftriaxone,100,94.81098303016792
19437,52649,ceftriaxone,80,97.92942587921382
19448,52046,ceftriaxone,100,77.23454072974424
19452,52710,ceftriaxone,50,43.95933743611078
19472,52046,ceftriaxone,100,73.50579131822248
19475,52877,ceftriaxone,20,22.75232768669816
19481,52046,ceftriaxone,100,65.09755036779953
19497,52695,ceftriaxone,80,94.80335324525764
19501,52680,ceftriaxone,50,23.804064042160565
19517,52881,ceftriaxone,20,6.698662980383649
19518,52694,ceftriaxone,80,81.01468999937867
19519,52909,ceftriaxone,100,89.73142434087029
19522,52675,ceftriaxone,50,35.27636101100503
19529,52695,ceftriaxone,80,95.61341898322692
19531,52913,ceftriaxone,80,98.83291124415489
19540,52913,ceftriaxone,80,106.59124719613273
19542,52699,ceftriaxone,80,72.35238529034524
19546,52904,ceftriaxone,100,63.74361617600295
19549,52909,ceftriaxone,100,81.17147100081701
19551,52905,ceftriaxone,100,95.7020347882668
19553,52672,ceftriaxone,50,43.07073983319566
19557,52034,ceftriaxone,100,75.2927494690035
19567,52677,ceftriaxone,50,51.01410113056479
19570,52710,ceftriaxone,50,46.35529370033488
19574,52710,ceftriaxone,50,43.5067803164561
19581,52881,ceftriaxone,20,7.664275057753399
19582,52675,ceftriaxone,50,33.342677772445285
19583,52881,ceftriaxone,20,4.925226330681674
19587,52648,ceftriaxone,50,51.54042185988075
19596,52680,ceftriaxone,50,17.61858947282432
19612,52648,ceftriaxone,50,48.67076691844934
19613,52872,ceftriaxone,20,24.88487405963153
19616,52656,ceftriaxone,100,93.1307258424932
19618,52908,ceftriaxone,100,90.08595070714368
19619,52672,ceftriaxone,50,56.25885454298111
19621,52656,ceftriaxone,100,92.81192382563572
19625,52885,ceftriaxone,20,17.00770602220618
19646,52905,ceftriaxone,100,95.80878106167609
19650,52669,ceftriaxone,20,31.553246982564016
19654,52677,ceftriaxone,50,56.146263275470886
19662,52034,ceftriaxone,100,70.37593075809961
19674,52872,ceftriaxone,20,17.243051729596107
19677,52668,ceftriaxone,20,13.810181281299494
19679,52640,ceftriaxone,20,18.24315782723988
19684,52669,ceftriaxone,20,21.81257741372957
19691,52699,ceftriaxone,80,80.23231818959
19692,52668,ceftriaxone,20,7.640540942213617
19694,52640,ceftriaxone,20,22.01675861454948
19701,52877,ceftriaxone,20,19.069621209324865
19710,52854,sulfamethoxazole,80,61.39129059330012
19718,52844,sulfamethoxazole,80,87.89951484033533
19734,52317,sulfamethoxazole,50,55.57550965760728
19741,52309,sulfamethoxazole,50,67.33683359947614
19748,52302,sulfamethoxazole,20,32.43228393677408
19750,52845,sulfamethoxazole,80,81.73565204910258
19754,52646,sulfamethoxazole,50,37.86261835003366
19756,52865,sulfamethoxazole,100,68.51106079627536
19760,52852,sulfamethoxazole,80,68.83799465484749
19772,52297,sulfamethoxazole,20,30.82071964151015
19774,52844,sulfamethoxazole,80,90.83808692739026
19777,52317,sulfamethoxazole,50,60.34296418078837
19780,52180,sulfamethoxazole,20,12.746378074821164
19784,52856,sulfamethoxazole,100,88.98380289095437
19785,52861,sulfamethoxazole,100,91.71803865530656
19790,52861,sulfamethoxazole,100,84.37774411116527
19792,52639,sulfamethoxazole,80,89.78772217166389
19796,52329,sulfamethoxazole,80,90.95605082379755
19799,52300,sulfamethoxazole,20,-6.548246181115694
19802,52854,sulfamethoxazole,80,62.634983596662266
19803,52300,sulfamethoxazole,20,12.340585799286044
19808,52307,sulfamethoxazole,50,40.81072081793615
19809,52307,sulfamethoxazole,50,53.37478686914801
19821,52297,sulfamethoxazole,20,26.611375622731163
19822,52854,sulfamethoxazole,80,62.542869564178645
19824,52212,sulfamethoxazole,50,42.6659722637464
19829,52302,sulfamethoxazole,20,26.09515183304529
19834,52642,sulfamethoxazole,100,91.58743785505612
19835,52335,sulfamethoxazole,50,69.58841851566463
19843,52848,sulfamethoxazole,100,81.82192617168246
19851,52629,sulfamethoxazole,20,26.743665024351746
19856,52212,sulfamethoxazole,50,70.28812397021528
19858,52330,sulfamethoxazole,80,99.32641947632447
19893,52297,sulfamethoxazole,20,35.653681148354245
19905,53530,promethazine-hydrochloride,50,36.90786299534038
19912,51704,promethazine-hydrochloride,80,74.45865063179971
19914,51714,promethazine-hydrochloride,80,79.38896339074898
19919,51719,promethazine-hydrochloride,80,70.94770637116338
19920,51719,promethazine-hydrochloride,80,93.7656227212742
19922,51715,promethazine-hydrochloride,80,85.78659926865137
19933,51715,promethazine-hydrochloride,80,84.20174703606698
19945,51714,promethazine-hydrochloride,80,96.2639159786763
19961,53014,promethazine-hydrochloride,100,79.99723983229663
19962,51732,promethazine-hydrochloride,100,60.276468600395305
19963,53675,promethazine-hydrochloride,100,113.97091863244506
19970,53672,promethazine-hydrochloride,100,98.25761703742664
19980,53672,promethazine-hydrochloride,100,102.72566805137028
19985,53675,promethazine-hydrochloride,100,114.10118746332606
19986,51743,promethazine-hydrochloride,100,80.15773524611546
19987,51732,promethazine-hydrochloride,100,67.07451376712305
19989,51743,promethazine-hydrochloride,100,87.71875204544716
19996,53686,promethazine-hydrochloride,100,85.51963623292079
19997,53014,promethazine-hydrochloride,100,73.63764647354311
20008,51743,promethazine-hydrochloride,100,97.15561339023324
20013,53557,promethazine-hydrochloride,20,17.50779368535362
20018,53572,promethazine-hydrochloride,20,24.61681616813023
20022,53557,promethazine-hydrochloride,20,23.53442373828645
20024,53535,promethazine-hydrochloride,20,41.45599812512904
20027,53534,promethazine-hydrochloride,20,18.292127810843944
20034,53534,promethazine-hydrochloride,20,17.55187589606507
20036,53572,promethazine-hydrochloride,20,26.52776771494491
20041,53495,promethazine-hydrochloride,20,37.14003506937991
20043,53535,promethazine-hydrochloride,20,37.91693817634905
20048,53495,promethazine-hydrochloride,20,41.51072421379552
20053,53559,promethazine-hydrochloride,20,12.725425052827616
20060,53268,doxycycline,20,29.108256735053228
20066,53269,doxycycline,20,41.03890359953187
20071,53269,doxycycline,20,15.72122156595409
20074,53363,doxycycline,20,45.523363806303976
20075,53369,doxycycline,20,27.79896343419146
20076,53373,doxycycline,20,35.52347022142977
20078,53370,doxycycline,20,33.40195322153372
20086,53363,doxycycline,20,31.606714836910005
20090,53369,doxycycline,20,31.984590670682746
20095,53268,doxycycline,20,34.39542029055282
20099,53374,doxycycline,20,39.66506127650781
20101,53370,doxycycline,20,35.891707800469526
20107,53361,doxycycline,20,32.2570204209086
20109,53361,doxycycline,20,29.2663880920654
20124,53287,doxycycline,50,69.88961857876744
20126,53383,doxycycline,50,52.28797990863098
20129,53377,doxycycline,50,56.049681791980696
20138,53377,doxycycline,50,26.135520386102076
20147,53385,doxycycline,50,47.52766269756302
20165,53286,doxycycline,50,57.00994388368586
20169,53272,doxycycline,50,56.65818217436459
20176,53383,doxycycline,50,28.877926820603093
20179,53287,doxycycline,50,54.46028356998495
20181,53244,doxycycline,80,79.4579225033846
20184,53614,doxycycline,80,67.44028661562898
20185,53290,doxycycline,80,77.67742109001085
20190,53350,doxycycline,80,48.91764262954243
20192,53351,doxycycline,80,67.23702077779771
20199,53351,doxycycline,80,81.75939043914487
20201,53289,doxycycline,80,54.651803030100766
20203,53345,doxycycline,80,79.14339597176114
20209,53345,doxycycline,80,95.17418772306031
20211,53244,doxycycline,80,74.19552268865964
20216,53289,doxycycline,80,58.79213839514903
20226,53293,doxycycline,80,70.42926840970848
20228,53293,doxycycline,80,71.96288590006401
20232,53350,doxycycline,80,65.41996123773222
20233,53290,doxycycline,80,80.33345878443615
20239,53629,doxycycline,100,105.51778205116096
20248,53624,doxycycline,100,95.34255162992046
20254,53618,doxycycline,100,114.59631035743904
20255,53483,doxycycline,100,80.43966563159981
20266,53511,doxycycline,100,118.9665438977882
20271,53484,doxycycline,100,41.68437106776857
20273,53618,doxycycline,100,110.54451657185167
20277,53624,doxycycline,100,94.07934426214656
20280,53629,doxycycline,100,91.73321149566269
20284,53509,doxycycline,100,56.71967060416976
20285,53628,doxycycline,100,82.41631898309564
20295,53628,doxycycline,100,81.26047353148076
20299,53484,doxycycline,100,49.08736932361752
20317,53826,chloroquine,20,24.542913531437332
20319,53768,chloroquine,20,24.80358303981846
20324,53821,chloroquine,20,23.54733932290442
20333,53809,chloroquine,20,38.19956159797772
20340,53821,chloroquine,20,33.28903209816812
20343,53809,chloroquine,20,26.104340708051577
20344,53768,chloroquine,20,28.971175141986016
20345,53826,chloroquine,20,26.9350316527838
20349,53768,chloroquine,20,23.33556024894688
20351,53818,chloroquine,20,39.6186474941381
20358,53810,chloroquine,20,18.2126356018022
20359,53826,chloroquine,20,25.07024430198296
20360,53816,chloroquine,20,17.076325625722625
20363,53809,chloroquine,20,23.652663728225654
20367,53809,chloroquine,20,22.830048302089363
20375,53821,chloroquine,20,18.142414698072376
20376,53816,chloroquine,20,35.561597817233945
20379,53810,chloroquine,20,16.146963200131765
20383,53821,chloroquine,20,27.44798650752447
20388,53809,chloroquine,20,24.71089610199356
20396,53818,chloroquine,20,25.7353470854948
20405,53821,chloroquine,20,32.59794872331743
20408,53821,chloroquine,20,21.279552671276168
20409,53816,chloroquine,20,20.831940215525623
20420,53768,chloroquine,20,19.724775161104883
20424,53810,chloroquine,20,19.015622910615683
20426,53816,chloroquine,20,20.44178658430208
20428,53810,chloroquine,20,14.890503517646962
20432,53809,chloroquine,20,25.71895019464334
20435,53818,chloroquine,20,32.75223399930396
20437,53768,chloroquine,20,23.934117872895616
20438,53816,chloroquine,20,22.938134312597494
20439,53810,chloroquine,20,14.660931359819273
20440,53826,chloroquine,20,29.27968430446893
20441,53826,chloroquine,20,31.054293047857456
20444,53869,chloroquine,100,89.30801807067337
20453,53857,chloroquine,100,102.05601462882171
20454,53868,chloroquine,100,104.868020770877
20462,53857,chloroquine,100,95.35947450978612
20465,53835,chloroquine,100,106.86843852872197
20467,53851,chloroquine,100,84.19440354943542
20468,53868,chloroquine,100,109.94026537086422
20474,53873,chloroquine,100,131.61952231750342
20478,53447,chloroquine,100,108.502282324756
20484,53447,chloroquine,100,112.70685646484536
20485,53873,chloroquine,100,116.26508620778765
20489,53869,chloroquine,100,98.5127542470218
20495,53874,chloroquine,100,103.40622192465725
20499,53851,chloroquine,100,88.19074843615037
20502,53762,chloroquine,50,56.67947185519577
20503,53816,chloroquine,50,12.856985195297664
20507,53762,chloroquine,50,49.45020259057953
20509,53766,chloroquine,50,43.64685038976303
20510,53752,chloroquine,50,31.7101999618446
20512,53752,chloroquine,50,33.762242283311075
20517,53764,chloroquine,50,58.33152135755087
20521,53761,chloroquine,50,22.396142808201372
20529,53846,chloroquine,50,50.47805702635304
20535,53846,chloroquine,50,66.44193060214921
20538,53761,chloroquine,50,27.694107819665007
20539,53841,chloroquine,50,3.325591554759057
20542,53761,chloroquine,50,24.80100835651873
20543,53762,chloroquine,50,55.19371981200898
20544,53764,chloroquine,50,51.741258464631535
20547,53766,chloroquine,50,51.60618629827685
20548,53766,chloroquine,50,51.45325897332495
20554,53764,chloroquine,50,63.50082761160943
20557,53752,chloroquine,50,29.163377471433662
20562,53833,chloroquine,80,69.7554767566412
20565,53438,chloroquine,80,86.05383560733308
20568,53433,chloroquine,80,110.13479001173629
20570,53833,chloroquine,80,75.02117374540833
20576,53835,chloroquine,80,114.6350909048077
20583,53432,chloroquine,80,84.82343878389719
20589,53432,chloroquine,80,95.877145976909
20591,53866,chloroquine,80,83.43300148172139
20593,53435,chloroquine,80,85.45846517685756
20594,53433,chloroquine,80,93.82716269647118
20599,52544,chloroquine,80,86.73070260935258
20602,53866,chloroquine,80,89.76243413569006
20611,52544,chloroquine,80,94.63418988509171
20612,53438,chloroquine,80,103.55472794431007
20614,53435,chloroquine,80,89.95371738384708
20620,53762,chloroquine,50,52.70302626720813
20622,53841,chloroquine,50,8.213877755873309
20627,53818,chloroquine,50,46.10643845522242
20629,53846,chloroquine,50,68.15222465002083
20632,53766,chloroquine,50,41.81860598052244
20633,53766,chloroquine,50,52.58098504501389
20637,53762,chloroquine,50,75.59075192841541
20652,53846,chloroquine,50,78.77254480019144
20656,53752,chloroquine,50,26.95309765541825
20657,53841,chloroquine,50,13.221585866450438
20658,53846,chloroquine,50,52.434814014166605
20667,53761,chloroquine,50,8.897114825101653
20675,53752,chloroquine,50,17.46409969228953
20677,53764,chloroquine,50,57.48979189222071
20680,53764,chloroquine,50,68.96174136609345
20681,53846,chloroquine,50,78.05515303179486
20682,53761,chloroquine,50,14.722779185182208
20689,53841,chloroquine,50,11.812024364296388
20691,53841,chloroquine,50,10.938017220420292
20699,53429,albendazole,100,99.47795198358448
20714,53355,albendazole,100,76.72879824158767
20716,53353,albendazole,100,69.49910838845945
20726,53353,albendazole,100,78.47957003712689
20729,53355,albendazole,100,70.74885060967945
20736,53355,albendazole,100,68.55451672676196
20747,53353,albendazole,100,64.68514729611839
20756,53353,albendazole,100,65.9221783571731
20775,53429,albendazole,100,78.46208354326961
20783,53429,albendazole,100,84.86411940340055
20786,53353,albendazole,100,69.96224408221453
20795,53154,ciprofloxacin,50,39.96355688134238
20799,53206,ciprofloxacin,50,38.927931772114896
20804,53091,ciprofloxacin,50,83.66576120096254
20809,53153,ciprofloxacin,50,31.471054431373734
20815,53204,ciprofloxacin,50,12.497477310536569
20816,53206,ciprofloxacin,50,51.53672546469642
20819,53091,ciprofloxacin,50,72.50200793501489
20822,53204,ciprofloxacin,50,35.64574520931761
20831,53154,ciprofloxacin,50,24.72285382157277
20833,53097,ciprofloxacin,50,42.00131477267668
20838,53099,ciprofloxacin,50,42.77747047431355
20842,53090,ciprofloxacin,50,43.32300218438233
20851,53097,ciprofloxacin,50,48.68477467026784
20852,53099,ciprofloxacin,50,61.89439335446599
20856,53090,ciprofloxacin,50,53.55460788501891
20857,53174,ciprofloxacin,80,63.4259662951453
20859,53170,ciprofloxacin,80,53.625752828921065
20863,53174,ciprofloxacin,80,56.48323194041031
20864,53065,ciprofloxacin,80,45.18263320131163
20865,53066,ciprofloxacin,80,61.88481616555511
20867,53173,ciprofloxacin,80,58.94813032804059
20869,53170,ciprofloxacin,80,54.01159333117651
20873,53065,ciprofloxacin,80,48.23025873803061
20876,53170,ciprofloxacin,80,51.44160610875681
20879,53173,ciprofloxacin,80,69.28868391981334
20885,53066,ciprofloxacin,80,41.88502345251914
20889,53173,ciprofloxacin,80,82.41486250214365
20896,53065,ciprofloxacin,80,67.77995547026086
20898,53174,ciprofloxacin,80,59.3189873190976
20901,53066,ciprofloxacin,80,47.44532350689488
20903,53169,ciprofloxacin,80,48.353672055973306
20905,53173,ciprofloxacin,80,71.18423647104152
20909,53703,amoxicillin,100,54.9610660286548
20910,53721,amoxicillin,100,79.81780848001988
20911,53848,amoxicillin,100,71.10799125316106
20912,53749,amoxicillin,100,97.85448094678118
20930,53696,amoxicillin,100,111.65851989133208
20931,53748,amoxicillin,100,128.26276762887255
20933,53697,amoxicillin,100,84.6255130289471
20941,52553,amoxicillin,20,42.2976081530837
20942,53453,amoxicillin,20,27.788537720934656
20944,53458,amoxicillin,20,29.65143966930556
20945,53461,amoxicillin,20,6.385570507471529
20949,53452,amoxicillin,20,11.809476906704337
20952,53890,amoxicillin,20,39.596982292810864
20967,52553,amoxicillin,20,49.86275297178258
20968,53890,amoxicillin,20,30.526993769086864
20970,53456,amoxicillin,20,45.09097193431417
20978,53742,amoxicillin,50,66.4023299548152
20986,53877,amoxicillin,50,62.55895942642005
20988,53737,amoxicillin,50,45.71961672590859
20998,52552,amoxicillin,50,61.11748461647893
21000,53882,amoxicillin,50,62.62073276492171
21002,53740,amoxicillin,50,35.151386830054
21011,53712,amoxicillin,80,68.78307375864547
21015,53713,amoxicillin,80,96.78693772576746
21016,53715,amoxicillin,80,59.881303625556505
21018,53715,amoxicillin,80,68.32534183792592
21020,53723,amoxicillin,80,72.60208945519496
21021,53734,amoxicillin,80,63.98447542282118
21026,53717,amoxicillin,80,78.26259092234875
21034,52567,hydroxychloroquine,50,42.14831860593294
21041,52567,hydroxychloroquine,50,44.20743583353449
21048,52564,hydroxychloroquine,50,34.93057168266493
21074,51712,hydroxychloroquine,50,20.81854277655661
21076,52571,hydroxychloroquine,50,41.49236748137694
21077,52565,hydroxychloroquine,50,39.02609330589493
21078,52564,hydroxychloroquine,50,29.79809988229627
21085,52567,hydroxychloroquine,50,42.50851169897916
21094,53016,hydroxychloroquine,50,49.52401059131038
21103,53016,hydroxychloroquine,50,53.85482036973374
21110,52567,hydroxychloroquine,50,40.76613411167968
21115,51712,hydroxychloroquine,50,23.31656660716008
21116,52571,hydroxychloroquine,50,34.35564150579995
21122,53021,hydroxychloroquine,50,53.51624857836983
21126,52565,hydroxychloroquine,50,41.33268101692658
21130,53016,hydroxychloroquine,50,58.4786684607174
21145,52571,hydroxychloroquine,50,35.70391108189936
21163,53016,hydroxychloroquine,50,59.27138799945038
21165,52567,hydroxychloroquine,50,45.70563499237169
21169,53016,hydroxychloroquine,50,59.86660144847063
21172,53016,hydroxychloroquine,50,57.62410936835872
21180,53021,hydroxychloroquine,50,45.54157855783518
21190,53788,hydroxychloroquine,100,94.47302112028716
21220,53791,hydroxychloroquine,100,102.99943287533888
21229,53796,hydroxychloroquine,100,82.69173192605335
21231,53771,hydroxychloroquine,100,71.08900035437988
21243,53783,hydroxychloroquine,100,92.5550718371225
21247,53796,hydroxychloroquine,100,91.33009581668794
21249,53784,hydroxychloroquine,100,84.03981554159857
21257,53783,hydroxychloroquine,100,108.39556830558578
21259,53786,hydroxychloroquine,100,101.41217240330988
21260,53783,hydroxychloroquine,100,100.23416466589674
21262,53784,hydroxychloroquine,100,95.87436309165884
21273,53786,hydroxychloroquine,100,80.43105078322503
21276,53771,hydroxychloroquine,100,64.24000162752668
21284,53771,hydroxychloroquine,100,65.01085898206381
21295,53803,hydroxychloroquine,80,103.58301692152656
21305,53814,hydroxychloroquine,80,101.14725263123076
21309,53899,hydroxychloroquine,80,57.07973947550262
21316,53803,hydroxychloroquine,80,104.80870232217794
21319,53803,hydroxychloroquine,80,105.36463020249631
21330,53807,hydroxychloroquine,80,88.06344360147163
21340,53814,hydroxychloroquine,80,104.9030244711085
21348,53807,hydroxychloroquine,80,84.77516981612251
21356,53464,hydroxychloroquine,80,86.28583385323074
21374,53801,hydroxychloroquine,80,119.32818648774726
21379,53807,hydroxychloroquine,80,81.34661454679436
21381,53464,hydroxychloroquine,80,94.40037868546575
21386,53800,hydroxychloroquine,80,95.28391985318784
21392,53800,hydroxychloroquine,80,86.48713034632395
21394,53800,hydroxychloroquine,80,92.57420978108084
21407,53801,hydroxychloroquine,80,106.92629537281871
21427,53464,hydroxychloroquine,80,86.23639010973946
21434,53899,hydroxychloroquine,80,64.79529930672544
21442,53800,hydroxychloroquine,80,90.42742790728738
21455,51731,hydroxychloroquine,20,19.54881465994429
21473,51729,hydroxychloroquine,20,36.46069889246123
21475,53001,hydroxychloroquine,20,31.49899384117485
21476,53001,hydroxychloroquine,20,23.767661254038902
21481,51728,hydroxychloroquine,20,32.63609401997389
21486,51731,hydroxychloroquine,20,7.534461080335369
21488,51734,hydroxychloroquine,20,24.8761918702675
21489,51729,hydroxychloroquine,20,27.49984513301157
21492,51728,hydroxychloroquine,20,33.254476534428214
21494,51720,hydroxychloroquine,20,23.27949447643947
21496,53006,hydroxychloroquine,20,27.116927328693635
21502,53006,hydroxychloroquine,20,18.630534938797247
21505,51720,hydroxychloroquine,20,35.62476069540425
21511,53899,hydroxychloroquine,80,50.11211582856944
21512,53800,hydroxychloroquine,80,71.28412111150632
21522,53803,hydroxychloroquine,80,82.6532743458201
21524,53464,hydroxychloroquine,80,95.620076742335
21530,53807,hydroxychloroquine,80,79.64455141151694
21532,53801,hydroxychloroquine,80,95.07868724931976
21538,53006,hydroxychloroquine,20,20.4504764804482
21544,53006,hydroxychloroquine,20,23.2361992680392
21545,51720,hydroxychloroquine,20,32.921498986060215
21548,53006,hydroxychloroquine,20,27.800961419216517
21571,53006,hydroxychloroquine,20,21.99600212890892
21581,51728,hydroxychloroquine,20,36.54303636175942
21582,53001,hydroxychloroquine,20,27.10214898981659
21607,53006,hydroxychloroquine,20,19.800292675384416
21609,51729,hydroxychloroquine,20,41.6981744414726
21613,53006,hydroxychloroquine,20,21.38124326690694
21616,51734,hydroxychloroquine,20,23.85211383928945
21621,53006,hydroxychloroquine,20,26.19318239290024
21627,53006,hydroxychloroquine,20,21.19270489446
21630,53006,hydroxychloroquine,20,21.612019240999484
21631,53001,hydroxychloroquine,20,24.132987572882715
21649,53006,hydroxychloroquine,20,22.296613418667928
21653,51734,hydroxychloroquine,20,31.83581669384257
21680,53006,hydroxychloroquine,20,30.57936360257416
21689,51731,hydroxychloroquine,20,25.528523722890643
21691,51720,hydroxychloroquine,20,28.803707413830736
21695,53006,hydroxychloroquine,20,27.2450159371629
21713,51734,hydroxychloroquine,20,23.21525415399153
21721,53006,hydroxychloroquine,20,34.30346343854647
21728,51731,hydroxychloroquine,20,17.300978374558603
21735,51729,hydroxychloroquine,20,42.03359309146732
21746,53006,hydroxychloroquine,20,21.399465197182824
21748,51731,hydroxychloroquine,20,16.347563320313107
21767,53006,hydroxychloroquine,20,20.4728114213493
21776,53006,hydroxychloroquine,20,24.684995284920102
21785,53006,hydroxychloroquine,20,21.92783586421848
21790,51729,hydroxychloroquine,20,38.21013735454972
21794,53001,hydroxychloroquine,20,32.255346471626495
21795,53006,hydroxychloroquine,20,28.068052661753967
21802,51728,hydroxychloroquine,20,33.42115320694837
21817,51728,hydroxychloroquine,20,35.135498870345614
21864,52627,sulfamethoxazole,20,30.88969573802419
21867,52309,sulfamethoxazole,50,73.72058712451434
21869,52646,sulfamethoxazole,50,41.55465654183085
21871,52168,sulfamethoxazole,50,60.11433747745367
21894,51753,epinephrine,50,54.67924691507102
21899,52129,epinephrine,80,99.10267119988892
21900,52000,epinephrine,20,31.603854495108937
21901,52848,sulfamethoxazole,100,99.91652447728264
21907,51958,epinephrine,100,97.80538735943726
21910,52133,epinephrine,80,91.81630555323476
21912,51973,epinephrine,50,50.09632891577639
21913,51944,epinephrine,100,73.00052449955423
21915,51961,epinephrine,50,93.55081868287816
21916,52016,epinephrine,20,10.70795454386093
21920,52849,sulfamethoxazole,100,73.44728120311952
21922,52150,sulfamethoxazole,50,67.97748884440321
21936,51973,epinephrine,50,38.6306913062024
21940,52629,sulfamethoxazole,20,18.96021313688063
21941,52627,sulfamethoxazole,20,15.072448180597672
21946,52122,epinephrine,80,87.41749601522586
21948,52190,sulfamethoxazole,50,58.07481245571282
21949,52023,epinephrine,20,29.57655988451587
21950,52302,sulfamethoxazole,20,22.17191890300445
21958,51982,epinephrine,50,66.97434828318849
21970,51970,epinephrine,50,57.18521382891775
21973,52856,sulfamethoxazole,100,112.69651097596056
21976,52168,sulfamethoxazole,50,57.82737501092752
21979,52180,sulfamethoxazole,20,12.6673920468591
21983,52276,epinephrine,100,44.63301869238322
21992,51965,epinephrine,100,84.25419683697307
22008,51958,epinephrine,100,76.50190000904504
22014,52014,epinephrine,20,23.796345458347897
22015,52633,sulfamethoxazole,80,63.25126222170559
22021,52317,sulfamethoxazole,50,46.59802761741346
22028,51968,epinephrine,50,46.88998609697548
22039,52844,sulfamethoxazole,80,74.58336548214672
22060,51965,epinephrine,100,104.89908693762254
22067,51953,epinephrine,100,100.9171087006672
22068,52646,sulfamethoxazole,50,25.419540152368068
22070,52014,epinephrine,20,4.704245301108338
22073,51953,epinephrine,100,95.99944279617668
22082,52861,sulfamethoxazole,100,94.38058618594413
22089,52142,epinephrine,80,89.67287537399692
22094,52845,sulfamethoxazole,80,58.1904341742568
22098,52642,sulfamethoxazole,100,98.07039926932666
22108,52330,sulfamethoxazole,80,96.37192724188702
22109,52335,sulfamethoxazole,50,64.70124556005068
22111,51982,epinephrine,50,54.64014181983426
22115,52150,sulfamethoxazole,50,75.09460224321182
22118,52302,sulfamethoxazole,20,21.549248158135125
22120,52122,epinephrine,80,74.13843398892706
22121,52330,sulfamethoxazole,80,99.92115327178092
22122,52013,epinephrine,20,20.5798627407166
22123,52856,sulfamethoxazole,100,100.48396320944258
22125,52869,sulfamethoxazole,100,121.0760253117731
22130,52013,epinephrine,20,19.07431806877521
22135,51746,epinephrine,80,73.043022253535
22143,51944,epinephrine,100,90.68305489494928
22144,52865,sulfamethoxazole,100,82.17664736961873
22149,52309,sulfamethoxazole,50,64.51782633377087
22173,51956,epinephrine,100,44.58918086063839
22175,52848,sulfamethoxazole,100,86.89154379788836
22183,51962,epinephrine,50,56.5741701074369
22184,52852,sulfamethoxazole,80,74.04101672672937
22185,52023,epinephrine,20,14.26223694876594
22190,51753,epinephrine,50,60.52769623466677
22192,52129,epinephrine,80,102.59232337144176
22195,52300,sulfamethoxazole,20,3.2557175759747565
22199,52142,epinephrine,80,86.56869897947475
22203,52845,sulfamethoxazole,80,73.37694483135891
22211,52021,epinephrine,20,27.53732672752281
22216,51982,epinephrine,50,31.50553409944865
22222,52329,sulfamethoxazole,80,111.53649250548828
22223,51779,epinephrine,80,63.387280647568105
22225,51970,epinephrine,50,43.76880985597411
22229,51778,epinephrine,80,71.3908036899077
22230,52212,sulfamethoxazole,50,48.57886803691727
22231,52300,sulfamethoxazole,20,1.954382918695508
22232,51956,epinephrine,100,49.55761408753793
22233,52317,sulfamethoxazole,50,52.69058697834104
22237,51954,epinephrine,100,91.57872250955556
22242,52642,sulfamethoxazole,100,92.77658418708756
22247,52016,epinephrine,20,5.723727620263981
22249,52646,sulfamethoxazole,50,30.248307215693607
22262,52122,epinephrine,80,81.04976107853135
22263,52335,sulfamethoxazole,50,47.33257427994218
22277,52633,sulfamethoxazole,80,58.1607307109354
22286,51954,epinephrine,100,98.78486215276416
22288,51961,epinephrine,50,86.07428508147025
22290,52212,sulfamethoxazole,50,41.82262794066469
22298,52329,sulfamethoxazole,80,104.4349171167412
22299,52021,epinephrine,20,24.165695509611865
22303,51958,epinephrine,100,95.11807128355196
22305,51970,epinephrine,50,28.133900269143023
22311,52852,sulfamethoxazole,80,80.84640215187011
22316,52627,sulfamethoxazole,20,15.418288920838547
22317,52190,sulfamethoxazole,50,59.23320047620341
22320,52854,sulfamethoxazole,80,51.61837413087983
22327,51746,epinephrine,80,75.60649913747324
22329,52310,sulfamethoxazole,50,46.01877963786722
22334,51778,epinephrine,80,72.19231581527723
22335,52309,sulfamethoxazole,50,81.17425849957189
22345,52629,sulfamethoxazole,20,27.89311373819792
22346,51968,epinephrine,50,50.98493275143407
22349,52180,sulfamethoxazole,20,4.574726007836276
22352,52865,sulfamethoxazole,100,84.3975905773492
22355,51962,epinephrine,50,74.49609034712613
22359,51961,epinephrine,50,85.45055231855818
22361,51779,epinephrine,80,71.11018589012613
22371,52297,sulfamethoxazole,20,28.68929028726152
22372,52861,sulfamethoxazole,100,83.27539660461952
22373,52639,sulfamethoxazole,80,86.7123789113532
22375,52869,sulfamethoxazole,100,112.78318728436167
22380,52849,sulfamethoxazole,100,75.08364908382416
22384,51965,epinephrine,100,96.15186464841749
22385,52133,epinephrine,80,87.3617637270753
22398,51968,epinephrine,50,47.15114456691702
22410,51778,epinephrine,80,80.31917418955453
22412,52133,epinephrine,80,96.45952181519304
22417,51746,epinephrine,80,76.43283574213334
22422,51968,epinephrine,50,47.20517584663144
22427,52133,epinephrine,80,93.54140072980732
22433,51779,epinephrine,80,58.71701162404264
22434,52013,epinephrine,20,21.691417280118383
22435,51944,epinephrine,100,60.467963678775305
22443,52013,epinephrine,20,19.655873353875148
22445,52000,epinephrine,20,23.7785632523263
22450,51753,epinephrine,50,61.235773836657
22451,52142,epinephrine,80,85.17929493386463
22452,51970,epinephrine,50,53.33585688682916
22459,51962,epinephrine,50,71.0566199973083
22474,52016,epinephrine,20,22.323056919646373
22475,51778,epinephrine,80,81.46934498093101
22476,51958,epinephrine,100,87.57189885672057
22491,52021,epinephrine,20,29.67771367430706
22498,52021,epinephrine,20,21.71001884986556
22504,51944,epinephrine,100,67.43914120603068
22518,51954,epinephrine,100,72.2928639908714
22521,52627,sulfamethoxazole,20,24.7117589559749
22523,52849,sulfamethoxazole,100,82.40647199972035
22529,52190,sulfamethoxazole,50,56.09331862643887
22531,52016,epinephrine,20,5.879651889787789
22534,51982,epinephrine,50,69.73507829958746
22538,52629,sulfamethoxazole,20,20.83890683673197
22543,52190,sulfamethoxazole,50,54.35136457780915
22544,52633,sulfamethoxazole,80,54.80982052346282
22552,51954,epinephrine,100,87.15728965305449
22559,52869,sulfamethoxazole,100,102.96947403397309
22570,52845,sulfamethoxazole,80,72.36404889816143
22571,51746,epinephrine,80,82.82248802411874
22576,52142,epinephrine,80,87.19889836052111
22585,52150,sulfamethoxazole,50,64.63517090440301
22589,51753,epinephrine,50,59.47858800258827
22593,52639,sulfamethoxazole,80,95.32126793130924
22610,52000,epinephrine,20,24.453135183775576
22632,52845,sulfamethoxazole,80,71.16858879452207
22643,52733,ethambutol,50,55.93086594595235
22657,52747,ethambutol,20,20.92783216629418
22662,52902,ethambutol,80,72.76266632373589
22666,52747,ethambutol,20,21.315491721687472
22667,52889,ethambutol,80,95.23809455729888
22669,52765,ethambutol,20,49.85884053098778
22673,52729,ethambutol,50,80.4226375863498
22677,52724,ethambutol,50,82.20967725295853
22682,52791,ethambutol,100,118.74271562059062
22684,52778,ethambutol,100,82.56863695137062
22687,52757,ethambutol,20,16.45027040028114
22697,52729,ethambutol,50,71.89582901108736
22710,52752,ethambutol,20,33.02244486387946
22712,52707,ethambutol,80,72.5393186002262
22718,52765,ethambutol,20,25.355578065612654
22721,52704,ethambutol,50,65.5064171361293
22727,52748,ethambutol,20,32.82085274983004
22729,52775,ethambutol,100,75.34751843239978
22730,52751,ethambutol,100,78.75564647562547
22732,52775,ethambutol,100,69.38926328221058
22735,52782,ethambutol,100,96.33173124959912
22739,52748,ethambutol,20,44.22556797399636
22741,52751,ethambutol,100,79.64900856623088
22747,52814,ethambutol,100,124.38532722845162
22748,52894,ethambutol,80,68.18567724280206
22751,52757,ethambutol,20,17.722251381156042
22753,52780,ethambutol,100,117.02337212500026
22755,52782,ethambutol,100,97.2540951475093
22756,52778,ethambutol,100,81.15189094723063
22758,52724,ethambutol,50,71.75676498906257
22767,52707,ethambutol,80,69.70171598147587
22770,52787,ethambutol,80,84.51465240604531
22773,51935,ethambutol,20,33.309780657098685
22776,52902,ethambutol,80,76.40701183678398
22779,52789,ethambutol,80,85.78029814505888
22780,52733,ethambutol,50,57.45224676968581
22781,52752,ethambutol,20,44.38451000541576
22784,52894,ethambutol,80,68.39911644975422
22788,52889,ethambutol,80,83.60437140657615
22793,52748,ethambutol,20,24.851112122886533
22794,52765,ethambutol,20,42.52917414180473
22800,52761,ethambutol,20,27.288216638465062
22802,52786,ethambutol,80,90.6239276020145
22820,52791,ethambutol,100,125.3818100256218
22822,52724,ethambutol,50,69.64659395203827
22823,52751,ethambutol,100,90.03460057872113
22824,52720,ethambutol,50,61.75019630550207
22826,52721,ethambutol,50,16.60076585343196
22835,52721,ethambutol,50,30.012787478086523
22841,52729,ethambutol,50,75.33093251285425
22842,52704,ethambutol,50,67.7615064332215
22843,52889,ethambutol,80,63.3860309623458
22846,52747,ethambutol,20,37.64321351530492
22852,52787,ethambutol,80,81.05261150553886
22854,52814,ethambutol,100,126.46050481166056
22860,52889,ethambutol,80,68.03850564955353
22867,52733,ethambutol,50,56.98058483089318
22873,52789,ethambutol,80,77.08577950556013
22881,52786,ethambutol,80,89.30101135247959
22886,52778,ethambutol,100,85.70700516777353
22889,52752,ethambutol,20,40.57806384887991
22891,52757,ethambutol,20,18.692992121472955
22892,52761,ethambutol,20,25.871788907172885
22900,52737,ethambutol,50,57.539399410901
22903,52780,ethambutol,100,116.20240610587972
22913,52765,ethambutol,20,31.83467561516851
22917,52902,ethambutol,80,76.84765615388315
22918,52894,ethambutol,80,69.01697025795582
22920,51935,ethambutol,20,50.359487346757575
22924,52747,ethambutol,20,28.23022224419838
22926,52707,ethambutol,80,62.48913153578334
22927,52902,ethambutol,80,65.79706926875276
22935,52720,ethambutol,50,79.38229261584016
22945,52789,ethambutol,80,69.56484092770899
22946,52786,ethambutol,80,82.94024759456948
22952,52733,ethambutol,50,59.02913209596049
22955,52707,ethambutol,80,59.00662959306237
22967,52748,ethambutol,20,31.612644205083065
22975,51935,ethambutol,20,47.27144812487322
22976,52786,ethambutol,80,92.4720235770972
22980,52787,ethambutol,80,75.65523221751852
22988,52751,ethambutol,100,99.0410831204734
22999,52775,ethambutol,100,86.01002942080115
23004,52724,ethambutol,50,80.48896918049809
23006,52791,ethambutol,100,120.63920592168624
23008,52761,ethambutol,20,32.50165003763647
23010,52704,ethambutol,50,61.50288093691828
23011,52752,ethambutol,20,47.57610547160176
23012,52894,ethambutol,80,68.4030526860271
23013,52814,ethambutol,100,122.99778215180044
23017,52981,ferrous-sulfate,80,75.6426927868471
23018,51896,ferrous-sulfate,100,126.94936995572716
23019,52971,ferrous-sulfate,80,67.54292692720581
23021,52830,ferrous-sulfate,20,49.73048953879712
23024,52260,ferrous-sulfate,20,14.242582807318538
23026,51798,ferrous-sulfate,80,113.36929262989784
23027,52829,ferrous-sulfate,50,25.15240013734011
23034,52249,ferrous-sulfate,50,85.83361240606631
23036,52948,ferrous-sulfate,50,47.10985758076713
23043,52978,ferrous-sulfate,100,77.8629081408198
23046,51939,ferrous-sulfate,100,91.7610612068152
23048,52978,ferrous-sulfate,100,71.96822163893289
23057,51797,ferrous-sulfate,80,84.36744305095266
23063,52797,ferrous-sulfate,20,25.230477870716555
23064,51771,ferrous-sulfate,100,98.32625842703614
23066,51896,ferrous-sulfate,100,124.85964958449918
23069,51771,ferrous-sulfate,100,93.34346099515824
23081,51807,ferrous-sulfate,100,112.8414855416258
23091,52816,ferrous-sulfate,20,19.909015408109827
23093,51936,ferrous-sulfate,100,104.89914924719966
23098,51798,ferrous-sulfate,80,113.01062865485108
23100,52961,ferrous-sulfate,50,67.43141761613198
23104,52975,ferrous-sulfate,80,83.8939226666939
23110,52261,ferrous-sulfate,20,-5.091023027880963
23117,52961,ferrous-sulfate,50,70.67043364684528
23118,52261,ferrous-sulfate,20,0.4980834810934116
23121,51936,ferrous-sulfate,100,110.54779999753292
23125,52820,ferrous-sulfate,20,30.20905307220508
23138,51935,ethambutol,20,49.54912498274456
23140,52957,ferrous-sulfate,50,61.26822159096432
23144,52829,ferrous-sulfate,50,21.45104878583925
23145,52797,ferrous-sulfate,20,25.19745244313487
23150,52814,ethambutol,100,128.9263903463318
23161,52820,ferrous-sulfate,20,34.616280554367954
23163,52828,ferrous-sulfate,50,62.40131077330626
23164,52961,ferrous-sulfate,50,79.19992156721902
23167,52981,ferrous-sulfate,80,75.75526246132549
23168,52975,ferrous-sulfate,80,82.99961294523443
23177,51771,ferrous-sulfate,100,82.31895611324465
23179,52948,ferrous-sulfate,50,46.38596011227817
23182,52978,ferrous-sulfate,100,66.79600739392147
23187,52261,ferrous-sulfate,20,0.4255710937711825
23188,51933,ferrous-sulfate,100,66.86090396995593
23189,52260,ferrous-sulfate,20,19.72809124374675
23190,52816,ferrous-sulfate,20,24.10518190361419
23193,51768,ferrous-sulfate,80,91.37807537380672
23198,52797,ferrous-sulfate,20,29.797166255007685
23200,51896,ferrous-sulfate,100,117.4462936203376
23208,52830,ferrous-sulfate,20,52.61061149151855
23209,51936,ferrous-sulfate,100,97.38283364249902
23214,52817,ferrous-sulfate,20,28.801773682174662
23220,52795,ferrous-sulfate,20,18.174596981902845
23225,51936,ferrous-sulfate,100,93.8070387629903
23228,52797,ferrous-sulfate,20,20.27949559051404
23245,52261,ferrous-sulfate,20,8.8405373289878
23251,51807,ferrous-sulfate,100,103.72216055374788
23252,52975,ferrous-sulfate,80,86.52708881108948
23253,52830,ferrous-sulfate,20,48.373572910781874
23256,51939,ferrous-sulfate,100,89.81546454628592
23258,52828,ferrous-sulfate,50,61.38537038761621
23262,52978,ferrous-sulfate,100,72.77064101468396
23263,51933,ferrous-sulfate,100,61.76457016790283
23270,51797,ferrous-sulfate,80,79.07019504806794
23273,52829,ferrous-sulfate,50,15.611905067667482
23274,51797,ferrous-sulfate,80,83.59771816574853
23275,51896,ferrous-sulfate,100,123.4123902423919
23277,52957,ferrous-sulfate,50,60.81159092182912
23279,52971,ferrous-sulfate,80,76.81513214046609
23280,52816,ferrous-sulfate,20,17.81361291728839
23283,52953,ferrous-sulfate,50,54.46541216811302
23288,52966,ferrous-sulfate,80,48.34209413693232
23289,52957,ferrous-sulfate,50,59.82127122534035
23290,51771,ferrous-sulfate,100,92.60435081498116
23303,52948,ferrous-sulfate,50,52.29151212357354
23316,51807,ferrous-sulfate,100,101.24879380795096
23322,52961,ferrous-sulfate,50,78.81140718002791
23329,52795,ferrous-sulfate,20,27.16610120405659
23336,52971,ferrous-sulfate,80,76.38921467150382
23349,52966,ferrous-sulfate,80,58.71779124240262
23351,52829,ferrous-sulfate,50,27.848180304886405
23353,52981,ferrous-sulfate,80,73.905221013242
23354,51798,ferrous-sulfate,80,105.53634637937598
23355,51768,ferrous-sulfate,80,89.11571754276869
23360,51798,ferrous-sulfate,80,104.4490976974711
23375,51939,ferrous-sulfate,100,86.91527533750966
23376,52260,ferrous-sulfate,20,22.79010685360698
23379,52829,ferrous-sulfate,50,24.16876480219296
23384,52953,ferrous-sulfate,50,51.848128847917714
23387,52817,ferrous-sulfate,20,30.69185937924727
23390,52816,ferrous-sulfate,20,21.39923104650101
23400,52817,ferrous-sulfate,20,28.058723817231638
23402,52975,ferrous-sulfate,80,79.90382997004454
23403,51939,ferrous-sulfate,100,96.25520508679595
23405,52981,ferrous-sulfate,80,78.75587786039013
23408,52953,ferrous-sulfate,50,57.96619199004864
23413,51768,ferrous-sulfate,80,91.9525929959464
23419,52789,ethambutol,80,83.00282439104467
23423,52780,ethambutol,100,106.96956142711215
23427,52948,ferrous-sulfate,50,43.93981819231301
23428,52820,ferrous-sulfate,20,31.263417418389597
23429,52828,ferrous-sulfate,50,63.30114927605588
23432,51768,ferrous-sulfate,80,92.4987995961618
23436,51768,ferrous-sulfate,80,66.51007419721708
23442,52948,ferrous-sulfate,50,46.21509643522008
23450,52704,ethambutol,50,76.50864877355176
23459,52782,ethambutol,100,89.20562181148304
23465,52787,ethambutol,80,79.56176848707949
23468,52966,ferrous-sulfate,80,46.605100229498696
23477,52782,ethambutol,100,91.2552087961558
23478,52737,ethambutol,50,75.55526349754334
23479,51933,ferrous-sulfate,100,66.57904126285891
23488,52761,ethambutol,20,31.440473520357912
23494,52953,ferrous-sulfate,50,54.67551093804732
23496,52830,ferrous-sulfate,20,52.50356552451137
23497,52720,ethambutol,50,77.38341230100566
23508,52817,ferrous-sulfate,20,29.01504395257142
23509,52795,ferrous-sulfate,20,23.23798964034172
23514,52791,ethambutol,100,121.87965863691316
23516,51933,ferrous-sulfate,100,70.77080660544578
23519,52828,ferrous-sulfate,50,56.6805396499698
23522,52757,ethambutol,20,18.796919550429703
23529,52971,ferrous-sulfate,80,68.88997789282388
23537,52966,ferrous-sulfate,80,48.06322816337847
23539,51797,ferrous-sulfate,80,79.64098467765263
23542,52729,ethambutol,50,75.93980635505751
23543,51807,ferrous-sulfate,100,108.08674037751322
23544,52795,ferrous-sulfate,20,24.038447823280727
23546,52957,ferrous-sulfate,50,51.76300134633559
23548,52616,rifampicin,80,94.11893335648968
23574,52172,rifampicin,100,95.00002242559734
23577,55456,rifampicin,20,31.86179230454999
23580,55448,rifampicin,80,53.54848343888349
23582,55154,rifampicin,20,29.233360373265427
23597,52618,rifampicin,100,85.44645448607122
23606,52595,rifampicin,50,35.98536043709043
23607,52597,rifampicin,50,102.12745517868626
23609,52156,rifampicin,80,80.49092098090067
23610,52618,rifampicin,100,79.32405342179183
23612,52611,rifampicin,80,62.80058395414388
23621,55155,rifampicin,20,31.689390293386104
23627,52172,rifampicin,100,91.51768620943648
23631,52173,rifampicin,100,88.12613812414791
23640,52597,rifampicin,50,101.9092986325211
23642,55443,rifampicin,20,-16.514482207052406
23643,52984,rifampicin,50,50.377155680606975
23647,52286,rifampicin,80,104.088457451528
23649,55144,rifampicin,50,45.89303223003405
23651,52160,rifampicin,100,93.8284484118491
23656,52160,rifampicin,100,93.32698642626204
23658,52985,rifampicin,50,63.04094274364724
23665,52156,rifampicin,80,72.66981729049984
23669,52616,rifampicin,80,95.59536827604944
23672,55457,rifampicin,20,19.49758124155761
23675,52985,rifampicin,50,61.590488676393946
23676,55441,rifampicin,20,22.454388360941124
23684,55461,rifampicin,20,45.81417946756914
23685,52157,rifampicin,80,80.44433648895543
23688,51789,rifampicin,50,74.75827698897277
23696,55155,rifampicin,20,21.943824980249243
23698,52612,rifampicin,80,97.31930679462864
23704,52597,rifampicin,50,97.64508880118696
23710,52600,rifampicin,80,91.42756805530244
23714,51788,rifampicin,50,58.12723329792076
23715,52611,rifampicin,80,66.06330255971373
23722,52160,rifampicin,100,88.30075838446434
23727,52990,rifampicin,100,77.5252071025185
23732,52616,rifampicin,80,85.9452313638128
23737,55462,rifampicin,20,26.40075300976101
23740,52292,rifampicin,100,73.06323664880584
23741,55456,rifampicin,20,41.32312917529946
23745,55145,rifampicin,50,46.21413253704797
23747,52616,rifampicin,80,77.31470018607072
23756,55457,rifampicin,20,12.628551167490244
23759,52597,rifampicin,50,98.53561218438846
23761,51789,rifampicin,50,73.55761352503164
23763,55448,rifampicin,80,55.73174666417328
23768,55461,rifampicin,20,52.39362347491412
23771,51788,rifampicin,50,53.05463420287136
23772,52990,rifampicin,100,76.42732083344684
23773,52172,rifampicin,100,97.499908484241
23775,52595,rifampicin,50,30.50554893319513
23783,52286,rifampicin,80,86.19675609413977
23787,52612,rifampicin,80,105.50279412173526
23788,55448,rifampicin,80,53.79286387215407
23795,52985,rifampicin,50,62.51855121790639
23796,52156,rifampicin,80,79.27319188238621
23799,52990,rifampicin,100,80.17359686790341
23802,52595,rifampicin,50,51.359219358128655
23807,52600,rifampicin,80,95.42328321176664
23809,52595,rifampicin,50,28.86549010197564
23824,52990,rifampicin,100,84.65228285678604
23831,55457,rifampicin,20,16.714228314725727
23836,55144,rifampicin,50,45.55444584498736
23837,52173,rifampicin,100,81.63817960371757
23839,55144,rifampicin,50,40.48635658604748
23840,52294,rifampicin,100,51.69637831019866
23841,55448,rifampicin,80,55.887930891821405
23846,55145,rifampicin,50,54.85995527401106
23850,52292,rifampicin,100,69.24258557582453
23851,55443,rifampicin,20,-6.062040178012827
23853,52286,rifampicin,80,97.464462693359
23854,55462,rifampicin,20,26.396508568879856
23855,52984,rifampicin,50,53.27516905694685
23857,55462,rifampicin,20,24.69256421865296
23859,52160,rifampicin,100,92.113959669744
23864,52984,rifampicin,50,47.50563631670177
23865,55461,rifampicin,20,52.26910600649089
23876,55155,rifampicin,20,26.32817828854688
23886,52618,rifampicin,100,82.63020165722062
23888,52294,rifampicin,100,60.450945221294745
23891,52156,rifampicin,80,75.85107305247327
23897,55154,rifampicin,20,28.043084335820616
23899,55155,rifampicin,20,27.57148158255259
23900,51789,rifampicin,50,63.2326382021645
23901,55443,rifampicin,20,-15.03442018146733
23902,52984,rifampicin,50,50.52832992137459
23905,52292,rifampicin,100,76.55044650081916
23909,55441,rifampicin,20,33.22884897947904
23910,52611,rifampicin,80,64.35186676540167
23914,55145,rifampicin,50,57.590361564919625
23915,52294,rifampicin,100,52.90098971147157
23916,51789,rifampicin,50,74.15245505318552
23922,52611,rifampicin,80,58.57113353251776
23935,52600,rifampicin,80,91.6903744010362
23937,55441,rifampicin,20,31.2389664213623
23938,52286,rifampicin,80,110.98296713320184
23939,55443,rifampicin,20,-6.816771660773124
23944,55457,rifampicin,20,14.294839881341392
23949,52612,rifampicin,80,89.3081399788037
23950,52294,rifampicin,100,60.98634957465654
23957,55144,rifampicin,50,40.64922053750175
23961,52600,rifampicin,80,83.40717257859666
23962,52172,rifampicin,100,88.69159137272713
23963,52985,rifampicin,50,67.44541368409263
23967,55456,rifampicin,20,29.62598437832534
23968,52292,rifampicin,100,80.79397067374249
23969,52157,rifampicin,80,89.57113675058855
23972,55456,rifampicin,20,33.65298864928223
23982,52157,rifampicin,80,83.70497837636819
23988,55154,rifampicin,20,31.106759474175007
23990,52157,rifampicin,80,76.23200841929236
23993,55462,rifampicin,20,25.32379368112121
24010,55441,rifampicin,20,31.382106295505803
24015,52173,rifampicin,100,86.53739231666154
24019,55145,rifampicin,50,52.898273583952914
24020,55154,rifampicin,20,30.999445978452336
24034,51788,rifampicin,50,62.96811432807333
24036,55461,rifampicin,20,47.71736328551429
24037,52173,rifampicin,100,91.48227418232588
24038,52618,rifampicin,100,85.52423895091852
24048,55110,pyrazinamide,100,88.81816190137512
24051,55513,pyrazinamide,50,64.04656309329144
24052,55297,pyrazinamide,20,23.064285464137683
24053,55301,pyrazinamide,20,19.11421517924757
24055,55249,pyrazinamide,100,107.9618309953628
24058,55253,pyrazinamide,100,111.72429578060688
24059,55114,pyrazinamide,100,92.21825348287018
24064,55293,pyrazinamide,20,49.94718054556884
24075,55173,pyrazinamide,100,75.58672519813068
24080,55253,pyrazinamide,100,114.7938091136066
24081,55034,pyrazinamide,100,91.76802009604938
24082,55304,pyrazinamide,80,55.3762982591167
24086,55304,pyrazinamide,80,54.92690503450815
24089,55136,pyrazinamide,20,53.54516207084339
24101,55137,pyrazinamide,20,52.35008226105367
24121,55513,pyrazinamide,50,70.2117186719816
24125,55110,pyrazinamide,100,87.11104645007109
24132,55312,pyrazinamide,80,72.05804180305608
24134,55284,pyrazinamide,80,94.88761307321673
24143,55033,pyrazinamide,80,86.61156178850496
24144,55307,pyrazinamide,80,69.74586873928821
24145,55289,pyrazinamide,50,50.59868519998798
24152,55249,pyrazinamide,100,83.61510158882045
24159,55284,pyrazinamide,80,89.36708359295768
24162,55111,pyrazinamide,100,95.23390027116244
24166,55281,pyrazinamide,20,18.659366845803177
24167,55513,pyrazinamide,50,69.58378975719322
24173,55312,pyrazinamide,80,72.50631370222928
24174,55111,pyrazinamide,100,93.82804433916758
24180,55137,pyrazinamide,20,47.56769249586296
24202,55286,pyrazinamide,50,83.95592468241193
24208,55168,pyrazinamide,80,87.63123015493662
24213,55289,pyrazinamide,50,58.04510000928218
24229,55297,pyrazinamide,20,30.87564248632306
24230,55297,pyrazinamide,20,28.98074365283008
24231,55168,pyrazinamide,80,90.31480176211107
24233,55114,pyrazinamide,100,93.94408052165824
24242,55168,pyrazinamide,80,91.15701788678638
24244,55286,pyrazinamide,50,87.0056766300926
24246,55293,pyrazinamide,20,58.40405103982157
24247,55264,pyrazinamide,50,23.85719092679427
24248,55307,pyrazinamide,80,74.63914158094623
24250,55304,pyrazinamide,80,52.603401436248106
24259,55312,pyrazinamide,80,80.9820864292854
24260,55128,pyrazinamide,20,30.54048804505662
24262,55280,pyrazinamide,50,27.4161833380668
24263,55173,pyrazinamide,100,90.41496920746316
24271,55281,pyrazinamide,20,30.93547272031446
24275,55034,pyrazinamide,100,96.0358152739894
24279,55025,pyrazinamide,80,92.66398546696854
24280,55280,pyrazinamide,50,31.16738136960088
24282,55284,pyrazinamide,80,95.67559135814824
24284,55517,pyrazinamide,50,68.36351854692904
24285,55264,pyrazinamide,50,24.658579234655587
24286,55173,pyrazinamide,100,77.43079362773712
24287,55286,pyrazinamide,50,97.85160026212948
24291,55034,pyrazinamide,100,99.51986277875297
24292,55173,pyrazinamide,100,83.24901125834893
24293,55312,pyrazinamide,80,71.02879723885196
24294,55264,pyrazinamide,50,32.26475711042429
24295,55110,pyrazinamide,100,96.66833785551113
24303,55293,pyrazinamide,20,46.522415316464325
24307,55281,pyrazinamide,20,36.85928690362928
24309,55289,pyrazinamide,50,51.41343211066036
24315,55301,pyrazinamide,20,22.503019476777425
24319,55505,pyrazinamide,50,73.2004257118811
24322,55505,pyrazinamide,50,65.82110021103445
24326,55136,pyrazinamide,20,49.13019817541974
24327,55128,pyrazinamide,20,34.099171004297105
24329,55505,pyrazinamide,50,68.41380327846919
24338,55286,pyrazinamide,50,97.22231888843596
24339,55297,pyrazinamide,20,29.00755125261141
24355,55111,pyrazinamide,100,83.55169881665341
24363,55168,pyrazinamide,80,96.1536917573936
24367,55253,pyrazinamide,100,106.1910095873621
24370,55301,pyrazinamide,20,20.845223466281613
24384,55517,pyrazinamide,50,38.70533900281879
24385,55033,pyrazinamide,80,93.95925881872864
24399,55280,pyrazinamide,50,27.16479850044217
24400,55517,pyrazinamide,50,55.60915995512357
24411,55114,pyrazinamide,100,101.39790737397784
24413,55033,pyrazinamide,80,98.0636836142434
24415,55307,pyrazinamide,80,70.53723544774678
24417,55304,pyrazinamide,80,60.478648094444765
24423,55136,pyrazinamide,20,53.90114626894548
24426,55249,pyrazinamide,100,95.21937917266246
24427,55137,pyrazinamide,20,52.88108349568341
24428,55137,pyrazinamide,20,47.71779481074753
24429,55034,pyrazinamide,100,87.00416789250258
24432,55284,pyrazinamide,80,96.28501040302596
24437,55111,pyrazinamide,100,95.298411564217
24441,55128,pyrazinamide,20,29.55486326503964
24442,55301,pyrazinamide,20,23.6906035139927
24443,55517,pyrazinamide,50,38.18044149572159
24445,55033,pyrazinamide,80,95.68702021001496
24449,55513,pyrazinamide,50,67.56959732312501
24462,55312,pyrazinamide,80,72.22231092596239
24464,55025,pyrazinamide,80,81.6412546363125
24466,55280,pyrazinamide,50,37.55930459740426
24470,55249,pyrazinamide,100,92.41194412606411
24473,55289,pyrazinamide,50,46.88263808561936
24478,55253,pyrazinamide,100,101.46631696711896
24479,55264,pyrazinamide,50,32.214845650946096
24487,55293,pyrazinamide,20,48.51899583788122
24492,55114,pyrazinamide,100,80.25333481532319
24493,55307,pyrazinamide,80,72.19424200459972
24494,55505,pyrazinamide,50,59.23948895302798
24496,55281,pyrazinamide,20,19.53602914350707
24498,55110,pyrazinamide,100,96.99825227239046
24504,55136,pyrazinamide,20,53.91312829816548
24506,55128,pyrazinamide,20,37.35062971983567
24507,55025,pyrazinamide,80,80.28022811339953
24537,55229,azithromycin,100,93.48826333529412
24538,55337,azithromycin,20,44.1789942505665
24544,55225,azithromycin,100,116.42897191892648
24553,55486,azithromycin,100,75.26861413087268
24554,55320,azithromycin,20,67.3496945333084
24555,55333,azithromycin,20,26.13037240866824
24557,55229,azithromycin,100,92.30482475406382
24560,55464,azithromycin,80,100.5204459444091
24563,55095,azithromycin,100,69.85955427154275
24568,55340,azithromycin,20,28.206291657712207
24573,55402,azithromycin,50,69.60383307441487
24576,55409,azithromycin,50,45.00682047905544
24578,55414,azithromycin,50,46.3222325031329
24584,55234,azithromycin,100,88.95659584870825
24587,55464,azithromycin,80,74.91858432475043
24602,55477,azithromycin,80,61.40546240642703
24605,55477,azithromycin,80,68.14265519403217
24606,55402,azithromycin,50,61.80895718584016
24615,55201,azithromycin,80,92.7171603807602
24618,55402,azithromycin,50,65.98058152302826
24619,55229,azithromycin,100,91.31905304976324
24620,55333,azithromycin,20,18.9348774063005
24626,55414,azithromycin,50,39.449719546889234
24627,55368,azithromycin,20,14.392719392595852
24631,55225,azithromycin,100,84.79634800348519
24632,55333,azithromycin,20,33.062988215363085
24635,55203,azithromycin,100,114.11904085355172
24637,55272,azithromycin,50,28.64747599665141
24640,55197,azithromycin,80,88.36609376788772
24643,55361,promethazine-hydrochloride,20,6.959376061785562
24664,55468,azithromycin,80,102.93537139039596
24666,55335,azithromycin,20,18.68145259599121
24669,55368,azithromycin,20,27.35508434165814
24670,55201,azithromycin,80,111.11645950307322
24672,55420,azithromycin,50,54.52409048906766
24673,55320,azithromycin,20,54.28551472531231
24677,55332,azithromycin,20,21.686625654249305
24679,55337,azithromycin,20,39.59780828733223
24685,55473,azithromycin,50,56.04341344518039
24695,55056,azithromycin,80,80.78834182478695
24696,55473,azithromycin,50,45.80813188441585
24703,55340,azithromycin,20,26.70710969998943
24705,55414,azithromycin,50,47.30970463011874
24709,55198,azithromycin,80,94.5287210982885
24717,55486,azithromycin,100,87.04380543036463
24724,55361,promethazine-hydrochloride,20,10.692978929296416
24726,55225,azithromycin,100,91.85801239026772
24727,55468,azithromycin,80,96.94535286878096
24733,55468,azithromycin,80,87.12912548739858
24737,55420,azithromycin,50,66.64316708584265
24742,55235,azithromycin,100,109.4536816217512
24743,55056,azithromycin,80,83.8287483654208
24747,55063,azithromycin,100,116.65657516320142
24749,55401,azithromycin,50,50.46511299840958
24752,55473,azithromycin,50,60.107285377459625
24758,55095,azithromycin,100,69.14009092195408
24762,55272,azithromycin,50,23.34745854637427
24763,55056,azithromycin,80,77.13521590492503
24765,55401,azithromycin,50,54.65764292045304
24769,55203,azithromycin,100,104.64185635438012
24771,55477,azithromycin,80,67.79116557775383
24773,55198,azithromycin,80,84.02044354844938
24775,55332,azithromycin,20,15.938296464302963
24776,55095,azithromycin,100,74.16739782849214
24778,55198,azithromycin,80,94.86256900571315
24779,55401,azithromycin,50,49.32670378480388
24782,55234,azithromycin,100,63.76222053357555
24794,55409,azithromycin,50,52.43486608778625
24796,55335,azithromycin,20,4.9682633050740055
24798,55420,azithromycin,50,49.02436703731339
24800,55272,azithromycin,50,39.09561314803122
24810,55486,azithromycin,100,88.4538989456929
24813,55197,azithromycin,80,85.53350098974586
24816,55235,azithromycin,100,102.37695750303754
24819,55340,azithromycin,20,25.89256522385717
24822,55361,promethazine-hydrochloride,20,14.435412027904327
24825,55337,azithromycin,20,36.704130739311765
24826,55095,azithromycin,100,68.38972484871925
24828,55063,azithromycin,100,111.44538806528983
24836,55402,azithromycin,50,60.06218774731879
24837,55234,azithromycin,100,77.51693057214939
24838,55203,azithromycin,100,124.63966751145674
24839,55332,azithromycin,20,23.005871972093388
24843,55063,azithromycin,100,136.36423178939273
24846,55320,azithromycin,20,56.99596753868522
24854,55409,azithromycin,50,60.34517226719068
24862,55401,azithromycin,50,48.007210009611846
24866,55337,azithromycin,20,41.38350695809144
24867,55201,azithromycin,80,114.94889717953632
24868,55368,azithromycin,20,10.427885167458772
24871,55234,azithromycin,100,76.50231226305542
24874,55361,promethazine-hydrochloride,20,14.283965084318517
24875,55340,azithromycin,20,25.021057962751826
24880,55420,azithromycin,50,62.64947360428764
24882,55198,azithromycin,80,89.77586174361255
24892,55332,azithromycin,20,18.76795182910294
24901,55197,azithromycin,80,82.15876492036652
24902,55368,azithromycin,20,-0.235203968317049
24907,55235,azithromycin,100,98.4878018493076
24912,55229,azithromycin,100,106.61971400989329
24925,55333,azithromycin,20,20.231756830419705
24933,55335,azithromycin,20,6.620031267146243
24934,55468,azithromycin,80,89.98711895251938
24935,55477,azithromycin,80,72.5557644424237
24940,55409,azithromycin,50,54.28995226565164
24943,55201,azithromycin,80,103.13604197743764
24944,55320,azithromycin,20,59.99844398936688
24947,55203,azithromycin,100,93.60973830483766
24950,55063,azithromycin,100,115.51084949678976
24953,55197,azithromycin,80,79.01281787152148
24956,55095,azithromycin,100,76.6706313326775
24964,55473,azithromycin,50,49.78086051750175
24965,55335,azithromycin,20,12.263722828851098
24966,55272,azithromycin,50,31.539915329782172
24972,55056,azithromycin,80,81.38907977158858
24975,55225,azithromycin,100,96.43276093695988
24977,55486,azithromycin,100,90.80620969558684
24984,55368,azithromycin,20,2.380793172048677
24989,55464,azithromycin,80,74.80682294429127
25192,55075,ripe,50,39.3790584697172
25197,55427,ripe,80,71.58220159110256
25199,55425,ripe,80,60.306332945242026
25201,55163,ripe,100,122.64662312909732
25205,55429,ripe,80,86.04303367621038
25209,55165,ripe,100,85.45941380804678
25215,55432,ripe,80,98.25097178768225
25220,55041,ripe,80,80.58546313780816
25221,55067,ripe,50,63.63083450632054
25225,55016,ripe,100,73.95752513892874
25238,55438,ripe,80,78.73988279558343
25239,55438,ripe,80,82.17107382477948
25246,55363,ripe,100,91.65069474381004
25251,55161,ripe,100,79.41421314798635
25252,55016,ripe,100,82.00410511101799
25255,55071,ripe,50,41.408536448743305
25257,55424,ripe,80,57.53705743408762
25276,55324,ripe,100,114.32957305761602
25277,55073,ripe,50,32.39722620729704
25279,55432,ripe,80,92.26541321868667
25282,55324,ripe,100,100.41452343506464
25286,55429,ripe,80,86.02186082267886
25288,55210,ripe,50,37.41009068132519
25290,55036,ripe,50,36.89677947586048
25291,55160,ripe,100,96.06231921649209
25292,55163,ripe,100,124.39411406966092
25293,55425,ripe,80,76.11356761144151
25294,55165,ripe,100,86.03742457303478
25298,55041,ripe,80,75.55177154113555
25299,55160,ripe,100,93.335954083799
25305,55178,ripe,50,51.17255450918419
25306,55424,ripe,80,64.18719733890077
25308,55427,ripe,80,70.3852073087685
25313,55363,ripe,100,90.0842491891088
25323,55071,ripe,50,43.81080933076167
25325,55494,ripe,20,8.21058525317531
25327,55490,ripe,20,46.10603700614621
25330,55071,ripe,50,42.67885089647753
25331,55497,ripe,20,18.135010005237724
25338,55363,ripe,100,96.24864570026904
25344,55432,ripe,80,104.2499939402313
25346,55424,ripe,80,59.67409569194911
25353,55073,ripe,50,37.21231221598822
25359,55210,ripe,50,42.75860984004257
25363,55064,ripe,20,64.66894286347551
25364,55064,ripe,20,58.66015679585568
25370,55165,ripe,100,83.03141136680264
25371,55427,ripe,80,69.175369915932
25372,55161,ripe,100,78.54775330004904
25373,55073,ripe,50,37.42261864114115
25384,55041,ripe,80,83.51451002756454
25412,55494,ripe,20,7.813525132419545
25413,55036,ripe,50,44.77944821629959
25416,55210,ripe,50,44.21177454755298
25417,55490,ripe,20,39.126077931762175
25420,55064,ripe,20,43.735392784290056
25430,55067,ripe,50,70.89081019914835
25434,55178,ripe,50,49.64383675642975
25435,55492,ripe,20,36.094969834093774
25440,55071,ripe,50,47.495659298983625
25441,55067,ripe,50,66.77605648803002
25443,55036,ripe,50,35.58557541436648
25446,55489,ripe,20,8.354999073818226
25448,55438,ripe,80,70.67824527704973
25452,55489,ripe,20,2.560994926926373
25453,55016,ripe,100,90.07076371809748
25455,55016,ripe,100,88.77471430900243
25462,55429,ripe,80,84.28434813829989
25463,55489,ripe,20,5.14064853448839
25469,55424,ripe,80,61.6265272787572
25473,55064,ripe,20,46.63768250841406
25474,55324,ripe,100,102.70734420060988
25478,55497,ripe,20,22.833041877942115
25486,55494,ripe,20,9.038742428876848
25490,55425,ripe,80,66.95806289067959
25492,55178,ripe,50,58.21325095614995
25494,55502,ripe,20,17.57944084600375
25495,55067,ripe,50,66.54439027912598
25496,55494,ripe,20,9.331736433819495
25503,55489,ripe,20,11.284189999262908
25507,55429,ripe,80,75.52424726089967
25508,55210,ripe,50,39.73033444912842
25510,55425,ripe,80,56.726920088532346
25515,55163,ripe,100,126.18554459236246
25518,55324,ripe,100,112.5380316690194
25521,55427,ripe,80,64.11067010614738
25522,55075,ripe,50,47.12838051466608
25535,55490,ripe,20,43.33703707676822
25542,55036,ripe,50,39.9343412147586
25546,55160,ripe,100,92.63080249474348
25550,55161,ripe,100,80.9840779529635
25572,55492,ripe,20,52.56906328190456
25577,55363,ripe,100,97.31781766836905
25578,55502,ripe,20,20.067838748511136
25579,55497,ripe,20,24.17399158999144
25581,55490,ripe,20,37.30903890906762
25588,55178,ripe,50,59.10332608785319
25595,55502,ripe,20,23.220899789681987
25605,55165,ripe,100,76.82966849576395
25609,55438,ripe,80,73.06152364586362
25612,55497,ripe,20,21.86399934274832
25614,55492,ripe,20,34.86704226144718
25616,55073,ripe,50,29.113397358124036
25617,55163,ripe,100,118.79203616650038
25620,55160,ripe,100,93.679591733959
25625,55502,ripe,20,27.881088303024136
25632,55041,ripe,80,80.76694066151694
25637,55075,ripe,50,39.240427643558
25638,55492,ripe,20,45.201780454520815
25642,55075,ripe,50,44.85863419313322
25646,55432,ripe,80,93.18457426849186
25834,57414,amoxicillin,100,27.44897572973473
