,SEASON,MATCHUP,DRTG,OPP_TS,rDRTG
0,1974,ATL,99,0.5199450555,1.3
1,1974,BOS,95.1,0.484108041,-2.6
2,1974,BUF,99.4,0.5095799246,1.7
3,1974,CAP,94.2,0.4852520174,-3.5
4,1974,CHI,93.6,0.5023775606,-4.1
5,1974,CLE,100.1,0.5170176953,2.4
6,1974,DET,93.8,0.4926890148,-3.9
7,1974,GSW,98.4,0.4945070999,0.7
8,1974,HOU,100.5,0.5212568311,2.8
9,1974,KCO,99.5,0.5179168657,1.8
10,1974,LAL,96.6,0.4793077242,-1.1
11,1974,MIL,93.6,0.4685898797,-4.1
12,1974,NYK,94.7,0.4899606576,-3
13,1974,PHI,99,0.5129717804,1.3
14,1974,PHO,101.3,0.5165821806,3.6
15,1974,POR,102.6,0.5332325087,4.9
16,1974,SEA,99.1,0.513732317,1.4
17,1975,ATL,99.5,0.5180892167,1.8
18,1975,BOS,94.7,0.4831028001,-3
19,1975,BUF,97.8,0.4923322785,0.1
20,1975,CHI,94.4,0.4927270428,-3.3
21,1975,CLE,98,0.4987218226,0.3
22,1975,DET,99.7,0.5113150516,2
23,1975,GSW,97.3,0.5016302401,-0.4
24,1975,HOU,99.4,0.5230141091,1.7
25,1975,KCO,97.1,0.5040712751,-0.6
26,1975,LAL,99.9,0.4970335132,2.2
27,1975,MIL,97.8,0.487950808,0.1
28,1975,NOJ,99.7,0.5261458627,2
29,1975,NYK,98.3,0.503863132,0.6
30,1975,PHI,98.8,0.5056520759,1.1
31,1975,PHO,98.6,0.5080770611,0.9
32,1975,POR,97.7,0.5006902812,0
33,1975,SEA,97.7,0.5008445153,0
34,1975,WSB,91.3,0.4828826348,-6.4
35,1976,ATL,101.2,0.5222244225,2.9
36,1976,BOS,96.7,0.4902954208,-1.6
37,1976,BUF,98.2,0.5032500484,-0.1
38,1976,CHI,98,0.5136135161,-0.3
39,1976,CLE,97,0.4999459119,-1.3
40,1976,DET,100.2,0.5141483985,1.9
41,1976,GSW,94.5,0.4867058011,-3.8
42,1976,HOU,101.8,0.5183937003,3.5
43,1976,KCK,100.1,0.5139662826,1.8
44,1976,LAL,98.8,0.4905816392,0.5
45,1976,MIL,98.7,0.4932386464,0.4
46,1976,NOJ,97.4,0.5065221792,-0.9
47,1976,NYK,99.2,0.5054850378,0.9
48,1976,PHI,98,0.4971496903,-0.3
49,1976,PHO,97.9,0.5129524995,-0.4
50,1976,POR,97.6,0.5045270125,-0.7
51,1976,SEA,98.6,0.5132534248,0.3
52,1976,WSB,95.3,0.4837603143,-3
53,1977,ATL,101.6,0.5289809041,2.1
54,1977,BOS,98.3,0.4927114361,-1.2
55,1977,BUF,101.8,0.5137974301,2.3
56,1977,CHI,97.4,0.5064859442,-2.1
57,1977,CLE,98.9,0.4992160174,-0.6
58,1977,DEN,96.1,0.5046053476,-3.4
59,1977,DET,101.3,0.5229316048,1.8
60,1977,GSW,99.5,0.5142592989,0
61,1977,HOU,102.9,0.514803136,3.4
62,1977,IND,101,0.5164225024,1.5
63,1977,KCK,99.6,0.5243289595,0.1
64,1977,LAL,98.9,0.4932652543,-0.6
65,1977,MIL,102.9,0.5208926659,3.4
66,1977,NOJ,99.7,0.5009033896,0.2
67,1977,NYK,100.1,0.5157588477,0.6
68,1977,NYN,98.7,0.5154418318,-0.8
69,1977,PHI,97.6,0.4931186428,-1.9
70,1977,PHO,97.5,0.5144526075,-2
71,1977,POR,98,0.5114474933,-1.5
72,1977,SAS,102,0.5223272345,2.5
73,1977,SEA,98.2,0.513256506,-1.3
74,1977,WSB,98.4,0.4976806663,-1.1
75,1978,ATL,99.8,0.5349739956,-1.1
76,1978,BOS,100.9,0.5038044942,0
77,1978,BUF,103.8,0.5198860333,2.9
78,1978,CHI,102.9,0.527737531,2
79,1978,CLE,99.4,0.4983788943,-1.5
80,1978,DEN,101.5,0.5145029187,0.6
81,1978,DET,101.5,0.5215907884,0.6
82,1978,GSW,99.3,0.5143862014,-1.6
83,1978,HOU,106.1,0.5269576288,5.2
84,1978,IND,101.9,0.5209191143,1
85,1978,KCK,102.2,0.5260126261,1.3
86,1978,LAL,100.8,0.5024481895,-0.1
87,1978,MIL,102.4,0.5271029484,1.5
88,1978,NJN,100.2,0.5201800298,-0.7
89,1978,NOJ,100.6,0.5037748044,-0.3
90,1978,NYK,102.2,0.5210540402,1.3
91,1978,PHI,100.3,0.5072013906,-0.6
92,1978,PHO,97,0.5151949236,-3.9
93,1978,POR,97.2,0.5001754369,-3.7
94,1978,SAS,101.4,0.5094371698,0.5
95,1978,SEA,97.7,0.5054922409,-3.2
96,1978,WSB,100.5,0.5040567267,-0.4
97,1979,ATL,103.6,0.542859899,-0.2
98,1979,BOS,106.4,0.545854608,2.6
99,1979,CHI,105.1,0.5368785509,1.3
100,1979,CLE,107.3,0.5499554534,3.5
101,1979,DEN,103.2,0.520719713,-0.6
102,1979,DET,104.6,0.535284033,0.8
103,1979,GSW,102,0.5235761654,-1.8
104,1979,HOU,107.7,0.536006718,3.9
105,1979,IND,104.5,0.5279115725,0.7
106,1979,KCK,101.9,0.5421273369,-1.9
107,1979,LAL,103.2,0.5178991083,-0.6
108,1979,MIL,104,0.5352140623,0.2
109,1979,NJN,101.8,0.5355616684,-2
110,1979,NOJ,105.4,0.5203140716,1.6
111,1979,NYK,105.4,0.5319733073,1.6
112,1979,PHI,100.3,0.5103656648,-3.5
113,1979,PHO,102.4,0.534695651,-1.4
114,1979,POR,103.1,0.5383335131,-0.7
115,1979,SAS,102.4,0.5196691005,-1.4
116,1979,SDC,107.9,0.5347982022,4.1
117,1979,SEA,100.1,0.5047697392,-3.7
118,1979,WSB,102.7,0.5095142488,-1.1
119,1980,ATL,102.3,0.5193791879,-3
120,1980,BOS,101.9,0.5225144379,-3.4
121,1980,CHI,107,0.5469446166,1.7
122,1980,CLE,106.4,0.5453482936,1.1
123,1980,DEN,107.6,0.5388132114,2.3
124,1980,DET,108.8,0.5447773041,3.5
125,1980,GSW,106.3,0.5468622596,1
126,1980,HOU,108,0.544462213,2.7
127,1980,IND,106.2,0.5363071024,0.9
128,1980,KCK,101,0.5316611212,-4.3
129,1980,LAL,103.9,0.5116594819,-1.4
130,1980,MIL,102.9,0.512606032,-2.4
131,1980,NJN,102.5,0.5243215075,-2.8
132,1980,NYK,107.5,0.5476612694,2.2
133,1980,PHI,101,0.5057732104,-4.3
134,1980,PHO,102.2,0.5241691987,-3.1
135,1980,POR,104.3,0.5285434693,-1
136,1980,SAS,109,0.5454078867,3.7
137,1980,SDC,109.8,0.5435659827,4.5
138,1980,SEA,101.2,0.5087421194,-4.1
139,1980,UTA,110.4,0.5450675891,5.1
140,1980,WSB,105.7,0.5143175186,0.2
141,1981,ATL,107.3,0.5516226099,1.8
142,1981,BOS,102.6,0.5137456796,-2.9
143,1981,CHI,105.8,0.53624857,0.3
144,1981,CLE,109.1,0.5510586062,3.6
145,1981,DAL,110.8,0.5582553143,5.3
146,1981,DEN,109.8,0.5496114069,4.3
147,1981,DET,104.3,0.5540201518,-1.2
148,1981,GSW,109.7,0.5507063658,4.2
149,1981,HOU,106.7,0.5352227484,1.2
150,1981,IND,105,0.539202337,-0.5
151,1981,KCK,104.7,0.5335280516,-0.8
152,1981,LAL,103.9,0.508755543,-1.6
153,1981,MIL,101.8,0.5161480608,-3.7
154,1981,NJN,106.7,0.5558943285,1.2
155,1981,NYK,104.4,0.5442003576,-1.1
156,1981,PHI,99.5,0.5047869363,-6
157,1981,PHO,99.4,0.5179865337,-6.1
158,1981,POR,105.7,0.5363301607,0.2
159,1981,SAS,105.7,0.5197352264,0.2
160,1981,SDC,107.6,0.552700735,2.1
161,1981,SEA,104.8,0.5131989123,-0.7
162,1981,UTA,109.4,0.5418422637,3.9
163,1981,WSB,102.7,0.5129805824,-2.8
164,1982,ATL,104.6,0.5279397212,-2.3
165,1982,BOS,103.5,0.5162391409,-3.4
166,1982,CHI,108.6,0.5372485925,1.7
167,1982,CLE,111.8,0.5615587562,4.9
168,1982,DAL,110.4,0.5552214923,3.5
169,1982,DEN,113.9,0.5626645282,7
170,1982,DET,106.6,0.5511203574,-0.3
171,1982,GSW,107.7,0.5403093446,0.8
172,1982,HOU,108.3,0.5383243809,1.4
173,1982,IND,104.6,0.533215341,-2.3
174,1982,KCK,107.2,0.5544500768,0.3
175,1982,LAL,105.5,0.5256046117,-1.4
176,1982,MIL,102.3,0.5176749092,-4.6
177,1982,NJN,102.3,0.5379685712,-4.6
178,1982,NYK,108.6,0.5536973535,1.7
179,1982,PHI,103.9,0.5285873535,-3
180,1982,PHO,102.4,0.5160159792,-4.5
181,1982,POR,108.2,0.54360228,1.3
182,1982,SAS,107.6,0.5353219358,0.7
183,1982,SDC,113.8,0.5745083244,6.9
184,1982,SEA,102.3,0.5052871102,-4.6
185,1982,UTA,111.7,0.5547275462,4.8
186,1982,WSB,102.5,0.5121583582,-4.4
187,1983,ATL,103.2,0.5139655931,-1.5
188,1983,BOS,101.8,0.5199570346,-2.9
189,1983,CHI,108,0.5408823503,3.3
190,1983,CLE,106.8,0.5382135378,2.1
191,1983,DAL,109.8,0.5448290281,5.1
192,1983,DEN,109.1,0.5480261465,4.4
193,1983,DET,105.8,0.5337766888,1.1
194,1983,GSW,107.4,0.5537148522,2.7
195,1983,HOU,108.3,0.5486789721,3.6
196,1983,IND,109.4,0.5626237161,4.7
197,1983,KCK,104.9,0.5404723337,0.2
198,1983,LAL,105.2,0.5280853407,0.5
199,1983,MIL,101.4,0.5044600068,-3.3
200,1983,NJN,98.9,0.5274960024,-5.8
201,1983,NYK,99.9,0.5270615839,-4.8
202,1983,PHI,100.9,0.5059494263,-3.8
203,1983,PHO,100.1,0.5059349479,-4.6
204,1983,POR,103.9,0.5321627766,-0.8
205,1983,SAS,106.6,0.5328105625,1.9
206,1983,SDC,109.3,0.5764719594,4.6
207,1983,SEA,102.8,0.5053116589,-1.9
208,1983,UTA,105.1,0.5192018544,0.4
209,1983,WSB,99.3,0.5115589075,-5.4
210,1984,ATL,106.9,0.5338815539,-0.7
211,1984,BOS,104.4,0.5205101192,-3.2
212,1984,CHI,107.5,0.5463176501,-0.1
213,1984,CLE,108.5,0.5426787143,0.9
214,1984,DAL,109.6,0.5465431464,2
215,1984,DEN,112.3,0.5683811935,4.7
216,1984,DET,108.1,0.5473439588,0.5
217,1984,GSW,108.8,0.5624476131,1.2
218,1984,HOU,108.2,0.5392512943,0.6
219,1984,IND,106.5,0.5439084199,-1.1
220,1984,KCK,108,0.5526144028,0.4
221,1984,LAL,107.3,0.5311483462,-0.3
222,1984,MIL,103.6,0.5121085215,-4
223,1984,NJN,105,0.5477242056,-2.6
224,1984,NYK,103.1,0.5432406155,-4.5
225,1984,PHI,104.6,0.5293806894,-3
226,1984,PHO,108,0.5519282029,0.4
227,1984,POR,107.7,0.5627476816,0.1
228,1984,SAS,111.4,0.5504640294,3.8
229,1984,SDC,112.4,0.5569516434,4.8
230,1984,SEA,108.1,0.5354653042,0.5
231,1984,UTA,108,0.5224329987,0.4
232,1984,WSB,107.2,0.5370929009,-0.4
233,1985,ATL,107.3,0.5328308457,-0.6
234,1985,BOS,106.3,0.5223453288,-1.6
235,1985,CHI,109.6,0.5436650467,1.7
236,1985,CLE,108.7,0.5345623955,0.8
237,1985,DAL,109.3,0.5506949921,1.4
238,1985,DEN,108.4,0.5641891734,0.5
239,1985,DET,107.2,0.5463454049,-0.7
240,1985,GSW,113,0.5830977749,5.1
241,1985,HOU,106.3,0.5381249251,-1.6
242,1985,IND,108.4,0.5507398734,0.5
243,1985,KCK,112.1,0.561224252,4.2
244,1985,LAC,110.3,0.5345419714,2.4
245,1985,LAL,107,0.5270473293,-0.9
246,1985,MIL,103.6,0.5225490196,-4.3
247,1985,NJN,107.7,0.5514941328,-0.2
248,1985,NYK,109.6,0.5591187191,1.7
249,1985,PHI,107.3,0.543433256,-0.6
250,1985,PHO,106.8,0.5428066548,-1.1
251,1985,POR,107.2,0.5410745658,-0.7
252,1985,SAS,109,0.551237909,1.1
253,1985,SEA,108.2,0.5435425518,0.3
254,1985,UTA,103.4,0.517169615,-4.5
255,1985,WSB,104.6,0.5333338251,-3.3
256,1986,ATL,105.6,0.5326798345,-1.6
257,1986,BOS,102.6,0.5094763672,-4.6
258,1986,CHI,112.4,0.5590869412,5.2
259,1986,CLE,108.3,0.536585539,1.1
260,1986,DAL,111,0.5449586523,3.8
261,1986,DEN,105.9,0.5415698365,-1.3
262,1986,DET,107.9,0.5448509906,0.7
263,1986,GSW,111.6,0.5644146628,4.4
264,1986,HOU,107.6,0.5416256926,0.4
265,1986,IND,105.9,0.5325747737,-1.3
266,1986,LAC,112.1,0.5514363535,4.9
267,1986,LAL,105.8,0.5288871409,-1.4
268,1986,MIL,102.7,0.5261230528,-4.5
269,1986,NJN,106.9,0.5503957631,-0.3
270,1986,NYK,105.2,0.5428105836,-2
271,1986,PHI,106.3,0.5384121643,-0.9
272,1986,PHO,107.2,0.5457234781,0
273,1986,POR,108.2,0.5558449033,1
274,1986,SAC,109.2,0.5479543674,2
275,1986,SAS,108.2,0.5479231867,1
276,1986,SEA,106,0.5445969779,-1.2
277,1986,UTA,104.6,0.5278407689,-2.6
278,1986,WSB,104.8,0.5162482992,-2.4
279,1987,ATL,105.2,0.5178034472,-3.1
280,1987,BOS,106.8,0.5146167254,-1.5
281,1987,CHI,107.6,0.5392802005,-0.7
282,1987,CLE,106.4,0.5272222856,-1.9
283,1987,DAL,108.7,0.5316074399,0.4
284,1987,DEN,110.2,0.5592010618,1.9
285,1987,DET,105.8,0.5225607131,-2.5
286,1987,GSW,111.2,0.5510127356,2.9
287,1987,HOU,105.5,0.5236603029,-2.8
288,1987,IND,106.6,0.5397880078,-1.7
289,1987,LAC,112.3,0.5683204555,4
290,1987,LAL,106.5,0.5214245509,-1.8
291,1987,MIL,105.6,0.5365500526,-2.7
292,1987,NJN,110.5,0.5505198204,2.2
293,1987,NYK,111.1,0.5463269775,2.8
294,1987,PHI,108.5,0.5394445294,0.2
295,1987,PHO,110.3,0.5498535456,2
296,1987,POR,108.6,0.5431670623,0.3
297,1987,SAC,112.1,0.546096394,3.8
298,1987,SAS,110.8,0.5568755569,2.5
299,1987,SEA,110.3,0.5418724385,2
300,1987,UTA,103.7,0.5203657857,-4.6
301,1987,WSB,107,0.523086651,-1.3
302,1988,ATL,107.6,0.5359068228,-0.4
303,1988,BOS,109.4,0.5350588395,1.4
304,1988,CHI,105.5,0.5247442423,-2.5
305,1988,CLE,106,0.5314760836,-2
306,1988,DAL,107.7,0.5215811634,-0.3
307,1988,DEN,106.3,0.5460711719,-1.7
308,1988,DET,105.3,0.5238105761,-2.7
309,1988,GSW,112.9,0.5605431689,4.9
310,1988,HOU,105.7,0.5216514013,-2.3
311,1988,IND,107.4,0.5313265095,-0.6
312,1988,LAC,107.6,0.5342074222,-0.4
313,1988,LAL,107.3,0.5248450178,-0.7
314,1988,MIL,107.6,0.5325971884,-0.4
315,1988,NJN,109.6,0.5574792417,1.6
316,1988,NYK,106.4,0.5472242921,-1.6
317,1988,PHI,110.3,0.5480540805,2.3
318,1988,PHO,111.4,0.5549275265,3.4
319,1988,POR,107.4,0.5381170668,-0.6
320,1988,SAC,112.1,0.549394235,4.1
321,1988,SAS,112.8,0.5563828812,4.8
322,1988,SEA,108.1,0.5524691662,0.1
323,1988,UTA,103.1,0.5134376493,-4.9
324,1988,WSB,107.2,0.5299614264,-0.8
325,1989,ATL,107.2,0.533762192,-0.6
326,1989,BOS,109.6,0.5409308185,1.8
327,1989,CHO,112.1,0.5601734512,4.3
328,1989,CHI,107.7,0.5338890543,-0.1
329,1989,CLE,102.9,0.5113910823,-4.9
330,1989,DAL,108.6,0.5218517438,0.8
331,1989,DEN,107.1,0.5502901488,-0.7
332,1989,DET,104.7,0.5136109385,-3.1
333,1989,GSW,107.7,0.5265130038,-0.1
334,1989,HOU,104.8,0.5291179887,-3
335,1989,IND,111,0.5328994786,3.2
336,1989,LAC,110.2,0.5415624289,2.4
337,1989,LAL,106.7,0.5222423849,-1.1
338,1989,MIA,109,0.5531882759,1.2
339,1989,MIL,106.4,0.5435986786,-1.4
340,1989,NJN,109.3,0.5525940763,1.5
341,1989,NYK,107.5,0.5504423516,-0.3
342,1989,PHI,111.5,0.552826003,3.7
343,1989,PHO,105.7,0.5196811525,-2.1
344,1989,POR,108,0.5505261308,0.2
345,1989,SAC,110,0.539938618,2.2
346,1989,SAS,107.9,0.5543528295,0.1
347,1989,SEA,108.6,0.548751801,0.8
348,1989,UTA,101.5,0.4985074044,-6.3
349,1989,WSB,108.5,0.5429647217,0.7
350,1990,ATL,111.9,0.5553833827,3.8
351,1990,BOS,107.9,0.522500697,-0.2
352,1990,CHO,109.9,0.5567058174,1.8
353,1990,CHI,109,0.5532631729,0.9
354,1990,CLE,107.2,0.5292266616,-0.9
355,1990,DAL,107.2,0.5260025314,-0.9
356,1990,DEN,106.7,0.5497258775,-1.4
357,1990,DET,103.5,0.5138733692,-4.6
358,1990,GSW,112.6,0.5413268285,4.5
359,1990,HOU,103.4,0.5190844101,-4.7
360,1990,IND,111.4,0.5404768807,3.3
361,1990,LAC,107.4,0.535960007,-0.7
362,1990,LAL,107,0.521230846,-1.1
363,1990,MIA,108.9,0.5511246746,0.8
364,1990,MIL,108.1,0.5470644105,0
365,1990,MIN,108.2,0.5465543604,0.1
366,1990,NJN,108.6,0.5454014519,0.5
367,1990,NYK,108,0.5244792914,-0.1
368,1990,ORL,114.3,0.5543651528,6.2
369,1990,PHI,108.4,0.5379789446,0.3
370,1990,PHO,106.2,0.5176399226,-1.9
371,1990,POR,104.4,0.53122373,-3.7
372,1990,SAC,110,0.5351711863,1.9
373,1990,SAS,104.2,0.5240938993,-3.9
374,1990,SEA,109.8,0.555348071,1.7
375,1990,UTA,105.4,0.5211213919,-2.7
376,1990,WSB,109.7,0.5331753555,1.6
377,1991,ATL,110.1,0.5498587835,2.2
378,1991,BOS,106.7,0.5113285103,-1.2
379,1991,CHO,110.4,0.5543845068,2.5
380,1991,CHI,105.2,0.5325883873,-2.7
381,1991,CLE,108.7,0.536743534,0.8
382,1991,DAL,110.3,0.5386386834,2.4
383,1991,DEN,114.7,0.5757674035,6.8
384,1991,DET,104.6,0.5154485188,-3.3
385,1991,GSW,110.3,0.5495542957,2.4
386,1991,HOU,103.9,0.5140979179,-4
387,1991,IND,112.1,0.547435256,4.2
388,1991,LAC,106.5,0.5308721454,-1.4
389,1991,LAL,105,0.5096129838,-2.9
390,1991,MIA,108.1,0.5443805639,0.2
391,1991,MIL,107.2,0.5469515982,-0.7
392,1991,MIN,110.9,0.5474984396,3
393,1991,NJN,107.4,0.5305964649,-0.5
394,1991,NYK,107.3,0.529670022,-0.6
395,1991,ORL,109.9,0.5420892275,2
396,1991,PHI,108.1,0.5264335828,0.2
397,1991,PHO,106.1,0.5191271641,-1.8
398,1991,POR,104.3,0.5234773102,-3.6
399,1991,SAC,109.1,0.5390883536,1.2
400,1991,SAS,103.3,0.509739095,-4.6
401,1991,SEA,108.5,0.5526243101,0.6
402,1991,UTA,105.1,0.5203893779,-2.8
403,1991,WSB,108.1,0.5262033712,0.2
404,1992,ATL,108.9,0.5370447825,0.7
405,1992,BOS,107,0.5144970256,-1.2
406,1992,CHO,110.9,0.5482818145,2.7
407,1992,CHI,104.5,0.5198638346,-3.7
408,1992,CLE,108.2,0.5185602873,0
409,1992,DAL,111.1,0.5334292196,2.9
410,1992,DEN,108.6,0.5463462129,0.4
411,1992,DET,105.3,0.5097484745,-2.9
412,1992,GSW,109.9,0.545008987,1.7
413,1992,HOU,108,0.5193275054,-0.2
414,1992,IND,109.9,0.5338998663,1.7
415,1992,LAC,104.7,0.5228784358,-3.5
416,1992,LAL,108.9,0.5290396268,0.7
417,1992,MIA,110.9,0.5497035665,2.7
418,1992,MIL,110.6,0.5553651229,2.4
419,1992,MIN,112.4,0.5411773662,4.2
420,1992,NJN,108.7,0.5356977249,0.5
421,1992,NYK,104.2,0.5212373807,-4
422,1992,ORL,110.5,0.5480284036,2.3
423,1992,PHI,109.7,0.5339016844,1.5
424,1992,PHO,106.2,0.515324192,-2
425,1992,POR,104.2,0.521212284,-4
426,1992,SAC,109.9,0.5364929045,1.7
427,1992,SAS,104.1,0.5154381599,-4.1
428,1992,SEA,108.8,0.5400558744,0.6
429,1992,UTA,105.6,0.5167247335,-2.6
430,1992,WSB,108.4,0.5368522967,0.2
431,1993,ATL,110.2,0.5556959302,2.2
432,1993,BOS,107.8,0.528241393,-0.2
433,1993,CHO,109.7,0.5253564297,1.7
434,1993,CHI,106.1,0.5394118555,-1.9
435,1993,CLE,106,0.5192308654,-2
436,1993,DAL,114.7,0.5770053502,6.7
437,1993,DEN,106.3,0.5268894476,-1.7
438,1993,DET,108.9,0.5376413188,0.9
439,1993,GSW,110.2,0.5483222966,2.2
440,1993,HOU,105.2,0.5144012229,-2.8
441,1993,IND,110.1,0.5358991423,2.1
442,1993,LAC,107.1,0.5389093273,-0.9
443,1993,LAL,108.9,0.5394113245,0.9
444,1993,MIA,108.9,0.5467886591,0.9
445,1993,MIL,110.1,0.5494436078,2.1
446,1993,MIN,111.8,0.5513146735,3.8
447,1993,NJN,105.2,0.5248219084,-2.8
448,1993,NYK,99.7,0.5042490215,-8.3
449,1993,ORL,107.1,0.5165883884,-0.9
450,1993,PHI,110.4,0.5390885469,2.4
451,1993,PHO,106.7,0.5322746226,-1.3
452,1993,POR,105.2,0.5332262315,-2.8
453,1993,SAC,109.6,0.5541668087,1.6
454,1993,SAS,106.8,0.5218802293,-1.2
455,1993,SEA,104.9,0.5379241724,-3.1
456,1993,UTA,107.4,0.5331261905,-0.6
457,1993,WSB,110.8,0.5484826746,2.8
458,1994,ATL,101.7,0.5110107723,-4.6
459,1994,BOS,108.7,0.5379579322,2.4
460,1994,CHO,108.6,0.5299921016,2.3
461,1994,CHI,102.7,0.5245217279,-3.6
462,1994,CLE,105.1,0.5236324818,-1.2
463,1994,DAL,109.6,0.5596073153,3.3
464,1994,DEN,102.3,0.5040729141,-4
465,1994,DET,110.9,0.5396257623,4.6
466,1994,GSW,106.5,0.526725524,0.2
467,1994,HOU,101.4,0.4967931868,-4.9
468,1994,IND,104.2,0.520659715,-2.1
469,1994,LAC,108.6,0.5311594479,2.3
470,1994,LAL,109.3,0.5338770982,3
471,1994,MIA,106.7,0.532447297,0.4
472,1994,MIL,109.3,0.5557040928,3
473,1994,MIN,109.2,0.534301422,2.9
474,1994,NJN,104.9,0.5161611226,-1.4
475,1994,NYK,98.2,0.5014677104,-8.1
476,1994,ORL,106.7,0.5200182414,0.4
477,1994,PHI,109.7,0.5340910213,3.4
478,1994,PHO,106.8,0.5290038083,0.5
479,1994,POR,105.5,0.5340486352,-0.8
480,1994,SAC,109.2,0.5413806566,2.9
481,1994,SAS,104.6,0.5042829332,-1.7
482,1994,SEA,101.5,0.5292154657,-4.8
483,1994,UTA,104.1,0.5188975113,-2.2
484,1994,WSB,112.2,0.5588140036,5.9
485,1995,ATL,105.2,0.5331979873,-3.1
486,1995,BOS,110.6,0.5501987434,2.3
487,1995,CHO,106.1,0.5232814336,-2.2
488,1995,CHI,104.3,0.5355840156,-4
489,1995,CLE,104.6,0.5356748077,-3.7
490,1995,DAL,110.6,0.5538832949,2.3
491,1995,DEN,108.2,0.5347010606,-0.1
492,1995,DET,112.9,0.5577835663,4.6
493,1995,GSW,112.2,0.5562271062,3.9
494,1995,HOU,107.4,0.5273563323,-0.9
495,1995,IND,105.6,0.5345181489,-2.7
496,1995,LAC,111.1,0.5730836895,2.8
497,1995,LAL,109.4,0.5374403052,1.1
498,1995,MIA,109.9,0.5547290537,1.6
499,1995,MIL,110.9,0.5665828074,2.6
500,1995,MIN,112.4,0.5564730757,4.1
501,1995,NJN,108.6,0.5308900068,0.3
502,1995,NYK,103.8,0.5207971622,-4.5
503,1995,ORL,107.8,0.5306971385,-0.5
504,1995,PHI,109.7,0.5441274405,1.4
505,1995,PHO,110.4,0.5538531223,2.1
506,1995,POR,105.7,0.5416522457,-2.6
507,1995,SAC,106.5,0.5327924663,-1.8
508,1995,SAS,105.4,0.5227944195,-2.9
509,1995,SEA,106.3,0.5413810382,-2
510,1995,UTA,105.7,0.5474180263,-2.6
511,1995,WSB,111.3,0.5587162561,3
512,1996,ATL,108,0.5496850655,0.4
513,1996,BOS,109.9,0.5555246016,2.3
514,1996,CHO,111.8,0.5642911151,4.2
515,1996,CHI,101.8,0.5218862136,-5.8
516,1996,CLE,106.7,0.550212477,-0.9
517,1996,DAL,111.2,0.561662383,3.6
518,1996,DEN,108.1,0.5370278589,0.5
519,1996,DET,105.1,0.5237095993,-2.5
520,1996,GSW,109.9,0.5506352532,2.3
521,1996,HOU,107.4,0.5298719225,-0.2
522,1996,IND,107.2,0.5393023982,-0.4
523,1996,LAC,110.3,0.5597400601,2.7
524,1996,LAL,106.6,0.5284732732,-1
525,1996,MIA,103.8,0.5263356984,-3.8
526,1996,MIL,111.5,0.5599844028,3.9
527,1996,MIN,109.8,0.5547383822,2.2
528,1996,NJN,106.5,0.5352315805,-1.1
529,1996,NYK,103.5,0.5232655103,-4.1
530,1996,ORL,106.9,0.5316235778,-0.7
531,1996,PHI,113,0.5584210362,5.4
532,1996,PHO,110,0.549750307,2.4
533,1996,POR,103.5,0.5222727798,-4.1
534,1996,SAC,109.1,0.5514096622,1.5
535,1996,SAS,103.5,0.5128231559,-4.1
536,1996,SEA,102.1,0.524048218,-5.5
537,1996,TOR,111.8,0.5600335109,4.2
538,1996,UTA,106.1,0.5431179279,-1.5
539,1996,VAN,108.5,0.5510079809,0.9
540,1996,WSB,107.6,0.5405830319,0
541,1997,ATL,102.3,0.5097072522,-4.4
542,1997,BOS,111.4,0.5754264489,4.7
543,1997,CHO,108.9,0.5326714057,2.2
544,1997,CHI,102.4,0.509432439,-4.3
545,1997,CLE,102.4,0.5336904443,-4.3
546,1997,DAL,108.2,0.5418695043,1.5
547,1997,DEN,111.2,0.5389673045,4.5
548,1997,DET,104.4,0.5235523165,-2.3
549,1997,GSW,112.2,0.5585275811,5.5
550,1997,HOU,104,0.5164211575,-2.7
551,1997,IND,104.7,0.5288311731,-2
552,1997,LAC,107.6,0.5468837942,0.9
553,1997,LAL,103.7,0.5195620059,-3
554,1997,MIA,100.6,0.5120556034,-6.1
555,1997,MIL,108.3,0.5444788628,1.6
556,1997,MIN,107.1,0.5335361789,0.4
557,1997,NJN,109.7,0.5459491982,3
558,1997,NYK,101,0.5163754445,-5.7
559,1997,ORL,106,0.5329921303,-0.7
560,1997,PHI,111.4,0.5480363128,4.7
561,1997,PHO,108.6,0.544600414,1.9
562,1997,POR,103.3,0.5218292762,-3.4
563,1997,SAC,108.7,0.5421046775,2
564,1997,SAS,112.3,0.5540379362,5.6
565,1997,SEA,102.7,0.5339868222,-4
566,1997,TOR,108,0.5469815548,1.3
567,1997,UTA,104,0.5339142202,-2.7
568,1997,VAN,111.8,0.5475609625,5.1
569,1997,WSB,104.9,0.532933622,-1.8
570,1998,ATL,104.3,0.5063067689,-0.7
571,1998,BOS,105.3,0.5615376916,0.3
572,1998,CHO,105.3,0.5328134528,0.3
573,1998,CHI,99.8,0.5002968555,-5.2
574,1998,CLE,99.1,0.5132478037,-5.9
575,1998,DAL,107.2,0.5231699848,2.2
576,1998,DEN,112.1,0.5562284668,7.1
577,1998,DET,103.5,0.5206504565,-1.5
578,1998,GSW,105.7,0.5153049108,0.7
579,1998,HOU,108.6,0.5368344332,3.6
580,1998,IND,101.5,0.5001193505,-3.5
581,1998,LAC,111.2,0.5408405156,6.2
582,1998,LAL,103.7,0.5136705435,-1.3
583,1998,MIA,102,0.5042481696,-3
584,1998,MIL,105.6,0.5361561167,0.6
585,1998,MIN,107.1,0.5252143732,2.1
586,1998,NJN,106.6,0.5448688412,1.6
587,1998,NYK,100.3,0.5114253558,-4.7
588,1998,ORL,103.8,0.5163462442,-1.2
589,1998,PHI,105.4,0.5276869197,0.4
590,1998,PHO,101.8,0.5146640356,-3.2
591,1998,POR,102.4,0.507167848,-2.6
592,1998,SAC,106.9,0.5255892833,1.9
593,1998,SAS,99.4,0.4829285425,-5.6
594,1998,SEA,103.6,0.5194371792,-1.4
595,1998,TOR,111,0.5451822764,6
596,1998,UTA,105.4,0.5235322436,0.4
597,1998,VAN,112,0.5477201678,7
598,1998,WAS,104.5,0.5283710084,-0.5
599,1999,ATL,97.1,0.4797029293,-5.1
600,1999,BOS,102.4,0.5202209431,0.2
601,1999,CHO,102.4,0.5077944093,0.2
602,1999,CHI,103,0.5269131747,0.8
603,1999,CLE,101.6,0.5194388929,-0.6
604,1999,DAL,104.9,0.5152435816,2.7
605,1999,DEN,110.4,0.543185647,8.2
606,1999,DET,100.3,0.5152329749,-1.9
607,1999,GSW,101.1,0.5021408162,-1.1
608,1999,HOU,102.9,0.4991006413,0.7
609,1999,IND,104.4,0.5079465818,2.2
610,1999,LAC,109.7,0.5518714674,7.5
611,1999,LAL,104.3,0.5157508748,2.1
612,1999,MIA,98.9,0.4863979919,-3.3
613,1999,MIL,103,0.5175514447,0.8
614,1999,MIN,101.5,0.5176965412,-0.7
615,1999,NJN,103.6,0.5241104003,1.4
616,1999,NYK,97.5,0.4876182209,-4.7
617,1999,ORL,97.4,0.5061960353,-4.8
618,1999,PHI,97.6,0.5033649603,-4.6
619,1999,PHO,103.3,0.5213920475,1.1
620,1999,POR,97.7,0.4921329916,-4.5
621,1999,SAC,103.1,0.5040362986,0.9
622,1999,SAS,95,0.4639606493,-7.2
623,1999,SEA,106.2,0.5273422041,4
624,1999,TOR,103.9,0.5204266624,1.7
625,1999,UTA,98.4,0.4893382884,-3.8
626,1999,VAN,107.9,0.5378336642,5.7
627,1999,WAS,103.7,0.5249532576,1.5
628,2000,ATL,107.9,0.5207484102,3.8
629,2000,BOS,105.6,0.552227479,1.5
630,2000,CHO,101.4,0.5162317514,-2.7
631,2000,CHI,104.6,0.5284803197,0.5
632,2000,CLE,104,0.5290030056,-0.1
633,2000,DAL,107.2,0.5269558423,3.1
634,2000,DEN,105.8,0.5239861636,1.7
635,2000,DET,105.8,0.5438683637,1.7
636,2000,GSW,108.4,0.5456186413,4.3
637,2000,HOU,105.7,0.5220999244,1.6
638,2000,IND,103.6,0.5093637097,-0.5
639,2000,LAC,110.1,0.5459017827,6
640,2000,LAL,98.2,0.4897848209,-5.9
641,2000,MIA,101,0.4999545739,-3.1
642,2000,MIL,107.9,0.5427232361,3.8
643,2000,MIN,103.4,0.5221959827,-0.7
644,2000,NJN,106.3,0.5324352109,2.2
645,2000,NYK,100.9,0.5061045673,-3.2
646,2000,ORL,101.7,0.5194550248,-2.4
647,2000,PHI,100,0.5124113096,-4.1
648,2000,PHO,99,0.5031302389,-5.1
649,2000,POR,100.8,0.5023955642,-3.3
650,2000,SAC,102.1,0.5178602371,-2
651,2000,SAS,98.6,0.490621237,-5.5
652,2000,SEA,104.6,0.5204506649,0.5
653,2000,TOR,104.9,0.5282044358,0.8
654,2000,UTA,102.3,0.5254774409,-1.8
655,2000,VAN,108.5,0.5450604688,4.4
656,2000,WAS,107,0.5384473781,2.9
657,2001,ATL,104.3,0.5218148517,1.3
658,2001,BOS,103.7,0.5397043938,0.7
659,2001,CHO,99.5,0.5017435367,-3.5
660,2001,CHI,107.3,0.5430285194,4.3
661,2001,CLE,104.9,0.5260742317,1.9
662,2001,DAL,102.6,0.5139003263,-0.4
663,2001,DEN,106.3,0.5194765314,3.3
664,2001,DET,101.8,0.5109964174,-1.2
665,2001,GSW,107.4,0.5459786697,4.4
666,2001,HOU,104.2,0.5153410626,1.2
667,2001,IND,102.2,0.5007530715,-0.8
668,2001,LAC,104.5,0.5094805879,1.5
669,2001,LAL,104.8,0.514773097,1.8
670,2001,MIA,98.5,0.5028381571,-4.5
671,2001,MIL,104.6,0.5233373397,1.6
672,2001,MIN,103.7,0.5219385265,0.7
673,2001,NJN,105.5,0.5358074914,2.5
674,2001,NYK,98.2,0.5009509481,-4.8
675,2001,ORL,102.1,0.5185473595,-0.9
676,2001,PHI,98.9,0.4988289768,-4.1
677,2001,PHO,98,0.5116283495,-5
678,2001,POR,101.8,0.5133695712,-1.2
679,2001,SAC,99.6,0.4980019145,-3.4
680,2001,SAS,98,0.4831941734,-5
681,2001,SEA,105.6,0.52573574,2.6
682,2001,TOR,103.4,0.5175608078,0.4
683,2001,UTA,102.4,0.5312820916,-0.6
684,2001,VAN,105.8,0.5270293796,2.8
685,2001,WAS,107.8,0.5450635553,4.8
686,2002,ATL,106.4,0.5346280825,1.9
687,2002,BOS,101,0.5147325524,-3.5
688,2002,CHO,103.3,0.5117017962,-1.2
689,2002,CHI,107.6,0.5404514636,3.1
690,2002,CLE,108.2,0.5344281454,3.7
691,2002,DAL,107.7,0.5299566306,3.2
692,2002,DEN,107.8,0.53692459,3.3
693,2002,DET,102.4,0.5155285941,-2.1
694,2002,GSW,108.5,0.5330474268,4
695,2002,HOU,108.6,0.5252914699,4.1
696,2002,IND,103.8,0.5135404449,-0.7
697,2002,LAC,106,0.5152590935,1.5
698,2002,LAL,101.7,0.5020367605,-2.8
699,2002,MEM,106.3,0.5240476278,1.8
700,2002,MIA,100.2,0.5042356907,-4.3
701,2002,MIL,107.1,0.5196149118,2.6
702,2002,MIN,105.3,0.5234501405,0.8
703,2002,NJN,99.5,0.5032268388,-5
704,2002,NYK,105.9,0.5247848924,1.4
705,2002,ORL,105.3,0.5263219369,0.8
706,2002,PHI,100.3,0.502666257,-4.2
707,2002,PHO,104,0.5204855923,-0.5
708,2002,POR,104,0.5269484743,-0.5
709,2002,SAC,101.1,0.5044291339,-3.4
710,2002,SAS,99.7,0.4947716705,-4.8
711,2002,SEA,105.6,0.5235722106,1.1
712,2002,TOR,103.1,0.5175371555,-1.4
713,2002,UTA,104.6,0.5390183479,0.1
714,2002,WAS,106.4,0.5256166673,1.9
715,2003,ATL,106.1,0.5136845671,2.5
716,2003,BOS,101.6,0.5179205534,-2
717,2003,CHI,105.6,0.5213865694,2
718,2003,CLE,106.7,0.533600606,3.1
719,2003,DAL,102.3,0.514834298,-1.3
720,2003,DEN,101.3,0.5326564801,-2.3
721,2003,DET,99.9,0.5061384243,-3.7
722,2003,GSW,109.5,0.5247801522,5.9
723,2003,HOU,102.6,0.5061403039,-1
724,2003,IND,100.8,0.5057834026,-2.8
725,2003,LAC,106.8,0.525366206,3.2
726,2003,LAL,104.7,0.5244978809,1.1
727,2003,MEM,107.3,0.5289202854,3.7
728,2003,MIA,102.4,0.5199614823,-1.2
729,2003,MIL,108.6,0.5374292144,5
730,2003,MIN,103.8,0.5122055273,0.2
731,2003,NJN,98.1,0.505260395,-5.5
732,2003,NOH,101.6,0.5109300747,-2
733,2003,NYK,106.2,0.5354753242,2.6
734,2003,ORL,105,0.5343799682,1.4
735,2003,PHI,102.5,0.5340019839,-1.1
736,2003,PHO,102.5,0.5155112892,-1.1
737,2003,POR,102.6,0.5219423491,-1
738,2003,SAC,99.1,0.4887785606,-4.5
739,2003,SAS,99.7,0.4962985183,-3.9
740,2003,SEA,103.9,0.5235120217,0.3
741,2003,TOR,107,0.5320433038,3.4
742,2003,UTA,102.8,0.5190069311,-0.8
743,2003,WAS,104.1,0.519842423,0.5
744,2004,ATL,106.1,0.5222382536,3.2
745,2004,BOS,103.7,0.5234268153,0.8
746,2004,CHI,103.4,0.5184498639,0.5
747,2004,CLE,104.2,0.5130589684,1.3
748,2004,DAL,107.4,0.537442756,4.5
749,2004,DEN,102.7,0.5220638873,-0.2
750,2004,DET,95.4,0.4838777454,-7.5
751,2004,GSW,103.8,0.5170355466,0.9
752,2004,HOU,99,0.4948215079,-3.9
753,2004,IND,97.2,0.5035140562,-5.7
754,2004,LAC,108.5,0.5356457204,5.6
755,2004,LAL,101.3,0.515180913,-1.6
756,2004,MEM,102.2,0.5156083244,-0.7
757,2004,MIA,101.7,0.5161312947,-1.2
758,2004,MIL,105.4,0.525295016,2.5
759,2004,MIN,99.7,0.4896137261,-3.2
760,2004,NJN,98,0.506247186,-4.9
761,2004,NOH,102.4,0.5184430064,-0.5
762,2004,NYK,103.3,0.5137353649,0.4
763,2004,ORL,110.4,0.5403512707,7.5
764,2004,PHI,101.9,0.5122854602,-1
765,2004,PHO,105.5,0.5288823787,2.6
766,2004,POR,105.1,0.5182087453,2.2
767,2004,SAC,104.9,0.5206926991,2
768,2004,SAS,94.1,0.4798343186,-8.8
769,2004,SEA,108,0.5333815967,5.1
770,2004,TOR,100.4,0.4988857096,-2.5
771,2004,UTA,103.3,0.5303915586,0.4
772,2004,WAS,104.8,0.5281206045,1.9
773,2005,ATL,111.1,0.5643375734,5
774,2005,BOS,106.6,0.5325273088,0.5
775,2005,CHA,107.5,0.5472877961,1.4
776,2005,CHI,100.3,0.5063341356,-5.8
777,2005,CLE,105.7,0.5315301893,-0.4
778,2005,DAL,104.1,0.5188252342,-2
779,2005,DEN,103.9,0.5281299378,-2.2
780,2005,DET,101.2,0.5035971223,-4.9
781,2005,GSW,106.9,0.5331808547,0.8
782,2005,HOU,101.7,0.5075441526,-4.4
783,2005,IND,104.6,0.5214480317,-1.5
784,2005,LAC,106.4,0.5263409987,0.3
785,2005,LAL,111.4,0.536023781,5.3
786,2005,MEM,102.9,0.5208565662,-3.2
787,2005,MIA,103.1,0.5096834625,-3
788,2005,MIL,109.8,0.5429669331,3.7
789,2005,MIN,106.6,0.5138607612,0.5
790,2005,NJN,103.1,0.5305148759,-3
791,2005,NOH,107.7,0.541431392,1.6
792,2005,NYK,108.9,0.5487801604,2.8
793,2005,ORL,107.3,0.5320994205,1.2
794,2005,PHI,104.3,0.5366626647,-1.8
795,2005,PHO,107.1,0.5123397048,1
796,2005,POR,107.7,0.5191054851,1.6
797,2005,SAC,108.2,0.5320834569,2.1
798,2005,SAS,98.8,0.5019946809,-7.3
799,2005,SEA,109.6,0.5415796495,3.5
800,2005,TOR,108.7,0.542450983,2.6
801,2005,UTA,109.5,0.5590747471,3.4
802,2005,WAS,107.5,0.540889917,1.4
803,2006,ATL,111.6,0.5592054227,5.4
804,2006,BOS,106.9,0.5408268241,0.7
805,2006,CHA,106.7,0.5577569418,0.5
806,2006,CHI,103.4,0.5240257383,-2.8
807,2006,CLE,105.4,0.5320640192,-0.8
808,2006,DAL,105,0.5248448572,-1.2
809,2006,DEN,105.2,0.5341246291,-1
810,2006,DET,103.1,0.5143380246,-3.1
811,2006,GSW,106.2,0.5360594426,0
812,2006,HOU,103.3,0.5184566999,-2.9
813,2006,IND,102.4,0.5090143582,-3.8
814,2006,LAC,103.6,0.516194865,-2.6
815,2006,LAL,105.7,0.5312707188,-0.5
816,2006,MEM,101.6,0.5162613428,-4.6
817,2006,MIA,104.5,0.5244354693,-1.7
818,2006,MIL,107.4,0.5500673247,1.2
819,2006,MIN,104.5,0.5196542498,-1.7
820,2006,NJN,102.4,0.5260213657,-3.8
821,2006,NOK,106.8,0.5466972293,0.6
822,2006,NYK,111,0.5615285496,4.8
823,2006,ORL,107.5,0.5367955922,1.3
824,2006,PHI,108.1,0.5445185007,1.9
825,2006,PHO,105.8,0.5268295,-0.4
826,2006,POR,111.9,0.5491031769,5.7
827,2006,SAC,105,0.5279146445,-1.2
828,2006,SAS,99.6,0.5011513122,-6.6
829,2006,SEA,114.4,0.5705569173,8.2
830,2006,TOR,112.7,0.5729650741,6.5
831,2006,UTA,107,0.5437696522,0.8
832,2006,WAS,107.3,0.548916922,1.1
833,2007,ATL,108.3,0.5487108355,1.8
834,2007,BOS,106.9,0.5511050547,0.4
835,2007,CHA,107.6,0.549564717,1.1
836,2007,CHI,99.6,0.5200639579,-6.9
837,2007,CLE,101.3,0.5248483312,-5.2
838,2007,DAL,103.2,0.5272282304,-3.3
839,2007,DEN,105.9,0.5353860873,-0.6
840,2007,DET,104.2,0.5215634021,-2.3
841,2007,GSW,107.4,0.552274881,0.9
842,2007,HOU,100.7,0.5116483814,-5.8
843,2007,IND,105.5,0.5408430694,-1
844,2007,LAC,105.6,0.5340530841,-0.9
845,2007,LAL,108.6,0.5478177731,2.1
846,2007,MEM,112.3,0.5690624545,5.8
847,2007,MIA,105.3,0.5283133895,-1.2
848,2007,MIL,111.7,0.5611791142,5.2
849,2007,MIN,107.9,0.5406384532,1.4
850,2007,NJN,106.6,0.5396983472,0.1
851,2007,NOK,106.5,0.5388351091,0
852,2007,NYK,108.8,0.5481386735,2.3
853,2007,ORL,104.1,0.5341045173,-2.4
854,2007,PHI,106.9,0.5414941004,0.4
855,2007,PHO,106.4,0.532470745,-0.1
856,2007,POR,109.9,0.5571682677,3.4
857,2007,SAC,108,0.5558698169,1.5
858,2007,SAS,99.9,0.5105284398,-6.6
859,2007,SEA,110.3,0.5576096692,3.8
860,2007,TOR,106,0.5431916748,-0.5
861,2007,UTA,107,0.5534522499,0.5
862,2007,WAS,110.6,0.5623842266,4.1
863,2008,ATL,108.9,0.5405302112,1.4
864,2008,BOS,98.9,0.5077214252,-8.6
865,2008,CHA,109.4,0.5465981853,1.9
866,2008,CHI,107.2,0.5446862332,-0.3
867,2008,CLE,106.4,0.5379231771,-1.1
868,2008,DAL,106.1,0.5237897273,-1.4
869,2008,DEN,106.3,0.5350614741,-1.2
870,2008,DET,102.9,0.5172500728,-4.6
871,2008,GSW,109.5,0.5546770889,2
872,2008,HOU,101.6,0.5075128307,-5.9
873,2008,IND,107.5,0.5475220225,0
874,2008,LAC,109.1,0.5458204693,1.6
875,2008,LAL,105.5,0.5258993899,-2
876,2008,MEM,111.4,0.5573471142,3.9
877,2008,MIA,110,0.5538145667,2.5
878,2008,MIL,112.8,0.5677608328,5.3
879,2008,MIN,111.2,0.5613101829,3.7
880,2008,NJN,109.4,0.547101526,1.9
881,2008,NOH,105.7,0.5368720166,-1.8
882,2008,NYK,111.9,0.5566979484,4.4
883,2008,ORL,105.5,0.525569653,-2
884,2008,PHI,106,0.5430622405,-1.5
885,2008,PHO,108.1,0.5244337918,0.6
886,2008,POR,108.4,0.5323220562,0.9
887,2008,SAC,109.9,0.5552267429,2.4
888,2008,SAS,101.8,0.5169557591,-5.7
889,2008,SEA,109.5,0.5422962454,2
890,2008,TOR,107,0.5440535365,-0.5
891,2008,UTA,106.5,0.5525019262,-1
892,2008,WAS,109.6,0.5520626816,2.1
893,2009,ATL,107.6,0.534860154,-0.7
894,2009,BOS,102.3,0.5212757269,-6
895,2009,CHA,106.1,0.5405484264,-2.2
896,2009,CHI,108.7,0.5400571878,0.4
897,2009,CLE,102.4,0.5146472835,-5.9
898,2009,DAL,108.4,0.5388561311,0.1
899,2009,DEN,106.8,0.5360622519,-1.5
900,2009,DET,108,0.5336559867,-0.3
901,2009,GSW,113.3,0.5545896326,5
902,2009,HOU,104,0.5163949735,-4.3
903,2009,IND,109.2,0.5489406983,0.9
904,2009,LAC,111.7,0.5530881513,3.4
905,2009,LAL,104.7,0.5303180345,-3.6
906,2009,MEM,109.5,0.5597148244,1.2
907,2009,MIA,107.6,0.5484430765,-0.7
908,2009,MIL,107.9,0.5619043718,-0.4
909,2009,MIN,111.4,0.5611075578,3.1
910,2009,NJN,111,0.5578834535,2.7
911,2009,NOH,107,0.5401243194,-1.3
912,2009,NYK,110.8,0.5581354828,2.5
913,2009,OKC,109.4,0.552548312,1.1
914,2009,ORL,101.9,0.5081386246,-6.4
915,2009,PHI,107.8,0.5483354128,-0.5
916,2009,PHO,111.6,0.5542897094,3.3
917,2009,POR,107.8,0.5444447581,-0.5
918,2009,SAC,114.7,0.5708442842,6.4
919,2009,SAS,104.3,0.5248785575,-4
920,2009,TOR,110,0.5494042858,1.7
921,2009,UTA,107.3,0.5522911238,-1
922,2009,WAS,113.6,0.5714989713,5.3
923,2010,ATL,106.7,0.5348298171,-0.9
924,2010,BOS,103.8,0.5340144585,-3.8
925,2010,CHA,102.8,0.5277564349,-4.8
926,2010,CHI,105.3,0.5245581242,-2.3
927,2010,CLE,104.1,0.5244858192,-3.5
928,2010,DAL,106.3,0.5342873194,-1.3
929,2010,DEN,107.5,0.5424527083,-0.1
930,2010,DET,111.4,0.5718659942,3.8
931,2010,GSW,111.7,0.5700343864,4.1
932,2010,HOU,108,0.5504032153,0.4
933,2010,IND,106.8,0.5381144369,-0.8
934,2010,LAC,110.1,0.5483203186,2.5
935,2010,LAL,103.7,0.5216861905,-3.9
936,2010,MEM,109.9,0.5561845531,2.3
937,2010,MIA,104.1,0.5272214671,-3.5
938,2010,MIL,103.1,0.5365538381,-4.5
939,2010,MIN,111.6,0.5641775953,4
940,2010,NJN,110.5,0.5561837097,2.9
941,2010,NOH,110.1,0.5584851009,2.5
942,2010,NYK,111.6,0.5613838247,4
943,2010,OKC,104.6,0.5282727139,-3
944,2010,ORL,103.3,0.5177487341,-4.3
945,2010,PHI,110.3,0.5596654095,2.7
946,2010,PHO,110.2,0.5334669111,2.6
947,2010,POR,107.1,0.5417572615,-0.5
948,2010,SAC,109.9,0.5504556471,2.3
949,2010,SAS,104.5,0.5245679872,-3.1
950,2010,TOR,113.2,0.5586851076,5.6
951,2010,UTA,105,0.5422745438,-2.6
952,2010,WAS,109.4,0.5462419818,1.8
953,2011,ATL,107,0.5366011572,-0.3
954,2011,BOS,100.3,0.5160911602,-7
955,2011,CHA,107.8,0.5440890838,0.5
956,2011,CHI,100.3,0.5087576718,-7
957,2011,CLE,111.8,0.5607958771,4.5
958,2011,DAL,105,0.5275960971,-2.3
959,2011,DEN,107.3,0.5417635978,0
960,2011,DET,111.7,0.5672593791,4.4
961,2011,GSW,110.7,0.5568346507,3.4
962,2011,HOU,109,0.5425603029,1.7
963,2011,IND,106,0.5311401886,-1.3
964,2011,LAC,108.7,0.5460983998,1.4
965,2011,LAL,104.3,0.5141814127,-3
966,2011,MEM,105.1,0.5447093159,-2.2
967,2011,MIA,103.5,0.5181558275,-3.8
968,2011,MIL,102.5,0.5281152059,-4.8
969,2011,MIN,111.1,0.5602724223,3.8
970,2011,NJN,109.9,0.5465576295,2.6
971,2011,NOH,105.2,0.5430128729,-2.1
972,2011,NYK,110.1,0.5541635773,2.8
973,2011,OKC,107.2,0.5349357948,-0.1
974,2011,ORL,102,0.5178104707,-5.3
975,2011,PHI,105,0.5321952856,-2.3
976,2011,PHO,110.4,0.5508642301,3.1
977,2011,POR,107.1,0.551889392,-0.2
978,2011,SAC,109,0.5546013379,1.7
979,2011,SAS,105.6,0.5280579247,-1.7
980,2011,TOR,112.9,0.5664918033,5.6
981,2011,UTA,110.1,0.5560988025,2.8
982,2011,WAS,110.2,0.5566883012,2.9
983,2012,ATL,101.2,0.516763721,-3.4
984,2012,BOS,98.2,0.4978787797,-6.4
985,2012,CHA,110.4,0.548819095,5.8
986,2012,CHI,98.3,0.4863140089,-6.3
987,2012,CLE,108.9,0.5444301055,4.3
988,2012,DAL,102.3,0.5189333139,-2.3
989,2012,DEN,106.2,0.5418739985,1.6
990,2012,DET,106.3,0.5428277603,1.7
991,2012,GSW,109.1,0.5394184168,4.5
992,2012,HOU,105.2,0.5309407161,0.6
993,2012,IND,103.1,0.5179137824,-1.5
994,2012,LAC,105.7,0.5370678784,1.1
995,2012,LAL,104.4,0.5072463768,-0.2
996,2012,MEM,101.8,0.528812344,-2.8
997,2012,MIA,100.2,0.5166653126,-4.4
998,2012,MIL,105.2,0.5317048496,0.6
999,2012,MIN,106.6,0.5267915216,2
1000,2012,NJN,109.6,0.549370228,5
1001,2012,NOH,105.1,0.5275337711,0.5
1002,2012,NYK,101,0.526054298,-3.6
1003,2012,OKC,103.2,0.5079906501,-1.4
1004,2012,ORL,104.1,0.5258640109,-0.5
1005,2012,PHI,99.2,0.5002645467,-5.4
1006,2012,PHO,106.5,0.5295051877,1.9
1007,2012,POR,106.4,0.5403197729,1.8
1008,2012,SAC,109.8,0.5510062479,5.2
1009,2012,SAS,103.2,0.5217516698,-1.4
1010,2012,TOR,104.5,0.5240041893,-0.1
1011,2012,UTA,106.1,0.5383961462,1.5
1012,2012,WAS,106.2,0.535709574,1.6
1013,2013,ATL,104.4,0.5308262813,-1.4
1014,2013,BOS,103.3,0.5230080841,-2.5
1015,2013,BKN,106.2,0.5337264758,0.4
1016,2013,CHA,111.5,0.5577080043,5.7
1017,2013,CHI,103.2,0.5167308141,-2.6
1018,2013,CLE,109.4,0.5605111548,3.6
1019,2013,DAL,106.5,0.5344174581,0.7
1020,2013,DEN,105.1,0.5283378302,-0.7
1021,2013,DET,108.1,0.543440363,2.3
1022,2013,GSW,105.5,0.5260686429,-0.3
1023,2013,HOU,106.1,0.5396057661,0.3
1024,2013,IND,99.8,0.4953271532,-6
1025,2013,LAC,103.6,0.5346090465,-2.2
1026,2013,LAL,106.6,0.5256706964,0.8
1027,2013,MEM,100.3,0.5163155429,-5.5
1028,2013,MIA,103.7,0.5266751393,-2.1
1029,2013,MIL,105.2,0.5306187178,-0.6
1030,2013,MIN,105.4,0.5447677915,-0.4
1031,2013,NOH,110.1,0.5568452232,4.3
1032,2013,NYK,106.3,0.5476372547,0.5
1033,2013,OKC,102.6,0.5104410148,-3.2
1034,2013,ORL,109.1,0.5426871096,3.3
1035,2013,PHI,105.7,0.5337286279,-0.1
1036,2013,PHO,108.1,0.5492803669,2.3
1037,2013,POR,109.2,0.5466452997,3.4
1038,2013,SAC,111.4,0.5595154631,5.6
1039,2013,SAS,101.6,0.5157424139,-4.2
1040,2013,TOR,107.5,0.5439546552,1.7
1041,2013,UTA,106.8,0.5428973239,1
1042,2013,WAS,103,0.5221800151,-2.8
1043,2014,ATL,106.4,0.5451446032,-0.2
1044,2014,BOS,107.7,0.5467483766,1.1
1045,2014,BKN,107.7,0.5512371596,1.1
1046,2014,CHA,103.8,0.5262072357,-2.8
1047,2014,CHI,100.5,0.509066909,-6.1
1048,2014,CLE,107.7,0.5447415815,1.1
1049,2014,DAL,108.7,0.5554556323,2.1
1050,2014,DEN,108.2,0.5432267983,1.6
1051,2014,DET,109.7,0.5585858008,3.1
1052,2014,GSW,102.6,0.5220790462,-4
1053,2014,HOU,106.3,0.5265052258,-0.3
1054,2014,IND,99.3,0.5006002972,-7.3
1055,2014,LAC,104.8,0.5266198108,-1.8
1056,2014,LAL,110.6,0.5459212528,4
1057,2014,MEM,104.6,0.5354302222,-2
1058,2014,MIA,105.8,0.5486823383,-0.8
1059,2014,MIL,111.8,0.5587076894,5.2
1060,2014,MIN,106.2,0.5500012867,-0.4
1061,2014,NOP,110.1,0.5581146238,3.5
1062,2014,NYK,109.1,0.5579214022,2.5
1063,2014,OKC,103.9,0.5275743825,-2.7
1064,2014,ORL,107.4,0.5436592167,0.8
1065,2014,PHI,109.9,0.5653814882,3.3
1066,2014,PHO,106.7,0.5413352894,0.1
1067,2014,POR,107.4,0.5263171045,0.8
1068,2014,SAC,108.8,0.552366335,2.2
1069,2014,SAS,102.4,0.5185206294,-4.2
1070,2014,TOR,105.3,0.5370618794,-1.3
1071,2014,UTA,111.3,0.5589875647,4.7
1072,2014,WAS,104.6,0.5452759699,-2
1073,2015,ATL,103.1,0.5280158696,-2.5
1074,2015,BOS,104.5,0.5331519114,-1.1
1075,2015,BKN,107.4,0.5385232202,1.8
1076,2015,CHO,103.5,0.5251265936,-2.1
1077,2015,CHI,104.3,0.5096528336,-1.3
1078,2015,CLE,106.3,0.5345749039,0.7
1079,2015,DAL,106.4,0.5408185892,0.8
1080,2015,DEN,108.2,0.5463471954,2.6
1081,2015,DET,106.4,0.5392911154,0.8
1082,2015,GSW,101.4,0.5137510604,-4.2
1083,2015,HOU,103.4,0.525974457,-2.2
1084,2015,IND,103.2,0.520645239,-2.4
1085,2015,LAC,105.5,0.5351835436,-0.1
1086,2015,LAL,110.6,0.557109894,5
1087,2015,MEM,102.2,0.5260146496,-3.4
1088,2015,MIA,106.7,0.5418274194,1.1
1089,2015,MIL,102.2,0.5284522726,-3.4
1090,2015,MIN,112.2,0.5686107597,6.6
1091,2015,NOP,107.3,0.532801367,1.7
1092,2015,NYK,110,0.554295439,4.4
1093,2015,OKC,105.5,0.5288205622,-0.1
1094,2015,ORL,107.7,0.5509970423,2.1
1095,2015,PHI,104.8,0.539274956,-0.8
1096,2015,PHO,106.2,0.5385114174,0.6
1097,2015,POR,103.7,0.5130308047,-1.9
1098,2015,SAC,109.2,0.5431876425,3.6
1099,2015,SAS,102,0.5209779949,-3.6
1100,2015,TOR,107.7,0.5420457166,2.1
1101,2015,UTA,104.9,0.5286358573,-0.7
1102,2015,WAS,103,0.5209469921,-2.6
1103,2016,ATL,101.4,0.5179899165,-5
1104,2016,BOS,103.6,0.5311620101,-2.8
1105,2016,BKN,110.9,0.5650378599,4.5
1106,2016,CHO,104.3,0.533719487,-2.1
1107,2016,CHI,106.5,0.5200031486,0.1
1108,2016,CLE,104.5,0.5338179603,-1.9
1109,2016,DAL,107,0.539632488,0.6
1110,2016,DEN,108.9,0.5543093058,2.5
1111,2016,DET,105.5,0.5423207229,-0.9
1112,2016,GSW,103.8,0.5196744777,-2.6
1113,2016,HOU,108.1,0.5544239484,1.7
1114,2016,IND,102.9,0.5281184442,-3.5
1115,2016,LAC,103.8,0.5234261547,-2.6
1116,2016,LAL,111.6,0.5563962079,5.2
1117,2016,MEM,107.8,0.5625446786,1.4
1118,2016,MIA,104.4,0.5247215445,-2
1119,2016,MIL,108.7,0.5511182525,2.3
1120,2016,MIN,110.1,0.558894973,3.7
1121,2016,NOP,109.5,0.5638709411,3.1
1122,2016,NYK,107.6,0.5264354559,1.2
1123,2016,OKC,105.6,0.5242857143,-0.8
1124,2016,ORL,106.8,0.5508446025,0.4
1125,2016,PHI,109.2,0.5553640097,2.8
1126,2016,PHO,109,0.5631793027,2.6
1127,2016,POR,108,0.5426452975,1.6
1128,2016,SAC,108.4,0.5567882972,2
1129,2016,SAS,99,0.5134917982,-7.4
1130,2016,TOR,105.2,0.5348726614,-1.2
1131,2016,UTA,103.9,0.5342089387,-2.5
1132,2016,WAS,105.8,0.5550391731,-0.6
1133,2017,ATL,105.7,0.5408699578,-3.1
1134,2017,BOS,108.4,0.5445907723,-0.4
1135,2017,BKN,110.7,0.5523581652,1.9
1136,2017,CHO,108.6,0.5538538161,-0.2
1137,2017,CHI,107,0.5396238051,-1.8
1138,2017,CLE,110.3,0.5486827119,1.5
1139,2017,DAL,108.8,0.5678571821,0
1140,2017,DEN,112.7,0.5672882638,3.9
1141,2017,DET,107.1,0.5534663954,-1.7
1142,2017,GSW,104,0.5245300152,-4.8
1143,2017,HOU,109,0.5555651739,0.2
1144,2017,IND,108.8,0.5551869738,0
1145,2017,LAC,108.2,0.5456819781,-0.6
1146,2017,LAL,113,0.5770998884,4.2
1147,2017,MEM,107.1,0.5514616862,-1.7
1148,2017,MIA,106.7,0.5396643292,-2.1
1149,2017,MIL,109.3,0.5572139303,0.5
1150,2017,MIN,112,0.5712688594,3.2
1151,2017,NOP,107.4,0.5424028796,-1.4
1152,2017,NYK,111.5,0.5509647014,2.7
1153,2017,OKC,107.5,0.5509608646,-1.3
1154,2017,ORL,110.5,0.55871332,1.7
1155,2017,PHI,108.9,0.5554094007,0.1
1156,2017,PHO,112.2,0.5722093327,3.4
1157,2017,POR,110.8,0.554135016,2
1158,2017,SAC,111.3,0.5681463932,2.5
1159,2017,SAS,103.5,0.5301612818,-5.3
1160,2017,TOR,107.8,0.5495474085,-1
1161,2017,UTA,105.3,0.5310221323,-3.5
1162,2017,WAS,109.3,0.5608223101,0.5
1163,2018,ATL,110.6,0.5683642424,2
1164,2018,BOS,103.9,0.5318310747,-4.7
1165,2018,BKN,110.6,0.5531076237,2
1166,2018,CHO,109.1,0.5634288653,0.5
1167,2018,CHI,110.9,0.5746679583,2.3
1168,2018,CLE,111.9,0.5678668266,3.3
1169,2018,DAL,109.5,0.5652493666,0.9
1170,2018,DEN,111,0.5669423973,2.4
1171,2018,DET,107.3,0.5555396186,-1.3
1172,2018,GSW,107.7,0.5390772934,-0.9
1173,2018,HOU,106.1,0.5512983147,-2.5
1174,2018,IND,108.1,0.5577914514,-0.5
1175,2018,LAC,110.2,0.5573884225,1.6
1176,2018,LAL,108,0.5491196004,-0.6
1177,2018,MEM,111,0.5728667433,2.4
1178,2018,MIA,106.3,0.5479460947,-2.3
1179,2018,MIL,110.1,0.5677279471,1.5
1180,2018,MIN,111.1,0.5725334916,2.5
1181,2018,NOP,108.3,0.5468870806,-0.3
1182,2018,NYK,110.7,0.5594545161,2.1
1183,2018,OKC,107.2,0.5599200787,-1.4
1184,2018,ORL,110.1,0.5586725829,1.5
1185,2018,PHI,105,0.5323753249,-3.6
1186,2018,PHO,112.9,0.5692290347,4.3
1187,2018,POR,106.4,0.5390973183,-2.2
1188,2018,SAC,111.1,0.5759019832,2.5
1189,2018,SAS,104.8,0.5391462168,-3.8
1190,2018,TOR,105.9,0.5410974916,-2.7
1191,2018,UTA,103.9,0.5426741966,-4.7
1192,2018,WAS,108.7,0.559629437,0.1
1193,2019,ATL,113.9,0.5799787633,3.5
1194,2019,BOS,107.8,0.5501088783,-2.6
1195,2019,BKN,109.7,0.5479090221,-0.7
1196,2019,CHO,112.5,0.570236526,2.1
1197,2019,CHI,113.2,0.5730438214,2.8
1198,2019,CLE,117.6,0.5930494979,7.2
1199,2019,DAL,110.7,0.5569890033,0.3
1200,2019,DEN,108.9,0.5548665429,-1.5
1201,2019,DET,109.2,0.5621236749,-1.2
1202,2019,GSW,109.5,0.5464166571,-0.9
1203,2019,HOU,110.7,0.5620898942,0.3
1204,2019,IND,106.5,0.549205878,-3.9
1205,2019,LAC,111.5,0.5552159015,1.1
1206,2019,LAL,109.5,0.5520044417,-0.9
1207,2019,MEM,108.8,0.5632193132,-1.6
1208,2019,MIA,107.6,0.5473960408,-2.8
1209,2019,MIL,105.2,0.5323637211,-5.2
1210,2019,MIN,112.9,0.5705822308,2.5
1211,2019,NOP,112.6,0.5660696381,2.2
1212,2019,NYK,113.7,0.5682704114,3.3
1213,2019,OKC,107,0.5595116989,-3.4
1214,2019,ORL,108.1,0.5504705005,-2.3
1215,2019,PHI,110,0.549646996,-0.4
1216,2019,PHO,115.1,0.5823806305,4.7
1217,2019,POR,110.5,0.5519186149,0.1
1218,2019,SAC,111.5,0.5689531503,1.1
1219,2019,SAS,111.2,0.5579230267,0.8
1220,2019,TOR,107.1,0.5446402738,-3.3
1221,2019,UTA,105.7,0.5419209702,-4.7
1222,2019,WAS,113.9,0.580542033,3.5
1223,2020,ATL,114.8,0.5823880961,4.2
1224,2020,BOS,107,0.5487133032,-3.6
1225,2020,BKN,109.5,0.5463325679,-1.1
1226,2020,CHO,113.3,0.5731355,2.7
1227,2020,CHI,109.8,0.5848848403,-0.8
1228,2020,CLE,115.4,0.5866672957,4.8
1229,2020,DAL,111.7,0.5557157063,1.1
1230,2020,DEN,111,0.5665404213,0.4
1231,2020,DET,112.7,0.5739503607,2.1
1232,2020,GSW,113.8,0.5855288708,3.2
1233,2020,HOU,110.1,0.5633110071,-0.5
1234,2020,IND,108,0.5484504144,-2.6
1235,2020,LAC,107.6,0.5441449916,-3
1236,2020,LAL,106.3,0.5536447981,-4.3
1237,2020,MEM,110.3,0.5610898393,-0.3
1238,2020,MIA,109.5,0.5622070368,-1.1
1239,2020,MIL,102.9,0.5253537705,-7.7
1240,2020,MIN,112.2,0.5790736054,1.6
1241,2020,NOP,111.9,0.5704816017,1.3
1242,2020,NYK,113,0.5766440855,2.4
1243,2020,OKC,108.8,0.5518468881,-1.8
1244,2020,ORL,109.5,0.5663581131,-1.1
1245,2020,PHI,109,0.5601316557,-1.6
1246,2020,PHO,111.4,0.5777272803,0.8
1247,2020,POR,114.8,0.5664230382,4.2
1248,2020,SAC,112.2,0.5826338456,1.6
1249,2020,SAS,113.5,0.5755726867,2.9
1250,2020,TOR,105,0.5405424455,-5.6
1251,2020,UTA,109.9,0.5520093563,-0.7
1252,2020,WAS,115.5,0.5958635643,4.9
1253,2021,ATL,113.3,0.5658052935,1
1254,2021,BOS,112.5,0.5770328802,0.2
1255,2021,BKN,113.8,0.5648586787,1.5
1256,2021,CHO,112.8,0.5764575319,0.5
1257,2021,CHI,112,0.5723956107,-0.3
1258,2021,CLE,114.4,0.5865689922,2.1
1259,2021,DAL,113,0.5680841678,0.7
1260,2021,DEN,112.1,0.5789146282,-0.2
1261,2021,DET,112.5,0.5739850841,0.2
1262,2021,GSW,110.1,0.5620959784,-2.2
1263,2021,HOU,114.9,0.5889131252,2.6
1264,2021,IND,112.4,0.5671419596,0.1
1265,2021,LAC,111.2,0.5643951289,-1.1
1266,2021,LAL,107.1,0.5593886463,-5.2
1267,2021,MEM,111,0.5703725239,-1.3
1268,2021,MIA,111.2,0.5746557532,-1.1
1269,2021,MIL,111.4,0.5647486954,-0.9
1270,2021,MIN,115,0.5907164171,2.7
1271,2021,NOP,113.8,0.5826960682,1.5
1272,2021,NYK,108.2,0.5454187717,-4.1
1273,2021,OKC,114,0.575760258,1.7
1274,2021,ORL,114.5,0.577140755,2.2
1275,2021,PHI,107.6,0.5572586884,-4.7
1276,2021,PHO,111.3,0.5682539225,-1
1277,2021,POR,116,0.5816369218,3.7
1278,2021,SAC,117.2,0.5907228424,4.9
1279,2021,SAS,112.8,0.5701022998,0.5
1280,2021,TOR,112.5,0.5842920225,0.2
1281,2021,UTA,108.3,0.537239109,-4
1282,2021,WAS,113,0.5764822284,0.7
1283,2022,ATL,114.9,0.5750059903,2.9
1284,2022,BOS,106.9,0.5377579254,-5.1
1285,2022,BKN,112.8,0.5588568539,0.8
1286,2022,CHO,113.7,0.5753914934,1.7
1287,2022,CHI,113.6,0.5767713865,1.6
1288,2022,CLE,109.7,0.5517365215,-2.3
1289,2022,DAL,109.4,0.5544177806,-2.6
1290,2022,DEN,112.1,0.5692535196,0.1
1291,2022,DET,113.8,0.5800287595,1.8
1292,2022,GSW,106.9,0.5456013728,-5.1
1293,2022,HOU,116.7,0.5888986647,4.7
1294,2022,IND,116.1,0.5873152372,4.1
1295,2022,LAC,110.1,0.5460371757,-1.9
1296,2022,LAL,113.3,0.5712149298,1.3
1297,2022,MEM,109,0.5579848662,-3
1298,2022,MIA,109.1,0.5623035153,-2.9
1299,2022,MIL,111.8,0.5641131981,-0.2
1300,2022,MIN,111.7,0.5750349069,-0.3
1301,2022,NOP,113,0.5811457626,1
1302,2022,NYK,110.5,0.5565077215,-1.5
1303,2022,OKC,112.8,0.5634228584,0.8
1304,2022,ORL,112.5,0.5670754852,0.5
1305,2022,PHI,110.8,0.5586432605,-1.2
1306,2022,PHO,107.3,0.5458431326,-4.7
1307,2022,POR,116.9,0.5950579739,4.9
1308,2022,SAC,115.3,0.5810323806,3.3
1309,2022,SAS,112.3,0.5632705546,0.3
1310,2022,TOR,110.5,0.5713371188,-1.5
1311,2022,UTA,110.5,0.5503741121,-1.5
1312,2022,WAS,114.5,0.5675217393,2.5
1313,2023,ATL,116.3,0.5882631571,1.5
1314,2023,BOS,111.5,0.5600427633,-3.3
1315,2023,BKN,114.1,0.5667631649,-0.7
1316,2023,CHO,115.3,0.5820291681,0.5
1317,2023,CHI,112.2,0.5777003871,-2.6
1318,2023,CLE,110.6,0.57238248,-4.2
1319,2023,DAL,116.7,0.5875529174,1.9
1320,2023,DEN,114.2,0.5774693043,-0.6
1321,2023,DET,118.9,0.5949757333,4.1
1322,2023,GSW,114.4,0.5763590192,-0.4
1323,2023,HOU,119.3,0.6003205002,4.5
1324,2023,IND,117.7,0.593912938,2.9
1325,2023,LAC,114.5,0.5760285648,-0.3
1326,2023,LAL,113.9,0.5658307136,-0.9
1327,2023,MEM,111.2,0.5638713322,-3.6
1328,2023,MIA,113.3,0.5936837274,-1.5
1329,2023,MIL,111.9,0.5530120138,-2.9
1330,2023,MIN,113.8,0.5779914114,-1
1331,2023,NOP,112.5,0.5795962998,-2.3
1332,2023,NYK,114.8,0.5736078536,0
1333,2023,OKC,114.2,0.5839737628,-0.6
1334,2023,ORL,114.2,0.5871635715,-0.6
1335,2023,PHI,113.3,0.5785046158,-1.5
1336,2023,PHO,113,0.5740772347,-1.8
1337,2023,POR,118.8,0.5983186426,4
1338,2023,SAC,116.8,0.5964086111,2
1339,2023,SAS,120,0.6068930348,5.2
1340,2023,TOR,114,0.6020498568,-0.8
1341,2023,UTA,116.7,0.5766874529,1.9
1342,2023,WAS,115.6,0.5751708708,0.8
1343,2024,ATL,119.4,0.6039161044,4.1
1344,2024,BOS,111.6,0.5501383177,-3.7
1345,2024,BKN,116.1,0.5790737812,0.8
1346,2024,CHO,119.8,0.603383989,4.5
1347,2024,CHI,116.3,0.5887731493,1
1348,2024,CLE,112.7,0.5695337864,-2.6
1349,2024,DAL,115.4,0.5787483461,0.1
1350,2024,DEN,113,0.5609610554,-2.3
1351,2024,DET,118.8,0.5959040983,3.5
1352,2024,GSW,115.2,0.5740704715,-0.1
1353,2024,HOU,113.4,0.5705873675,-1.9
1354,2024,IND,118,0.5941047456,2.7
1355,2024,LAC,115.4,0.5726063909,0.1
1356,2024,LAL,115.3,0.5775846764,0
1357,2024,MEM,114.3,0.5845148735,-1
1358,2024,MIA,112.2,0.5734282337,-3.1
1359,2024,MIL,115.8,0.5738491741,0.5
1360,2024,MIN,109,0.5526130658,-6.3
1361,2024,NOP,112.9,0.5741177542,-2.4
1362,2024,NYK,113.4,0.5732800951,-1.9
1363,2024,OKC,112.1,0.5669266794,-3.2
1364,2024,ORL,111.3,0.5785777866,-4
1365,2024,PHI,113.8,0.5756131819,-1.5
1366,2024,PHO,114.6,0.5674231493,-0.7
1367,2024,POR,117.5,0.5945917413,2.2
1368,2024,SAC,115.2,0.5924006604,-0.1
1369,2024,SAS,116.4,0.5851655361,1.1
1370,2024,TOR,118.8,0.5945521663,3.5
1371,2024,UTA,120.4,0.596421831,5.1
1372,2024,WAS,119.6,0.5946571041,4.3
1373,2025,ATL,115.7,0.595458352,1.2
1374,2025,BOS,111.1,0.5512934409,-3.4
1375,2025,BKN,115.8,0.5928481968,1.3
1376,2025,CHO,116.6,0.5806758037,2.1
1377,2025,CHI,115.6,0.5712511497,1.1
1378,2025,CLE,112.2,0.5609122599,-2.3
1379,2025,DAL,116,0.5712857371,1.5
1380,2025,DEN,116,0.5720729541,1.5
1381,2025,DET,113.1,0.5760553904,-1.4
1382,2025,GSW,111.7,0.5736442747,-2.8
1383,2025,HOU,110.8,0.560841524,-3.7
1384,2025,IND,114.3,0.5779911547,-0.2
1385,2025,LAC,110.3,0.5695676061,-4.2
1386,2025,LAL,114.7,0.5707229902,0.2
1387,2025,MEM,113,0.5693594083,-1.5
1388,2025,MIA,112.9,0.5705040011,-1.6
1389,2025,MIL,113.4,0.5649183797,-1.1
1390,2025,MIN,111.5,0.5636789961,-3
1391,2025,NOP,119.9,0.5956731917,5.4
1392,2025,NYK,114.3,0.5798169506,-0.2
1393,2025,OKC,107.5,0.5526972326,-7
1394,2025,ORL,109.6,0.5752328846,-4.9
1395,2025,PHI,118.2,0.6024195717,3.7
1396,2025,PHO,119.3,0.5849931487,4.8
1397,2025,POR,114.7,0.5799205986,0.2
1398,2025,SAC,116.2,0.5903391999,1.7
1399,2025,SAS,117.2,0.5794714019,2.7
1400,2025,TOR,114.8,0.5791261898,0.3
1401,2025,UTA,120.4,0.5892010431,5.9
1402,2025,WAS,119.1,0.5833404213,4.6