,SEASON,MATCHUP,DRTG,ADJ_DRTG,OPP_TS,OPP_ADJ_TS,OPP_TSC,OPP_STOV,rDRTG,rADJ_DRTG
0,1997,ATL,100.3,100.15,0.5097072522,0.5089519861,0,0,-4.679310345,-4.734482759
1,1997,BOS,110.1,110.2,0.5754264489,0.5758464758,0,0,5.120689655,5.315517241
2,1997,CHI,100.7,100.55,0.509432439,0.5081161528,0,0,-4.279310345,-4.334482759
3,1997,CHO,107.1,107,0.5326714057,0.5345365718,0,0,2.120689655,2.115517241
4,1997,CLE,100.8,100.65,0.5336904443,0.5338039623,0,0,-4.179310345,-4.234482759
5,1997,DAL,106,105.95,0.5418695043,0.5410242736,0,0,1.020689655,1.065517241
6,1997,DEN,109.7,109.45,0.5389673045,0.537999947,0,0,4.720689655,4.565517241
7,1997,DET,102.6,102.2,0.5235523165,0.5200398397,0,0,-2.379310345,-2.684482759
8,1997,GSW,110.3,110.4,0.5585275811,0.5583207208,0,0,5.320689655,5.515517241
9,1997,HOU,102.8,102.55,0.5164211575,0.5157366764,0,0,-2.179310345,-2.334482759
10,1997,IND,102.9,101.75,0.5288311731,0.5221153474,0,0,-2.079310345,-3.134482759
11,1997,LAC,106.2,106,0.5468837942,0.545390483,0,0,1.220689655,1.115517241
12,1997,LAL,102.3,102.1,0.5195620059,0.5167752696,0,0,-2.679310345,-2.784482759
13,1997,MIA,99.2,98.7,0.5120556034,0.5121877866,0,0,-5.779310345,-6.184482759
14,1997,MIL,106.7,106.6,0.5444788628,0.5453574322,0,0,1.720689655,1.715517241
15,1997,MIN,105.5,106.15,0.5335361789,0.5361584684,0,0,0.5206896552,1.265517241
16,1997,NJN,107.2,107.4,0.5459491982,0.547125399,0,0,2.220689655,2.515517241
17,1997,NYK,99.5,99.15,0.5163754445,0.5147213315,0,0,-5.479310345,-5.734482759
18,1997,ORL,104.2,104.5,0.5329921303,0.5360666426,0,0,-0.7793103448,-0.3844827586
19,1997,PHI,109.5,109.15,0.5480363128,0.5484546403,0,0,4.520689655,4.265517241
20,1997,PHX,107.1,107.25,0.544600414,0.5439017941,0,0,2.120689655,2.365517241
21,1997,POR,102.1,102.45,0.5218292762,0.5227434201,0,0,-2.879310345,-2.434482759
22,1997,SAC,107,107.25,0.5421046775,0.5433468374,0,0,2.020689655,2.365517241
23,1997,SAS,110.8,110.55,0.5540379362,0.5516436075,0,0,5.820689655,5.665517241
24,1997,SEA,101,100.75,0.5339868222,0.5314464805,0,0,-3.979310345,-4.134482759
25,1997,TOR,106.4,106.15,0.5469815548,0.5453185663,0,0,1.420689655,1.265517241
26,1997,UTA,102.6,102.8,0.5339142202,0.535482051,0,0,-2.379310345,-2.084482759
27,1997,VAN,110.1,109.95,0.5475609625,0.5472350726,0,0,5.120689655,5.065517241
28,1997,WAS,103.7,103.9,0.532933622,0.5352390723,0,0,-1.279310345,-0.9844827586
29,1998,ATL,102.5,102.05,0.5063067689,0.505494338,0,0,-0.7965517241,-1.274137931
30,1998,BOS,103.5,103.7,0.5615376916,0.5640225806,0,0,0.2034482759,0.375862069
31,1998,CHI,98.4,99,0.5002968555,0.503002981,0,0,-4.896551724,-4.324137931
32,1998,CHO,103.3,103.25,0.5328134528,0.5353277917,0,0,0.003448275862,-0.07413793103
33,1998,CLE,97.5,96.95,0.5132478037,0.5125822451,0,0,-5.796551724,-6.374137931
34,1998,DAL,105.2,104.95,0.5231699848,0.5217562611,0,0,1.903448276,1.625862069
35,1998,DEN,110.6,110.85,0.5562284668,0.5557887014,0,0,7.303448276,7.525862069
36,1998,DET,101.8,101.75,0.5206504565,0.5203627441,0,0,-1.496551724,-1.574137931
37,1998,GSW,103.5,103.7,0.5153049108,0.5130965149,0,0,0.2034482759,0.375862069
38,1998,HOU,106.8,107.25,0.5368344332,0.5382377168,0,0,3.503448276,3.925862069
39,1998,IND,99.5,99.1,0.5001193505,0.5013603629,0,0,-3.796551724,-4.224137931
40,1998,LAC,109.6,109.7,0.5408405156,0.5392206704,0,0,6.303448276,6.375862069
41,1998,LAL,102.3,102.5,0.5136705435,0.5141207616,0,0,-0.9965517241,-0.824137931
42,1998,MIA,100.5,100.3,0.5042481696,0.5034479233,0,0,-2.796551724,-3.024137931
43,1998,MIL,103.7,103.55,0.5361561167,0.5357044099,0,0,0.4034482759,0.225862069
44,1998,MIN,105.5,105.7,0.5252143732,0.5259587935,0,0,2.203448276,2.375862069
45,1998,NJN,104.3,104.45,0.5448688412,0.5447008505,0,0,1.003448276,1.125862069
46,1998,NYK,98.8,98.35,0.5114253558,0.5104455585,0,0,-4.496551724,-4.974137931
47,1998,ORL,102.2,102.65,0.5163462442,0.5196403428,0,0,-1.096551724,-0.674137931
48,1998,PHI,103.3,103.2,0.5276869197,0.5257955645,0,0,0.003448275862,-0.124137931
49,1998,PHX,100.6,100.7,0.5146640356,0.513759162,0,0,-2.696551724,-2.624137931
50,1998,POR,100.8,101.2,0.507167848,0.5088362389,0,0,-2.496551724,-2.124137931
51,1998,SAC,105,105.3,0.5255892833,0.5253576672,0,0,1.703448276,1.975862069
52,1998,SAS,98,97.5,0.4829285425,0.4781226843,0,0,-5.296551724,-5.824137931
53,1998,SEA,102.3,102.25,0.5194371792,0.5173971722,0,0,-0.9965517241,-1.074137931
54,1998,TOR,108.9,109.35,0.5451822764,0.5482444011,0,0,5.603448276,6.025862069
55,1998,UTA,103.8,103.85,0.5235322436,0.5239411676,0,0,0.5034482759,0.525862069
56,1998,VAN,110.2,110.2,0.5477201678,0.5475533491,0,0,6.903448276,6.875862069
57,1998,WAS,103.2,103.1,0.5283710084,0.5291074562,0,0,-0.09655172414,-0.224137931
58,1999,ATL,95.3,95.85,0.4797029293,0.4856070166,0,0,-5.103448276,-5.465517241
59,1999,BOS,100.8,101.4,0.5202209431,0.5191032984,0,0,0.3965517241,0.08448275862
60,1999,CHI,101.7,104.35,0.5269131747,0.5297133957,0,0,1.296551724,3.034482759
61,1999,CHO,100.4,101.75,0.5077944093,0.5101612316,0,0,-0.003448275862,0.4344827586
62,1999,CLE,100.1,99.7,0.5194388929,0.5151056422,0,0,-0.3034482759,-1.615517241
63,1999,DAL,103,102.6,0.5152435816,0.5022209256,0,0,2.596551724,1.284482759
64,1999,DEN,108.6,107.9,0.543185647,0.5395592779,0,0,8.196551724,6.584482759
65,1999,DET,98.4,98.9,0.5152329749,0.5240688963,0,0,-2.003448276,-2.415517241
66,1999,GSW,98.9,100.05,0.5021408162,0.511675509,0,0,-1.503448276,-1.265517241
67,1999,HOU,101,103.25,0.4991006413,0.5080415532,0,0,0.5965517241,1.934482759
68,1999,IND,102.2,104.6,0.5079465818,0.5200464752,0,0,1.796551724,3.284482759
69,1999,LAC,107.8,111.4,0.5518714674,0.560699448,0,0,7.396551724,10.08448276
70,1999,LAL,102.8,103.95,0.5157508748,0.5230675272,0,0,2.396551724,2.634482759
71,1999,MIA,97.1,98.9,0.4863979919,0.4907985724,0,0,-3.303448276,-2.415517241
72,1999,MIL,101.2,102.55,0.5175514447,0.5248855038,0,0,0.7965517241,1.234482759
73,1999,MIN,99.4,99.1,0.5176965412,0.5211768685,0,0,-1.003448276,-2.215517241
74,1999,NJN,101.2,102.1,0.5241104003,0.5228167177,0,0,0.7965517241,0.7844827586
75,1999,NYK,95.9,98,0.4876182209,0.493175105,0,0,-4.503448276,-3.315517241
76,1999,ORL,96.3,97.25,0.5061960353,0.5176874843,0,0,-4.103448276,-4.065517241
77,1999,PHI,95.5,95.45,0.5033649603,0.50185871,0,0,-4.903448276,-5.865517241
78,1999,PHX,101.6,103.7,0.5213920475,0.5424290429,0,0,1.196551724,2.384482759
79,1999,POR,96.2,95.95,0.4921329916,0.492430278,0,0,-4.203448276,-5.365517241
80,1999,SAC,101.6,100.15,0.5040362986,0.4995033038,0,0,1.196551724,-1.165517241
81,1999,SAS,93.6,94.65,0.4639606493,0.4666362119,0,0,-6.803448276,-6.665517241
82,1999,SEA,104.2,104.8,0.5273422041,0.5294092515,0,0,3.796551724,3.484482759
83,1999,TOR,101.8,102.05,0.5204266624,0.5306145621,0,0,1.396551724,0.7344827586
84,1999,UTA,96.7,96.35,0.4893382884,0.4846539438,0,0,-3.703448276,-4.965517241
85,1999,VAN,106.3,106.95,0.5378336642,0.5329164024,0,0,5.896551724,5.634482759
86,1999,WAS,102.1,104.5,0.5249532576,0.5356127798,0,0,1.696551724,3.184482759
87,2000,ATL,105.8,105.35,0.5207484102,0.5173345359,0,0,3.472413793,3.146551724
88,2000,BOS,103.9,103.8,0.552227479,0.5508982443,0,0,1.572413793,1.596551724
89,2000,CHI,102.8,103,0.5284803197,0.5319831072,0,0,0.4724137931,0.7965517241
90,2000,CHO,99.7,99.35,0.5162317514,0.5142958413,0,0,-2.627586207,-2.853448276
91,2000,CLE,102.2,102.25,0.5290030056,0.5277824684,0,0,-0.1275862069,0.04655172414
92,2000,DAL,105.2,104.75,0.5269558423,0.5262039103,0,0,2.872413793,2.546551724
93,2000,DEN,104.5,104.05,0.5239861636,0.5225965659,0,0,2.172413793,1.846551724
94,2000,DET,103.8,104,0.5438683637,0.5432933367,0,0,1.472413793,1.796551724
95,2000,GSW,106.5,105.85,0.5456186413,0.5429938245,0,0,4.172413793,3.646551724
96,2000,HOU,104.2,104.1,0.5220999244,0.5216981285,0,0,1.872413793,1.896551724
97,2000,IND,101.7,101.05,0.5093637097,0.5069322401,0,0,-0.6275862069,-1.153448276
98,2000,LAC,108,107.55,0.5459017827,0.543837624,0,0,5.672413793,5.346551724
99,2000,LAL,96.4,96,0.4897848209,0.4876580245,0,0,-5.927586207,-6.203448276
100,2000,MIA,99.4,99.45,0.4999545739,0.5003197396,0,0,-2.927586207,-2.753448276
101,2000,MIL,106.2,106.3,0.5427232361,0.5428396913,0,0,3.872413793,4.096551724
102,2000,MIN,101.7,101.9,0.5221959827,0.5238228287,0,0,-0.6275862069,-0.3034482759
103,2000,NJN,103.9,104.25,0.5324352109,0.5334715364,0,0,1.572413793,2.046551724
104,2000,NYK,99.5,99.55,0.5061045673,0.5073495432,0,0,-2.827586207,-2.653448276
105,2000,ORL,100.3,101.1,0.5194550248,0.5244641239,0,0,-2.027586207,-1.103448276
106,2000,PHI,98.3,98.75,0.5124113096,0.5162582106,0,0,-4.027586207,-3.453448276
107,2000,PHX,97.3,96.7,0.5031302389,0.5013414048,0,0,-5.027586207,-5.503448276
108,2000,POR,99.5,99.6,0.5023955642,0.5022305322,0,0,-2.827586207,-2.603448276
109,2000,SAC,100.7,100.75,0.5178602371,0.5172712676,0,0,-1.627586207,-1.453448276
110,2000,SAS,97.1,96.85,0.490621237,0.4889982888,0,0,-5.227586207,-5.353448276
111,2000,SEA,103.1,102.8,0.5204506649,0.5175435453,0,0,0.7724137931,0.5965517241
112,2000,TOR,102.8,102.9,0.5282044358,0.5263209693,0,0,0.4724137931,0.6965517241
113,2000,UTA,101.1,100.9,0.5254774409,0.5251919105,0,0,-1.227586207,-1.303448276
114,2000,VAN,106.7,106.15,0.5450604688,0.5437578384,0,0,4.372413793,3.946551724
115,2000,WAS,105.2,104.85,0.5384473781,0.5376398968,0,0,2.872413793,2.646551724
116,2001,ATL,102.4,102.8,0.5218148517,0.5243887407,0.4694986616,0.1114299024,0.8551724138,1.168965517
117,2001,BOS,102.3,102.1,0.5397043938,0.538315836,0.4778182484,0.1295181706,0.7551724138,0.4689655172
118,2001,CHI,105.9,106.1,0.5430285194,0.5472821289,0.4903573974,0.1074137402,4.355172414,4.468965517
119,2001,CHO,97.6,98.3,0.5017435367,0.5060894987,0.4518301359,0.1104693928,-3.944827586,-3.331034483
120,2001,CLE,103.5,103.75,0.5260742317,0.5270971484,0.4754147632,0.1065584675,1.955172414,2.118965517
121,2001,DAL,101.2,100.65,0.5139003263,0.511806691,0.4659383033,0.1029364244,-0.3448275862,-0.9810344828
122,2001,DEN,104.9,104.35,0.5194765314,0.5165773254,0.4754900124,0.09250776656,3.355172414,2.718965517
123,2001,DET,100.3,101.3,0.5109964174,0.5157273242,0.4585826714,0.1142950863,-1.244827586,-0.3310344828
124,2001,GSW,105.5,104.85,0.5459786697,0.5422789512,0.4863976894,0.1224943737,3.955172414,3.218965517
125,2001,HOU,102.8,102,0.5153410626,0.5112522801,0.4676603046,0.1019559656,1.255172414,0.3689655172
126,2001,IND,100.5,101.1,0.5007240653,0.5020796332,0.4522054453,0.1072933123,-1.044827586,-0.5310344828
127,2001,LAC,103.2,102.95,0.5094805879,0.5094307505,0.4655500136,0.09436273871,1.655172414,1.318965517
128,2001,LAL,103.6,103.65,0.514773097,0.5141969005,0.4697684502,0.09580176523,2.055172414,2.018965517
129,2001,MIA,97.1,97.35,0.5028381571,0.5045865952,0.4448177882,0.1304362604,-4.444827586,-4.281034483
130,2001,MIL,102.6,103.45,0.5233373397,0.5270936574,0.469894117,0.113734607,1.055172414,1.818965517
131,2001,MIN,102.4,102.1,0.5219385265,0.5201856883,0.4724399051,0.1047723125,0.8551724138,0.4689655172
132,2001,NJN,103.8,104.25,0.5358074914,0.538420244,0.4785741063,0.1195914787,2.255172414,2.618965517
133,2001,NYK,97,97.1,0.5009509481,0.5014422237,0.4457227288,0.1239071193,-4.544827586,-4.531034483
134,2001,ORL,101.1,101.45,0.5185473595,0.5211905294,0.4619270726,0.1225740819,-0.4448275862,-0.1810344828
135,2001,PHI,97.3,97.95,0.4988289768,0.5022720454,0.4468613596,0.116294721,-4.244827586,-3.681034483
136,2001,PHX,96.7,96.35,0.5116283495,0.5098400856,0.4559780423,0.1220460241,-4.844827586,-5.281034483
137,2001,POR,100.5,99.45,0.5133695712,0.5085841752,0.4614891044,0.1124197002,-1.044827586,-2.181034483
138,2001,SAC,98.5,98.5,0.4980019145,0.4983392219,0.4498682308,0.1069950719,-3.044827586,-3.131034483
139,2001,SAS,96.6,96.8,0.4831941734,0.4866948582,0.441741326,0.09383964085,-4.944827586,-4.831034483
140,2001,SEA,104.2,104.15,0.52573574,0.5268336464,0.4751261682,0.106518174,2.655172414,2.518965517
141,2001,TOR,102,103.15,0.5175608078,0.5212616778,0.4670073795,0.1082497419,0.4551724138,1.518965517
142,2001,UTA,100.9,100.45,0.5312820916,0.5294572738,0.4675285554,0.1363628711,-0.6448275862,-1.181034483
143,2001,VAN,104.2,104,0.5270293796,0.5266661947,0.4751418529,0.1092042859,2.655172414,2.368965517
144,2001,WAS,106.2,106.9,0.5450635553,0.5477657636,0.4896171519,0.1132444056,4.655172414,5.268965517
145,2002,ATL,104.8,104.8,0.5346990344,0.5345192443,0.484017453,0.1047102353,1.689655172,1.765517241
146,2002,BOS,99.9,100.15,0.5147325524,0.5158826975,0.4612237485,0.1160148499,-3.210344828,-2.884482759
147,2002,CHI,106.2,106.15,0.5404514636,0.5402788314,0.4887112863,0.1058706414,3.089655172,3.115517241
148,2002,CHO,101.8,101.65,0.5117017962,0.510376285,0.465164825,0.1000440462,-1.310344828,-1.384482759
149,2002,CLE,107,108.35,0.5344281454,0.5394100759,0.4905256056,0.08950101531,3.889655172,5.315517241
150,2002,DAL,106,105.25,0.5299566306,0.5276338709,0.4867175486,0.08883814049,2.889655172,2.215517241
151,2002,DEN,106.6,106.7,0.53692459,0.5356851654,0.4867140864,0.1031622159,3.489655172,3.665517241
152,2002,DET,100.9,101.3,0.5155285941,0.5186920906,0.4612411046,0.117698724,-2.210344828,-1.734482759
153,2002,GSW,107.1,106.75,0.5330474268,0.5318700266,0.4873154982,0.09384460141,3.989655172,3.715517241
154,2002,HOU,106.9,106.95,0.5252914699,0.5283367655,0.4846737798,0.08380418283,3.789655172,3.915517241
155,2002,IND,102.4,102.3,0.5135404449,0.5125371709,0.4639941479,0.1067821592,-0.7103448276,-0.7344827586
156,2002,LAC,104.7,103.9,0.5152590935,0.5115704241,0.4704888214,0.09515693051,1.589655172,0.8655172414
157,2002,LAL,100.4,100.3,0.5020367605,0.5015144562,0.4561741876,0.1005374134,-2.710344828,-2.734482759
158,2002,MEM,104.7,104.1,0.5240476278,0.5223643409,0.4746263403,0.1041267273,1.589655172,1.065517241
159,2002,MIA,99,99.4,0.5042356907,0.503384106,0.4550412264,0.1081099062,-4.110344828,-3.634482759
160,2002,MIL,105.6,106.45,0.5196149118,0.5214265715,0.4752427806,0.09336729136,2.489655172,3.415517241
161,2002,MIN,104.1,103.35,0.5234501405,0.520303223,0.4773970575,0.0964670442,0.9896551724,0.3155172414
162,2002,NJN,98.1,98.3,0.5032268388,0.500924259,0.44898639,0.120806443,-5.010344828,-4.734482759
163,2002,NYK,104.6,104.4,0.5247848924,0.5228075707,0.4764433664,0.1014633206,1.489655172,1.365517241
164,2002,ORL,104.1,104.35,0.5262536399,0.5257676963,0.474585038,0.1088711142,0.9896551724,1.315517241
165,2002,PHI,98.7,98.7,0.502666257,0.5010547102,0.4527978335,0.1101339712,-4.410344828,-4.334482759
166,2002,PHX,102.6,101.9,0.5204855923,0.5172224677,0.4692060398,0.1092900518,-0.5103448276,-1.134482759
167,2002,POR,102.6,101.95,0.5269484743,0.5239269152,0.4757043894,0.1077225397,-0.5103448276,-1.084482759
168,2002,SAC,99.7,99.3,0.5044291339,0.504434329,0.457328292,0.1029913142,-3.410344828,-3.734482759
169,2002,SAS,98.5,98.35,0.4947716705,0.4955567074,0.4482249736,0.1038467281,-4.610344828,-4.684482759
170,2002,SEA,104.1,103.3,0.5235722106,0.5224603782,0.4746734863,0.1030154955,0.9896551724,0.2655172414
171,2002,TOR,101.7,102.05,0.5175371555,0.5170868457,0.462482987,0.1190404188,-1.410344828,-0.9844827586
172,2002,UTA,102.9,102.45,0.5390183479,0.5367257637,0.4758638534,0.1327154691,-0.2103448276,-0.5844827586
173,2002,WAS,104.5,105.1,0.5256166673,0.5278745168,0.4768749012,0.102210802,1.389655172,2.065517241
174,2003,ATL,104.2,104.65,0.5136186571,0.5169705338,0.4733513703,0.08506849104,2.04137931,2.332758621
175,2003,BOS,100.5,100.85,0.5179205534,0.5204598762,0.4623749994,0.1201309631,-1.65862069,-1.467241379
176,2003,CHI,104.2,104.6,0.5213865694,0.5255391859,0.4734975238,0.1011389568,2.04137931,2.282758621
177,2003,CLE,105.1,105.35,0.533600606,0.535454697,0.4869297796,0.09584713927,2.94137931,3.032758621
178,2003,DAL,101,100.35,0.514834298,0.5108737766,0.4668615611,0.1027558079,-1.15862069,-1.967241379
179,2003,DEN,100.1,99.8,0.5326564801,0.5320404823,0.4704404514,0.1322505931,-2.05862069,-2.517241379
180,2003,DET,98.2,98.4,0.5061384243,0.5072359506,0.4527821859,0.1178408515,-3.95862069,-3.917241379
181,2003,GSW,107.7,107.75,0.5247801522,0.5239532006,0.4793993199,0.0946618619,5.54137931,5.432758621
182,2003,HOU,100.9,100.55,0.5061403039,0.5046181731,0.4615037447,0.09671982021,-1.25862069,-1.767241379
183,2003,IND,99.6,100.25,0.5057834026,0.5088262697,0.4530881503,0.1163024286,-2.55862069,-2.067241379
184,2003,LAC,105.1,105.05,0.525366206,0.5247656054,0.476943287,0.1015276244,2.94137931,2.732758621
185,2003,LAL,103.4,103.1,0.5244978809,0.5244151992,0.4744721136,0.1054345784,1.24137931,0.7827586207
186,2003,MEM,105.9,105.7,0.5289202854,0.5306732526,0.4769956435,0.1088576859,3.74137931,3.382758621
187,2003,MIA,101.2,101.7,0.5199614823,0.5231373905,0.4675449548,0.1121101339,-0.9586206897,-0.6172413793
188,2003,MIL,106.9,107.75,0.5375001981,0.5424837632,0.4852638156,0.1076453278,4.74137931,5.432758621
189,2003,MIN,102.5,102.8,0.5122348424,0.5147751317,0.4654362194,0.1005478754,0.3413793103,0.4827586207
190,2003,NJN,96.6,96.95,0.505260395,0.5056810509,0.4470225108,0.1302795337,-5.55862069,-5.367241379
191,2003,NOH,100,100.65,0.5109300747,0.5125021498,0.4609824819,0.1083503055,-2.15862069,-1.667241379
192,2003,NYK,104.6,104.8,0.5354753242,0.5366845558,0.4810547356,0.1131276435,2.44137931,2.482758621
193,2003,ORL,103.7,104.55,0.5343799682,0.5395960179,0.4780727747,0.1177795443,1.54137931,2.232758621
194,2003,PHI,100.6,100.4,0.5340019839,0.5320138289,0.4752096513,0.1237187259,-1.55862069,-1.917241379
195,2003,PHX,101.3,101.1,0.5155112892,0.5142073943,0.4606049211,0.1192049099,-0.8586206897,-1.217241379
196,2003,POR,101.5,101.3,0.5219423491,0.520616431,0.4670751702,0.1174696972,-0.6586206897,-1.017241379
197,2003,SAC,97.8,97.2,0.4887785606,0.4849235257,0.4432760993,0.1026503828,-4.35862069,-5.117241379
198,2003,SAS,98.1,98,0.4962985183,0.4962042066,0.445739138,0.1134281827,-4.05862069,-4.317241379
199,2003,SEA,102.6,102.35,0.5235120217,0.522005741,0.4749951025,0.1021419358,0.4413793103,0.03275862069
200,2003,TOR,105.6,106.25,0.5320433038,0.5360726753,0.4823592926,0.1030020815,3.44137931,3.932758621
201,2003,UTA,101.1,101.35,0.5190069311,0.5211052912,0.460896305,0.1260817789,-1.05862069,-0.9672413793
202,2003,WAS,102.6,103.65,0.519842423,0.5237787928,0.466914046,0.1133578599,0.4413793103,1.332758621
203,2004,ATL,103.9,103.95,0.5222382536,0.5209409366,0.4759023805,0.09736423896,2.527586207,2.601724138
204,2004,BOS,102.2,103.35,0.5234572204,0.5278348987,0.4648496302,0.1260785991,0.8275862069,2.001724138
205,2004,CHI,102.1,102.45,0.5184498639,0.5224876884,0.468434776,0.1067706551,0.7275862069,1.101724138
206,2004,CLE,103.1,103.85,0.5130589684,0.5159107356,0.4697994627,0.09208079009,1.727586207,2.501724138
207,2004,DAL,105.9,105.8,0.537442756,0.538049469,0.4914697694,0.09354184013,4.527586207,4.451724138
208,2004,DEN,101.4,101.05,0.5220638873,0.5221185113,0.4655832192,0.1213116491,0.0275862069,-0.2982758621
209,2004,DET,93.9,94.35,0.4838777454,0.4884856355,0.4295466415,0.1264847602,-7.472413793,-6.998275862
210,2004,GSW,102.6,102,0.5170355466,0.5148640931,0.4668160349,0.1075788062,1.227586207,0.6517241379
211,2004,HOU,97.8,96.75,0.4948215079,0.4894474689,0.4481376838,0.104172949,-3.572413793,-4.598275862
212,2004,IND,96.2,95.7,0.5035140562,0.5001719121,0.4461743772,0.1285140562,-5.172413793,-5.648275862
213,2004,LAC,106.6,106,0.5356457204,0.5345815053,0.4887316373,0.09599150015,5.227586207,4.651724138
214,2004,LAL,100.1,99.45,0.515180913,0.5119652577,0.4620996969,0.114869619,-1.272413793,-1.898275862
215,2004,MEM,100.8,100.15,0.5156083244,0.5125001601,0.4601190476,0.1205976521,-0.5724137931,-1.198275862
216,2004,MIA,100.3,100.4,0.5161312947,0.518334839,0.4618426007,0.1175480432,-1.072413793,-0.9482758621
217,2004,MIL,103.5,104.6,0.525295016,0.5317269007,0.4749118499,0.1060895115,2.127586207,3.251724138
218,2004,MIN,98.5,97.9,0.4896137261,0.4890925343,0.4439556859,0.1028436883,-2.872413793,-3.448275862
219,2004,NJN,96.4,96.6,0.506247186,0.5071384672,0.4496263528,0.1259286357,-4.972413793,-4.748275862
220,2004,NOH,100.6,101.95,0.5185780233,0.5269775427,0.4626970451,0.1207722823,-0.7724137931,0.6017241379
221,2004,NYK,101.3,102.65,0.5137656751,0.5196182753,0.4642734239,0.1066015168,-0.0724137931,1.301724138
222,2004,ORL,108.8,109.3,0.5403512707,0.5414442798,0.492209699,0.09780703585,7.427586207,7.951724138
223,2004,PHI,100.4,100.8,0.5122854602,0.5141595202,0.4584678436,0.1173858043,-0.9724137931,-0.5482758621
224,2004,PHX,104.2,103.7,0.5288517266,0.5275198379,0.4769586786,0.108799882,2.827586207,2.351724138
225,2004,POR,103.5,102.75,0.5182087453,0.514528888,0.4684015239,0.1063344562,2.127586207,1.401724138
226,2004,SAC,103.2,102.6,0.5206926991,0.5183562141,0.4714829791,0.104372209,1.827586207,1.251724138
227,2004,SAS,93.1,92.55,0.4798343186,0.4786165735,0.4307163269,0.1140379145,-8.272413793,-8.798275862
228,2004,SEA,106.4,105.85,0.5333815967,0.5329516326,0.4822918973,0.1059310756,5.027586207,4.501724138
229,2004,TOR,98.8,98.55,0.4988857096,0.4983078827,0.4480368659,0.1134925439,-2.572413793,-2.798275862
230,2004,UTA,101.3,100.85,0.5303915586,0.5301977428,0.4689146068,0.1311047917,-0.0724137931,-0.4982758621
231,2004,WAS,102.9,103.2,0.5281513249,0.5299084417,0.4736712307,0.115016684,1.527586207,1.851724138
232,2005,ATL,109,108.75,0.5643709357,0.563858529,0.5100913198,0.1064115655,4.49,4.335
233,2005,BOS,105.1,105.25,0.5325273088,0.5334878807,0.4783224031,0.1133229497,0.59,0.835
234,2005,CHA,106,106.1,0.5472877961,0.548085342,0.4887759908,0.1197108829,1.49,1.685
235,2005,CHI,99.1,99.5,0.5063341356,0.5089439961,0.4521622068,0.1198064055,-5.41,-4.915
236,2005,CLE,104.7,105.2,0.5315301893,0.5336907684,0.4785158631,0.1107890674,0.19,0.785
237,2005,DAL,102.6,102.7,0.5188252342,0.5191338387,0.4733822427,0.09599640079,-1.91,-1.715
238,2005,DEN,102.6,102.2,0.5281299378,0.5270361529,0.4736845847,0.114940099,-1.91,-2.215
239,2005,DET,99.6,99.25,0.5035971223,0.5035670836,0.4546581387,0.1076390796,-4.91,-5.165
240,2005,GSW,105.5,105.35,0.5331808547,0.5327310402,0.4783535062,0.1146168008,0.99,0.935
241,2005,HOU,100.1,99.75,0.5075441526,0.5061191194,0.4608001936,0.1014408407,-4.41,-4.665
242,2005,IND,102.7,103.6,0.5214480317,0.5270213012,0.4719311994,0.1049238372,-1.81,-0.815
243,2005,LAC,104.5,104.2,0.5263409987,0.5256398097,0.4787004903,0.09952049217,-0.01,-0.215
244,2005,LAL,109.6,109.5,0.536023781,0.5374725599,0.4949166868,0.08305861418,5.09,5.085
245,2005,MEM,101.5,100.95,0.5208565662,0.5186365327,0.4642906846,0.1218329021,-3.01,-3.465
246,2005,MIA,102.2,102.85,0.5096834625,0.5130948246,0.4637565231,0.09903243868,-2.31,-1.565
247,2005,MIL,108.1,108.55,0.5429669331,0.5442297465,0.4954374898,0.09593428898,3.59,4.135
248,2005,MIN,105,104.9,0.5138607612,0.5134580832,0.473280686,0.0857420899,0.49,0.485
249,2005,NJN,101.6,101.35,0.5305148759,0.5291643563,0.4722466021,0.1233852684,-2.91,-3.065
250,2005,NOH,105.9,105.55,0.541431392,0.5409479734,0.4851530289,0.1160012609,1.39,1.135
251,2005,NYK,107.2,107.35,0.5487801604,0.5496788338,0.4952659912,0.1080513707,2.69,2.935
252,2005,ORL,105.7,105.45,0.5320994205,0.5310170888,0.4838425355,0.09973675618,1.19,1.035
253,2005,PHI,102.5,102.8,0.5366626647,0.5393310025,0.4809951413,0.1157340659,-2.01,-1.615
254,2005,PHX,105.7,105.05,0.5123397048,0.510493104,0.4717086211,0.08613597871,1.19,0.635
255,2005,POR,106.1,105.6,0.5191054851,0.5169068377,0.4718941304,0.1000464968,1.59,1.185
256,2005,SAC,106.5,105.7,0.5320834569,0.5282729035,0.4830155762,0.101586539,1.99,1.285
257,2005,SAS,97.8,97.5,0.5019946809,0.5010051227,0.4513525631,0.1122007979,-6.71,-6.915
258,2005,SEA,108,107.2,0.5415796495,0.537207917,0.493120579,0.09827022535,3.49,2.785
259,2005,TOR,107.2,107.25,0.542450983,0.5436156543,0.4909849237,0.1048220766,2.69,2.835
260,2005,UTA,107.3,106.8,0.5590747471,0.55832441,0.4984175633,0.1216995311,2.79,2.385
261,2005,WAS,105.9,106.25,0.540889917,0.5429247584,0.4857266395,0.1135685651,1.39,1.835
262,2006,ATL,110.1,109.85,0.5592054227,0.5581386658,0.5038150646,0.1099418458,5.253333333,4.995
263,2006,BOS,105.6,105.75,0.5408268241,0.5422058589,0.4843815305,0.116530648,0.7533333333,0.895
264,2006,CHA,105.6,105.55,0.557791276,0.5565306917,0.4936762649,0.1298725819,0.7533333333,0.695
265,2006,CHI,102.7,102.75,0.5240257383,0.5247715573,0.4670202141,0.1220622202,-2.146666667,-2.105
266,2006,CLE,104.4,104.65,0.5320640192,0.5339196266,0.4829643722,0.1016630828,-0.4466666667,-0.205
267,2006,DAL,103.2,103.15,0.5248448572,0.5239271881,0.4774344654,0.09930240746,-1.646666667,-1.705
268,2006,DEN,104.1,104.1,0.5341246291,0.5320242208,0.4777870914,0.1179134781,-0.7466666667,-0.755
269,2006,DET,101.7,102.4,0.5143380246,0.5158126067,0.4645125947,0.1072638942,-3.146666667,-2.455
270,2006,GSW,104.9,104.95,0.5361998774,0.5370053683,0.4780294467,0.1216879653,0.05333333333,0.095
271,2006,HOU,102.1,102.05,0.5184566999,0.517657703,0.4700240108,0.1030430105,-2.746666667,-2.805
272,2006,IND,101,100.45,0.5090143582,0.5082577364,0.4608204853,0.1045827486,-3.846666667,-4.405
273,2006,LAC,102.2,101.85,0.516194865,0.5135031726,0.4694085249,0.09967083608,-2.646666667,-3.005
274,2006,LAL,104.2,104.05,0.5312707188,0.5302519049,0.4792526817,0.1085398978,-0.6466666667,-0.805
275,2006,MEM,100.4,100.15,0.5162613428,0.515956108,0.4597894918,0.1228210996,-4.446666667,-4.705
276,2006,MIA,103.4,103.5,0.5244354693,0.5248197266,0.4768006278,0.0999051567,-1.446666667,-1.355
277,2006,MIL,105.9,106.3,0.5500673247,0.5524752301,0.4966737261,0.1075023618,1.053333333,1.445
278,2006,MIN,103.5,103.75,0.5196542498,0.5201612697,0.4695559405,0.1066929518,-1.346666667,-1.105
279,2006,NJN,100.9,100.5,0.5260213657,0.5257405855,0.4706237395,0.1177110748,-3.946666667,-4.355
280,2006,NOK,105.1,105.2,0.5466972293,0.5479653848,0.4884058115,0.119350377,0.2533333333,0.345
281,2006,NYK,109.3,108.7,0.5615285496,0.559425812,0.5080022343,0.1053662989,4.453333333,3.845
282,2006,ORL,106.6,106.75,0.5367955922,0.5408876529,0.4857220426,0.1051497463,1.753333333,1.895
283,2006,PHI,106.5,106.05,0.5445185007,0.5420073649,0.4867664224,0.1186443344,1.653333333,1.195
284,2006,PHX,104.7,104.9,0.5268295,0.5282429728,0.4787272702,0.1004794017,-0.1466666667,0.045
285,2006,POR,110.3,109.95,0.5491031769,0.5480643528,0.4983774907,0.1017816559,5.453333333,5.095
286,2006,SAC,103.5,103.65,0.5279146445,0.528463039,0.4761882029,0.1086260459,-1.346666667,-1.205
287,2006,SAS,98.7,99,0.5011513122,0.5028092375,0.4518094727,0.1092093956,-6.146666667,-5.855
288,2006,SEA,112.7,113.15,0.5705569173,0.5723663573,0.5163263846,0.1050314963,7.853333333,8.295
289,2006,TOR,111.2,111.25,0.5729650741,0.5722597915,0.5144420005,0.1137602948,6.353333333,6.395
290,2006,UTA,105.1,104.95,0.5437696522,0.5468941716,0.4851121818,0.12091527,0.2533333333,0.095
291,2006,WAS,105.8,106.35,0.548916922,0.5513250657,0.4883241365,0.1240831263,0.9533333333,1.495
292,2007,ATL,107,107.1,0.5487108355,0.5504321072,0.4909595308,0.1176294604,1.736666667,1.898333333
293,2007,BOS,105.8,106.65,0.5511050547,0.5551142731,0.4913979689,0.1215045432,0.5366666667,1.448333333
294,2007,CHA,106.3,106.8,0.549564717,0.5513211567,0.4895725555,0.1225398787,1.036666667,1.598333333
295,2007,CHI,98.8,98.8,0.5200639579,0.5213412667,0.4555440223,0.1416327127,-6.463333333,-6.401666667
296,2007,CLE,100.6,100.6,0.5248483312,0.5237419954,0.4667264469,0.1245309426,-4.663333333,-4.601666667
297,2007,DAL,102.1,102.25,0.5272282304,0.525878943,0.4736065051,0.1132199932,-3.163333333,-2.951666667
298,2007,DEN,105.1,105.15,0.5353860873,0.5358729812,0.4802502315,0.1148065158,-0.1633333333,-0.05166666667
299,2007,DET,102.6,102.2,0.5215634021,0.5209876783,0.4671465293,0.1164878027,-2.663333333,-3.001666667
300,2007,GSW,106.5,106.45,0.5523444865,0.5511067841,0.4845025516,0.1400238961,1.236666667,1.248333333
301,2007,HOU,99.7,98.5,0.5116483814,0.5036932903,0.45982958,0.1126913179,-5.563333333,-6.701666667
302,2007,IND,104.4,104.35,0.5408430694,0.5400218456,0.4787515303,0.1296947062,-0.8633333333,-0.8516666667
303,2007,LAC,104.2,104.15,0.5340530841,0.5318894609,0.4823440415,0.1072036517,-1.063333333,-1.051666667
304,2007,LAL,107.5,107.35,0.5478177731,0.5468259548,0.4944145153,0.108013127,2.236666667,2.148333333
305,2007,MEM,110.9,110.55,0.5690624545,0.5693961142,0.5101576925,0.1154638317,5.636666667,5.348333333
306,2007,MIA,104.6,104.95,0.5283133895,0.5311013023,0.476163848,0.1095201614,-0.6633333333,-0.2516666667
307,2007,MIL,110.3,110.1,0.5611791142,0.5605017417,0.5018849365,0.1181429714,5.036666667,4.898333333
308,2007,MIN,106.5,106.35,0.5406384532,0.5408611751,0.488164197,0.1074930453,1.236666667,1.148333333
309,2007,NJN,105.1,105.7,0.5396983472,0.5445065809,0.4816720903,0.1204683811,-0.1633333333,0.4983333333
310,2007,NOK,105.4,105.05,0.5388351091,0.5376719735,0.4827701621,0.1161317568,0.1366666667,-0.1516666667
311,2007,NYK,107.4,107.7,0.5481386735,0.5507240148,0.4967759075,0.1033922243,2.136666667,2.498333333
312,2007,ORL,103.3,103.85,0.5341045173,0.5371960009,0.4757477889,0.1226631628,-1.963333333,-1.351666667
313,2007,PHI,105.6,105.7,0.5414941004,0.5423019797,0.4819160016,0.1236275588,0.3366666667,0.4983333333
314,2007,PHX,105.5,105.45,0.532470745,0.5311037929,0.4804451206,0.1082862999,0.2366666667,0.2483333333
315,2007,POR,108.6,107.75,0.5571682677,0.5523101205,0.5017360852,0.110480757,3.336666667,2.548333333
316,2007,SAC,106.7,105.8,0.5558698169,0.5520500816,0.4960322119,0.1206324984,1.436666667,0.5983333333
317,2007,SAS,99.4,99.15,0.5105284398,0.5086912334,0.4594733098,0.1111166393,-5.863333333,-6.051666667
318,2007,SEA,108.9,108.45,0.5576096692,0.5554732869,0.5017655045,0.1112953445,3.636666667,3.248333333
319,2007,TOR,104.4,104.95,0.5431916748,0.5450756811,0.4851709272,0.1195882612,-0.8633333333,-0.2516666667
320,2007,UTA,105.6,104.95,0.5534522499,0.5490137625,0.4913743657,0.1263352113,0.3366666667,-0.2516666667
321,2007,WAS,109.1,109.25,0.5623842266,0.5638562817,0.5026165523,0.118913064,3.836666667,4.048333333
322,2008,ATL,107.3,107.45,0.5405302112,0.540497366,0.4935073373,0.09528302881,1.11,1.258333333
323,2008,BOS,98.1,98.5,0.5077214252,0.5110695975,0.4498505359,0.1286447047,-8.09,-7.691666667
324,2008,CHA,108.2,108.35,0.5465981853,0.5479585246,0.4935982948,0.1073745413,2.01,2.158333333
325,2008,CHI,106,106.05,0.5446862332,0.5457918306,0.4895083277,0.1127210762,-0.19,-0.1416666667
326,2008,CLE,105.4,105,0.5379231771,0.5371386338,0.4881951796,0.1018608941,-0.79,-1.191666667
327,2008,DAL,104.7,104.25,0.5237897273,0.5203804884,0.4800975095,0.0910069661,-1.49,-1.941666667
328,2008,DEN,105.5,105.35,0.5350614741,0.5339430235,0.4838716797,0.1057920862,-0.69,-0.8416666667
329,2008,DET,101.5,101.4,0.5172500728,0.5173166813,0.4670143455,0.1075678462,-4.69,-4.791666667
330,2008,GSW,108.5,107.9,0.5546770889,0.5532060324,0.4949901934,0.1205819759,2.31,1.708333333
331,2008,HOU,100.5,100.3,0.5075128307,0.5041041305,0.4601111046,0.1030223475,-5.69,-5.891666667
332,2008,IND,106.3,106.55,0.5475220225,0.5512859296,0.4904141679,0.1164482154,0.11,0.3583333333
333,2008,LAC,107.4,107.3,0.5458204693,0.544577395,0.4942606605,0.1043170395,1.21,1.108333333
334,2008,LAL,104.3,104.15,0.5258993899,0.5260928572,0.4797454907,0.09620496721,-1.89,-2.041666667
335,2008,MEM,110.2,110.05,0.5573471142,0.5549299241,0.5079359929,0.09727824375,4.01,3.858333333
336,2008,MIA,108.8,109.2,0.5538145667,0.5561470172,0.5019465733,0.1033336935,2.61,3.008333333
337,2008,MIL,111.1,111.25,0.5677608328,0.569816774,0.5144263974,0.1036774857,4.91,5.058333333
338,2008,MIN,110,109.45,0.5613101829,0.5584746399,0.511077506,0.09828778664,3.81,3.258333333
339,2008,NJN,107.7,107.8,0.547101526,0.5482596851,0.4963493839,0.1022508413,1.51,1.608333333
340,2008,NOH,104.4,104.6,0.5368720166,0.5369667522,0.4846773435,0.1076895253,-1.79,-1.591666667
341,2008,NYK,110.4,110.95,0.5566979484,0.5592859027,0.5094619506,0.09271742038,4.21,4.758333333
342,2008,ORL,104.9,105.2,0.525569653,0.5274292258,0.4775320551,0.1005955463,-1.29,-0.9916666667
343,2008,PHI,104.7,104.85,0.5430622405,0.5447340312,0.4857495407,0.1179881709,-1.49,-1.341666667
344,2008,PHX,107,106.8,0.5244337918,0.5249909139,0.4815606771,0.08902951737,0.81,0.6083333333
345,2008,POR,106.8,106.85,0.5323220562,0.5321169964,0.4834571963,0.1010738081,0.61,0.6583333333
346,2008,SAC,108.6,108.1,0.5552267429,0.5527303954,0.5005662171,0.1091973927,2.41,1.908333333
347,2008,SAS,100.7,100.35,0.5169557591,0.5140396569,0.4696233907,0.1007879277,-5.49,-5.841666667
348,2008,SEA,108.3,108.2,0.5422962454,0.5410174765,0.49646206,0.09232162765,2.11,2.008333333
349,2008,TOR,105.6,106.35,0.5440535365,0.5489015639,0.4911292587,0.1077603846,-0.59,0.1583333333
350,2008,UTA,104.9,104.9,0.5525019262,0.5504204179,0.4915567613,0.1239839825,-1.29,-1.291666667
351,2008,WAS,107.9,108.3,0.5520626816,0.5557060208,0.5019631569,0.09980717525,1.71,2.108333333
352,2009,ATL,106.7,106.4,0.534860154,0.53398948,0.4866011063,0.09917578706,-0.24,-0.48
353,2009,BOS,101.6,100.95,0.5212757269,0.5189955558,0.4707784225,0.1072634215,-5.34,-5.93
354,2009,CHA,105,104.85,0.5405119996,0.5407174315,0.4825177254,0.1201909716,-1.94,-2.03
355,2009,CHI,107.5,106.95,0.540087741,0.537769955,0.4913187296,0.09926145364,0.56,0.07
356,2009,CLE,101.6,101.85,0.5146472835,0.5165303404,0.4658697978,0.1047019704,-5.34,-5.03
357,2009,DAL,107,106.9,0.5388873665,0.5372529025,0.492852702,0.09340450871,0.06,0.02
358,2009,DEN,105.6,106.1,0.5360928131,0.5380622527,0.4844915854,0.1065059317,-1.34,-0.78
359,2009,DET,106.4,106.4,0.5336882551,0.5342178649,0.4897398647,0.08973823371,-0.54,-0.48
360,2009,GSW,111.7,111.7,0.5546484016,0.5543772459,0.5032031953,0.1022354522,4.76,4.82
361,2009,HOU,102.9,102.85,0.5163949735,0.5157945411,0.4736790583,0.09017902404,-4.04,-4.03
362,2009,IND,108.2,108.5,0.5489406983,0.5502688312,0.4984179751,0.101366174,1.26,1.62
363,2009,LAC,110.1,110,0.5530881513,0.552974539,0.503106764,0.09934548855,3.16,3.12
364,2009,LAL,103.5,103.7,0.5303180345,0.5300347127,0.4791820703,0.1067151032,-3.44,-3.18
365,2009,MEM,108.2,108.3,0.5597486697,0.5598164635,0.503244587,0.1122795637,1.26,1.42
366,2009,MIA,106.5,106.45,0.5484430765,0.5501383385,0.4921741856,0.1143271886,-0.44,-0.43
367,2009,MIL,106.3,106.6,0.5619043718,0.5634671451,0.4957716957,0.1333934082,-0.64,-0.28
368,2009,MIN,109.9,109.8,0.5611075578,0.5617079674,0.5104984968,0.09913655261,2.96,2.92
369,2009,NJN,109.5,109.6,0.5578834535,0.5591089895,0.5039341585,0.1070562377,2.56,2.72
370,2009,NOH,105.8,105.6,0.5401575331,0.5379418654,0.4895925172,0.1032797974,-1.14,-1.28
371,2009,NYK,109.4,109.3,0.5582296254,0.5585031863,0.5071303374,0.1007616469,2.46,2.42
372,2009,OKC,107.6,106.75,0.552548312,0.5471153128,0.5025448319,0.09950053607,0.66,-0.13
373,2009,ORL,101.3,101.2,0.5081386246,0.5081883679,0.4634554838,0.09641301549,-5.64,-5.68
374,2009,PHI,106.1,105.95,0.5483354128,0.5477082134,0.4884643821,0.1225699006,-0.84,-0.93
375,2009,PHX,110.4,110.4,0.5542897094,0.5538268348,0.5055903984,0.09632166911,3.46,3.52
376,2009,POR,106.1,105.9,0.5444447581,0.5439210516,0.49270679,0.1050076215,-0.84,-0.98
377,2009,SAC,113.4,114.1,0.5708442842,0.5747496613,0.5174714427,0.1031416173,6.46,7.22
378,2009,SAS,103.4,103.25,0.5248785575,0.5240028488,0.4809263963,0.09139061943,-3.54,-3.63
379,2009,TOR,108.6,108.6,0.5494360912,0.5495661906,0.4988341424,0.1014404278,1.66,1.72
380,2009,UTA,105.8,105.3,0.5522911238,0.5504031532,0.4895569081,0.1281448892,-1.14,-1.58
381,2009,WAS,112.1,112.15,0.5714989713,0.5730065973,0.5163022323,0.1069078062,5.16,5.27
382,2010,ATL,106,106.2,0.5348298171,0.5347259295,0.4863746625,0.09962516201,-0.5533333333,-0.335
383,2010,BOS,103.2,103.25,0.5340144585,0.535831716,0.4789801317,0.1148989761,-3.353333333,-3.285
384,2010,CHA,102,102.5,0.5277564349,0.5299596001,0.4729846048,0.11580045,-4.553333333,-4.035
385,2010,CHI,104.2,104.5,0.5245581242,0.5266109039,0.4788181728,0.09552676557,-2.353333333,-2.035
386,2010,CLE,103.8,103.75,0.5244858192,0.5241714414,0.480795183,0.09087161808,-2.753333333,-2.785
387,2010,DAL,105,105.15,0.5342873194,0.5327976966,0.4837448423,0.1044816868,-1.553333333,-1.385
388,2010,DEN,106.5,106.55,0.5424527083,0.5420611449,0.4893844274,0.1084388426,-0.05333333333,0.015
389,2010,DET,110.3,110.2,0.5718659942,0.5698812116,0.5132894478,0.1141199117,3.746666667,3.665
390,2010,GSW,110.3,109.95,0.5700654119,0.5684409613,0.506809514,0.124811978,3.746666667,3.415
391,2010,HOU,106.8,107.1,0.5504032153,0.550946488,0.4955602507,0.1106686109,0.2466666667,0.565
392,2010,IND,106,106,0.5381144369,0.5371241059,0.4818122936,0.1168549329,-0.5533333333,-0.535
393,2010,LAC,109.1,108.3,0.5483203186,0.5448753167,0.4985466501,0.09983753472,2.546666667,1.765
394,2010,LAL,102.7,102.7,0.5216861905,0.5220270344,0.473703273,0.1012931939,-3.853333333,-3.835
395,2010,MEM,109,108.55,0.5561845531,0.5534835649,0.5059013919,0.09939320578,2.446666667,2.015
396,2010,MIA,103.4,103.95,0.5272214671,0.5302542336,0.477976108,0.1030289136,-3.153333333,-2.585
397,2010,MIL,101.9,102.55,0.5365538381,0.5386645949,0.4766322991,0.1257185867,-4.653333333,-3.985
398,2010,MIN,110.4,109.85,0.5641775953,0.5626242915,0.5136795216,0.09830657352,3.846666667,3.315
399,2010,NJN,108.9,109.2,0.5561837097,0.5570951475,0.5035550758,0.1045141562,2.346666667,2.665
400,2010,NOH,108.9,108.75,0.5585176932,0.5590000834,0.5045772623,0.1069022229,2.346666667,2.215
401,2010,NYK,110.3,110.75,0.5613838247,0.5644323292,0.508355144,0.1043142405,3.746666667,4.215
402,2010,OKC,103.5,103.45,0.5282727139,0.5275259083,0.4766921504,0.1082051875,-3.053333333,-3.085
403,2010,ORL,102.8,102.95,0.5177487341,0.5182939926,0.4736152876,0.09318416797,-3.753333333,-3.585
404,2010,PHI,108.9,108.7,0.5596984854,0.5580423683,0.5056376106,0.1069162454,2.346666667,2.165
405,2010,PHX,109.1,109,0.5334959084,0.5327026214,0.488202204,0.09277652593,2.546666667,2.465
406,2010,POR,106.1,105.95,0.5417572615,0.5413100643,0.4883902096,0.1092713386,-0.4533333333,-0.585
407,2010,SAC,109.1,108.85,0.5504868058,0.5496759388,0.5013403444,0.09803013462,2.546666667,2.315
408,2010,SAS,103.9,103.45,0.5245679872,0.5225591015,0.4787610791,0.0956780116,-2.653333333,-3.085
409,2010,TOR,112.2,112.15,0.5587167538,0.5574960426,0.5073768384,0.1011869513,5.646666667,5.615
410,2010,UTA,104,103.45,0.5422745438,0.5402453834,0.4862770214,0.1151556005,-2.553333333,-3.085
411,2010,WAS,108.3,108.35,0.5462419818,0.5467565499,0.4930529764,0.1078768569,1.746666667,1.815
412,2011,ATL,105.8,106.5,0.5366011572,0.5397506966,0.4886753211,0.09807296191,-0.4766666667,0.225
413,2011,BOS,99.8,100.25,0.5161225268,0.5198082173,0.4625205482,0.115891021,-6.476666667,-6.025
414,2011,CHA,107,106.9,0.5440890838,0.5434876396,0.4957422588,0.09752411505,0.7233333333,0.625
415,2011,CHI,99.5,99.75,0.5087576718,0.510095908,0.4603916804,0.1050540084,-6.776666667,-6.525
416,2011,CLE,110.9,111.6,0.5607958771,0.5640975803,0.5088293717,0.1021295317,4.623333333,5.325
417,2011,DAL,104.1,104,0.5275960971,0.5270353868,0.4786483792,0.1022623707,-2.176666667,-2.275
418,2011,DEN,106.8,106.5,0.5417635978,0.5399466525,0.4945477012,0.09547288673,0.5233333333,0.225
419,2011,DET,110.7,111.35,0.5672593791,0.568934909,0.5105705313,0.1110303951,4.423333333,5.075
420,2011,GSW,109.4,109.2,0.5568976151,0.5559541028,0.4999192562,0.1139751234,3.123333333,2.925
421,2011,HOU,107.9,107.65,0.5425603029,0.5415182708,0.4944911845,0.09720925248,1.623333333,1.375
422,2011,IND,105,105.4,0.5311702057,0.5310790381,0.481396031,0.1033954819,-1.276666667,-0.875
423,2011,LAC,108,108.25,0.5460983998,0.5472709616,0.4960487276,0.1008966849,1.723333333,1.975
424,2011,LAL,103.3,102.85,0.5141814127,0.5128022194,0.4663467043,0.1025732741,-2.976666667,-3.425
425,2011,MEM,104.5,104.65,0.5447093159,0.5457310524,0.4847882027,0.1236026637,-1.776666667,-1.625
426,2011,MIA,102.9,103.45,0.5181558275,0.5199607461,0.4730916543,0.09525463581,-3.376666667,-2.825
427,2011,MIL,101.5,101.7,0.5281152059,0.5280968047,0.4704686989,0.1225299518,-4.776666667,-4.575
428,2011,MIN,109.9,109.3,0.5602724223,0.5568793669,0.50753487,0.1039092196,3.623333333,3.025
429,2011,NJN,108.9,109,0.5465576295,0.5459843153,0.4980282099,0.09744311393,2.623333333,2.725
430,2011,NOH,104.4,103.3,0.5430128729,0.5361915708,0.4871623158,0.1146446579,-1.876666667,-2.975
431,2011,NYK,109,109.45,0.5541635773,0.5558117713,0.4982987724,0.1121110628,2.723333333,3.175
432,2011,OKC,105.9,105.1,0.5349357948,0.5317435703,0.4878741055,0.09646277338,-0.3766666667,-1.175
433,2011,ORL,101.8,102.4,0.5178104707,0.5197860485,0.4678294951,0.1068358796,-4.476666667,-3.875
434,2011,PHI,103.8,103.7,0.5321952856,0.5312327414,0.4816124742,0.1050280341,-2.476666667,-2.575
435,2011,PHX,109.4,108.75,0.5508949823,0.5492753438,0.5004195134,0.1008663084,3.123333333,2.475
436,2011,POR,105.7,104.85,0.5519238855,0.5503452362,0.4891777835,0.1282685031,-0.5766666667,-1.425
437,2011,SAC,108.4,108.3,0.5546013379,0.5552378433,0.5014361777,0.1060257768,2.123333333,2.025
438,2011,SAS,104.4,104.4,0.5280579247,0.5276481474,0.4824576153,0.09451671592,-1.876666667,-1.875
439,2011,TOR,111.7,111.45,0.5664918033,0.5654498878,0.5133095663,0.1036065574,5.423333333,5.175
440,2011,UTA,108.8,108.85,0.5561315801,0.5559035806,0.4989807643,0.114535108,2.523333333,2.575
441,2011,WAS,109.1,109.4,0.5566883012,0.5572045671,0.4968811792,0.1203650381,2.823333333,3.125
442,2012,ATL,100.4,101.35,0.516763721,0.5210017718,0.4636109167,0.1146495959,-3.093333333,-2.04
443,2012,BOS,97.5,98.05,0.4979157799,0.502752101,0.4423981944,0.1254923421,-5.993333333,-5.34
444,2012,CHA,109.4,108.25,0.548819095,0.5484845698,0.4968029087,0.1047018553,5.906666667,4.86
445,2012,CHI,97.5,99.1,0.4863140089,0.4966890142,0.4438759009,0.09560804712,-5.993333333,-4.29
446,2012,CLE,107.6,107.6,0.5444301055,0.5448399315,0.4938660567,0.1023841347,4.106666667,4.21
447,2012,DAL,100.9,100.15,0.5189333139,0.5170696371,0.4687237892,0.1071196424,-2.593333333,-3.24
448,2012,DEN,105.1,104.45,0.5418739985,0.5378648048,0.4877628605,0.1109373885,1.606666667,1.06
449,2012,DET,105,105.6,0.5428277603,0.5485710086,0.4865195625,0.1157367599,1.506666667,2.21
450,2012,GSW,107.3,106.65,0.5394184168,0.5377860954,0.4870897155,0.1074313409,3.806666667,3.26
451,2012,HOU,104,102.8,0.5309407161,0.5257791281,0.4793249822,0.107684214,0.5066666667,-0.59
452,2012,IND,102.1,102,0.5179516678,0.5140694625,0.4659708886,0.1115537054,-1.393333333,-1.39
453,2012,LAC,104.8,104.25,0.537108371,0.5335009192,0.4856768332,0.1058966257,1.306666667,0.86
454,2012,LAL,103.2,102.2,0.5072463768,0.50166158,0.4680057983,0.08384635116,-0.2933333333,-1.19
455,2012,MEM,100.6,99.6,0.5289326869,0.5249795473,0.4677285589,0.130853947,-2.893333333,-3.79
456,2012,MIA,99.2,100.65,0.5166653126,0.523658009,0.4597083168,0.1238981192,-4.293333333,-2.74
457,2012,MIL,104.1,104.2,0.5317048496,0.5339486418,0.4750415488,0.1192807258,0.6066666667,0.81
458,2012,MIN,105.3,103.85,0.5268654337,0.5219100928,0.4801656495,0.09725765306,1.806666667,0.46
459,2012,NJN,108.1,108.7,0.549370228,0.5545554384,0.4974620989,0.1043458974,4.606666667,5.31
460,2012,NOH,103.9,103.1,0.5275337711,0.5206786791,0.4793693851,0.1004744723,0.4066666667,-0.29
461,2012,NYK,100.2,99.85,0.526054298,0.5257882909,0.4635235806,0.1349029911,-3.293333333,-3.54
462,2012,OKC,102.1,100.4,0.5080261461,0.500929293,0.4610892025,0.1017957986,-1.393333333,-2.99
463,2012,ORL,103.4,104.85,0.5258640109,0.5370009081,0.4784284135,0.09914878803,-0.09333333333,1.46
464,2012,PHI,98.2,98.25,0.5003018771,0.4973701108,0.4531879854,0.1039610341,-5.293333333,-5.14
465,2012,PHX,105.2,105.15,0.5295051877,0.5315057367,0.4799155207,0.1033299921,1.706666667,1.76
466,2012,POR,105.3,105.4,0.5403197729,0.5423628183,0.4840857558,0.1161654035,1.806666667,2.01
467,2012,SAC,108.7,108.95,0.5510450109,0.5539544275,0.4982305695,0.1060040163,5.206666667,5.56
468,2012,SAS,102.3,101.8,0.5217516698,0.5185800508,0.4729284131,0.1032360402,-1.193333333,-1.59
469,2012,TOR,103.6,102.95,0.5240041893,0.5237160652,0.4751983823,0.1027061725,0.1066666667,-0.44
470,2012,UTA,104.9,104.7,0.5383961462,0.536826715,0.4845875075,0.1110400865,1.406666667,1.31
471,2012,WAS,104.9,106.85,0.535709574,0.5432756989,0.4812649631,0.1131281415,1.406666667,3.46
472,2013,ATL,103.4,103.7,0.5308262813,0.5335652797,0.4771830273,0.1124165171,-1.366666667,-1.155
473,2013,BKN,104.8,106,0.5337264758,0.5387112442,0.4855396601,0.09924383046,0.03333333333,1.145
474,2013,BOS,102.6,102.85,0.5230080841,0.5250381978,0.4723737323,0.1071912944,-2.166666667,-2.005
475,2013,CHA,110.3,111.05,0.5577080043,0.5625582682,0.5074777308,0.09898025165,5.533333333,6.195
476,2013,CHI,101.9,102.5,0.5167308141,0.5200388842,0.469862182,0.0997497435,-2.866666667,-2.355
477,2013,CLE,108.2,108.4,0.5605111548,0.5640367752,0.5030753261,0.114169441,3.433333333,3.545
478,2013,DAL,105.4,105.5,0.5344174581,0.5354969663,0.4845627666,0.1028859311,0.6333333333,0.645
479,2013,DEN,104.2,104.45,0.5283378302,0.5297377208,0.4784907247,0.1041756986,-0.5666666667,-0.405
480,2013,DET,107.2,107.85,0.543440363,0.5458453298,0.4923388312,0.1037934216,2.433333333,2.995
481,2013,GSW,104.2,103.9,0.5261278831,0.5234634137,0.4785465871,0.09942876447,-0.5666666667,-0.955
482,2013,HOU,105.3,105,0.5396362609,0.5382872225,0.490554362,0.1000539444,0.5333333333,0.145
483,2013,IND,99,99.85,0.4953565381,0.5002026259,0.4495905471,0.1017948248,-5.766666667,-5.005
484,2013,LAC,102.8,102.35,0.5346090465,0.5318575815,0.4787381056,0.1167046037,-1.966666667,-2.505
485,2013,LAL,105.9,105.35,0.5256706964,0.5234069559,0.4808294918,0.09325801638,1.133333333,0.495
486,2013,MEM,99.1,98.8,0.5163155429,0.5149584001,0.4606783723,0.1207722653,-5.666666667,-6.055
487,2013,MIA,103.2,103.45,0.5266751393,0.5282616956,0.4777175513,0.1024822887,-1.566666667,-1.405
488,2013,MIL,104.2,104.8,0.5306187178,0.5329818386,0.475009349,0.1170700512,-0.5666666667,-0.055
489,2013,MIN,104,103.5,0.5447677915,0.5428419514,0.4878193716,0.1167407921,-0.7666666667,-1.355
490,2013,NOH,108.9,108.55,0.5568792021,0.5534777934,0.5044775444,0.1038731222,4.133333333,3.695
491,2013,NYK,105.4,106,0.5476372547,0.5494948728,0.4890805858,0.1197280582,0.6333333333,1.145
492,2013,OKC,101.2,101.25,0.5104410148,0.5097012485,0.4639944091,0.1001016496,-3.566666667,-3.605
493,2013,ORL,108.4,108.05,0.5426871096,0.5415406248,0.4992268637,0.08705510261,3.633333333,3.195
494,2013,PHI,104.7,104.9,0.5337603056,0.5363180609,0.4809515475,0.1098005784,-0.06666666667,0.045
495,2013,PHX,106.9,106.95,0.5492803669,0.549742791,0.4960600867,0.1072859553,2.133333333,2.095
496,2013,POR,107.9,107.55,0.5466452997,0.5440474277,0.4982736974,0.09707837788,3.133333333,2.695
497,2013,SAC,110,109.6,0.5595154631,0.5569347869,0.5073461892,0.1028277635,5.233333333,4.745
498,2013,SAS,100.3,99.8,0.5157424139,0.5123995779,0.4651744448,0.108707539,-4.466666667,-5.055
499,2013,TOR,106.4,106.55,0.5439546552,0.5452694178,0.4913103877,0.1071507316,1.633333333,1.695
500,2013,UTA,105.6,105.4,0.5428973239,0.5416203415,0.487675066,0.1132357625,0.8333333333,0.545
501,2013,WAS,101.6,101.75,0.5221800151,0.5231012466,0.4697026254,0.1117247103,-3.166666667,-3.105
502,2014,ATL,105.7,105.95,0.5451446032,0.5494168103,0.4923132629,0.1073124456,0.01,0.3666666667
503,2014,BKN,106.7,106.6,0.5512371596,0.5503576704,0.4918374628,0.120770989,1.01,1.016666667
504,2014,BOS,106.5,106.65,0.5467802338,0.548226817,0.493163316,0.1087204098,0.81,1.066666667
505,2014,CHA,103.3,103.4,0.5262378489,0.5274027915,0.4756145944,0.1064375549,-2.39,-2.183333333
506,2014,CHI,99.9,100.45,0.509066909,0.5125284966,0.4596454722,0.1075207738,-5.79,-5.133333333
507,2014,CLE,107,107.75,0.5447729545,0.5475361022,0.4931349735,0.1047136866,1.31,2.166666667
508,2014,DAL,107.2,106.2,0.5554556323,0.5509842924,0.4976680696,0.1161166774,1.51,0.6166666667
509,2014,DEN,107.3,106.7,0.5432267983,0.5404190201,0.4958605437,0.09552333854,1.61,1.116666667
510,2014,DET,109,109.65,0.5585858008,0.5628809701,0.5065797547,0.102661122,3.31,4.066666667
511,2014,GSW,101.4,100.95,0.5221967225,0.5207272651,0.4715311956,0.1074489393,-4.29,-4.633333333
512,2014,HOU,105.2,104.65,0.5265052258,0.5225598503,0.4821312081,0.09203722339,-0.49,-0.9333333333
513,2014,IND,98.9,99.55,0.5006002972,0.5030711192,0.4527668287,0.1056470252,-6.79,-6.033333333
514,2014,LAC,104,103.5,0.5266198108,0.5239312341,0.4779688575,0.1017868685,-1.69,-2.083333333
515,2014,LAL,109.3,108.7,0.5459212528,0.5428742382,0.4986373474,0.09482624127,3.61,3.116666667
516,2014,MEM,103.8,102.95,0.5354302222,0.5324646544,0.4839108231,0.1064646554,-1.89,-2.633333333
517,2014,MIA,105,105.4,0.5486823383,0.5513632682,0.4907211328,0.1181143457,-0.69,-0.1833333333
518,2014,MIL,110.2,110.45,0.5587400084,0.5596392508,0.5046666825,0.1071466134,4.51,4.866666667
519,2014,MIN,105.2,104.3,0.5500012867,0.5471423187,0.4928627433,0.1159319591,-0.49,-1.283333333
520,2014,NOP,109.1,108.65,0.5581472621,0.5538829942,0.5041416567,0.1071238703,3.41,3.066666667
521,2014,NYK,108.1,108.45,0.5579214022,0.5590080934,0.5010452533,0.1135149938,2.41,2.866666667
522,2014,OKC,103,102.75,0.527604309,0.5261910088,0.4784445671,0.102749086,-2.69,-2.833333333
523,2014,ORL,106.6,106.75,0.5436903306,0.5437819514,0.4962484566,0.09560105096,0.91,1.166666667
524,2014,PHI,109,109.4,0.5653814882,0.5676054926,0.5074415755,0.1141804603,3.31,3.816666667
525,2014,PHX,105.6,105,0.5413352894,0.5386576615,0.4914365157,0.1015365609,-0.09,-0.5833333333
526,2014,POR,106.2,105.5,0.5263171045,0.5226601461,0.4822749918,0.09132157688,0.51,-0.08333333333
527,2014,SAC,107.8,107.2,0.5523980028,0.5500832256,0.5029826593,0.09824462651,2.11,1.616666667
528,2014,SAS,101.4,101.25,0.5185501839,0.5180865935,0.4703546166,0.102466449,-4.29,-4.333333333
529,2014,TOR,104.6,105.3,0.5370934552,0.5400383908,0.4817926835,0.1147812609,-1.09,-0.2833333333
530,2014,UTA,110.1,109.6,0.5589875647,0.5570623769,0.5141878789,0.08712707477,4.41,4.016666667
531,2014,WAS,103.6,103.85,0.5452759699,0.5482731959,0.4875404988,0.1184218977,-2.09,-1.733333333
532,2015,ATL,102.3,102.75,0.5280466782,0.5285268732,0.474047619,0.1139106219,-2.446666667,-1.995
533,2015,BKN,106.3,106.2,0.5385232202,0.5380480738,0.4884805033,0.1024456791,1.553333333,1.455
534,2015,BOS,103.5,104.05,0.5331519114,0.5356584127,0.4812710799,0.1077996032,-1.246666667,-0.695
535,2015,CHI,103.3,103.85,0.5096528336,0.5124237162,0.4703711351,0.08351213659,-1.446666667,-0.895
536,2015,CHO,103,103.25,0.5251265936,0.5261585297,0.479678139,0.0947478129,-1.746666667,-1.495
537,2015,CLE,105.3,105.8,0.5345749039,0.5358139868,0.4897829698,0.09145261644,0.5533333333,1.055
538,2015,DAL,104.9,104.3,0.5408185892,0.5382700803,0.4816435815,0.1228605758,0.1533333333,-0.445
539,2015,DEN,107.1,106.35,0.5463471954,0.5426600515,0.4989847622,0.09491759427,2.353333333,1.605
540,2015,DET,105.4,105.4,0.5392911154,0.5395736575,0.4917098171,0.09676702941,0.6533333333,0.655
541,2015,GSW,100.4,100.3,0.5137510604,0.5128429129,0.4642333912,0.106665462,-4.346666667,-4.445
542,2015,HOU,102.6,101.95,0.525974457,0.5238817702,0.4760760243,0.1048119003,-2.146666667,-2.795
543,2015,IND,102.7,103.1,0.520645239,0.5229261777,0.4749094103,0.09630432166,-2.046666667,-1.645
544,2015,LAC,104.7,104.55,0.5352142421,0.5343289055,0.4867935535,0.09946863153,-0.04666666667,-0.195
545,2015,LAL,109.4,108.65,0.557109894,0.5516467962,0.5108319568,0.09059326977,4.653333333,3.905
546,2015,MEM,101.2,101,0.5260146496,0.5268450697,0.4740108762,0.1097100847,-3.546666667,-3.745
547,2015,MIA,106.1,106.6,0.5418274194,0.5442722542,0.4892544344,0.1074553062,1.353333333,1.855
548,2015,MIL,101.4,102.25,0.5284522726,0.5316706722,0.4713841273,0.1210650549,-3.346666667,-2.495
549,2015,MIN,110.9,110.3,0.5686107597,0.5662279257,0.5140161624,0.1062118301,6.153333333,5.555
550,2015,NOP,106.3,106.15,0.532801367,0.5325839486,0.490029637,0.08728396559,1.553333333,1.405
551,2015,NYK,109,109.35,0.554295439,0.5550241018,0.5000554345,0.1084679832,4.253333333,4.605
552,2015,OKC,104.6,104.15,0.5288205622,0.5271534465,0.4834206136,0.09391396923,-0.1466666667,-0.595
553,2015,ORL,106.8,106.95,0.5510291709,0.552970777,0.5026061057,0.09634396518,2.053333333,2.205
554,2015,PHI,103.9,104.3,0.539274956,0.5412338934,0.4825066565,0.1176528836,-0.8466666667,-0.445
555,2015,PHX,105.3,104.75,0.5385114174,0.5362187286,0.4883434027,0.1027310176,0.5533333333,0.005
556,2015,POR,102.8,102.55,0.5130308047,0.5113080376,0.4712690327,0.08861556587,-1.946666667,-2.195
557,2015,SAC,108.2,108.3,0.5431876425,0.5458650494,0.4991817453,0.08815606272,3.453333333,3.555
558,2015,SAS,101.4,101.35,0.5210380666,0.5197360805,0.4737944543,0.09971330786,-3.346666667,-3.395
559,2015,TOR,107.1,107.3,0.5420457166,0.5431194472,0.4930220254,0.09943509338,2.353333333,2.555
560,2015,UTA,104.1,104,0.5286358573,0.5270170749,0.4858666067,0.08802673405,-0.6466666667,-0.745
561,2015,WAS,102.4,102.55,0.5209469921,0.5212175665,0.4734119658,0.1004094315,-2.346666667,-2.195
562,2016,ATL,100.8,100.7,0.5179899165,0.5176133682,0.4683758519,0.1059278876,-4.736666667,-4.795
563,2016,BKN,109.7,109.85,0.564964407,0.566029539,0.5139837645,0.09918726243,4.163333333,4.355
564,2016,BOS,102.5,102.85,0.5311915474,0.5330399713,0.4779177659,0.1114706031,-3.036666667,-2.645
565,2016,CHI,105.5,105.25,0.5200312904,0.5195948777,0.4819727596,0.07896407012,-0.03666666667,-0.245
566,2016,CHO,103.7,104.3,0.533719487,0.536739074,0.488381998,0.09283202317,-1.836666667,-1.195
567,2016,CLE,103.9,104.15,0.5338179603,0.5359094046,0.4870020053,0.09613092874,-1.636666667,-1.345
568,2016,DAL,105.9,105.75,0.5396629496,0.5395788362,0.4888618752,0.1039170306,0.3633333333,0.255
569,2016,DEN,108.2,108,0.5543407151,0.5541410547,0.5068840614,0.09362427689,2.663333333,2.505
570,2016,DET,104.9,104.6,0.5423207229,0.5415311138,0.4950300437,0.09553092749,-0.6366666667,-0.895
571,2016,GSW,102.8,102.65,0.5196744777,0.5184933742,0.4761495842,0.09141012595,-2.736666667,-2.845
572,2016,HOU,107.3,108,0.5544239484,0.5556547941,0.5032941209,0.1015903531,1.763333333,2.505
573,2016,IND,102.2,102.6,0.5281184442,0.5290848288,0.4787038673,0.1032257734,-3.336666667,-2.895
574,2016,LAC,102.7,102.4,0.5234261547,0.5216978838,0.4735944307,0.1052202492,-2.836666667,-3.095
575,2016,LAL,110.3,109.45,0.5563962079,0.5528483784,0.514588822,0.08124425578,4.763333333,3.955
576,2016,MEM,107.1,106.45,0.5625446786,0.559573246,0.5039368933,0.1162998505,1.563333333,0.955
577,2016,MIA,103.7,104.1,0.5247215445,0.5256856843,0.4820283303,0.08856992732,-1.836666667,-1.395
578,2016,MIL,107.8,107.8,0.5511182525,0.5489255578,0.4981849941,0.1062522136,2.263333333,2.305
579,2016,MIN,109,108.7,0.5589266139,0.5578833027,0.5079489806,0.1003597511,3.463333333,3.205
580,2016,NOP,108.4,108.1,0.5638709411,0.5627593627,0.5154213307,0.09400001033,2.863333333,2.605
581,2016,NYK,106.7,106.8,0.5264354559,0.5273497126,0.4881763442,0.07837149869,1.163333333,1.305
582,2016,OKC,104.8,104.55,0.5242857143,0.5234111987,0.4827842599,0.08596273292,-0.7366666667,-0.945
583,2016,ORL,106,105.85,0.5508446025,0.5513317171,0.4981695112,0.1057372843,0.4633333333,0.355
584,2016,PHI,108.6,108.1,0.55539476,0.5533394795,0.5034448931,0.1031887851,3.063333333,2.605
585,2016,PHX,107.9,107.9,0.5631793027,0.5631884935,0.5110190474,0.1020710588,2.363333333,2.405
586,2016,POR,106.8,106.8,0.5426452975,0.5414275193,0.4946933526,0.09693266479,1.263333333,1.305
587,2016,SAC,107.6,107.55,0.5567882972,0.5553829229,0.5044630568,0.103724623,2.063333333,2.055
588,2016,SAS,98.2,97.75,0.5134917982,0.5115107326,0.464521259,0.1054215243,-7.336666667,-7.745
589,2016,TOR,104.8,105.4,0.5348726614,0.5385004827,0.4897250777,0.09218965032,-0.7366666667,-0.095
590,2016,UTA,103.2,102.7,0.5342089387,0.5326441808,0.4902437565,0.08968024915,-2.336666667,-2.795
591,2016,WAS,105.1,105.75,0.5550391731,0.5594222669,0.4991454862,0.1119787486,-0.4366666667,0.255
592,2017,ATL,105.2,105.4,0.5409001431,0.5422296913,0.4905626084,0.1026118456,-2.943333333,-2.74
593,2017,BKN,110.1,110.65,0.5523581652,0.5550324225,0.5094680987,0.08418597076,1.956666667,2.51
594,2017,BOS,108,108.15,0.5445907723,0.5462478611,0.4978406357,0.09390582695,-0.1433333333,0.01
595,2017,CHI,106.2,106.75,0.5396931459,0.5410300837,0.4952713379,0.08969186091,-1.943333333,-1.39
596,2017,CHO,108.4,108.85,0.5538538161,0.5551178373,0.5111798639,0.08348128574,0.2566666667,0.71
597,2017,CLE,109.7,109.8,0.5486827119,0.5492468027,0.5067848146,0.08267393998,1.556666667,1.66
598,2017,DAL,107.7,107.15,0.5678571821,0.5666806762,0.5068727258,0.1203151267,-0.4433333333,-0.99
599,2017,DEN,111.7,111.75,0.5672882638,0.5679558696,0.5262969564,0.07788627111,3.556666667,3.61
600,2017,DET,106.7,106.5,0.5534663954,0.553357582,0.5089393029,0.08748998609,-1.443333333,-1.64
601,2017,GSW,103.4,102.95,0.5245300152,0.5226551956,0.4796772601,0.09350611103,-4.743333333,-5.19
602,2017,HOU,108.4,108.45,0.5555651739,0.5560937405,0.5056638857,0.09868469868,0.2566666667,0.31
603,2017,IND,108.1,108.45,0.5552183842,0.5563940448,0.5030804649,0.1036373362,-0.04333333333,0.31
604,2017,LAC,107.5,107.2,0.5456819781,0.5454057695,0.5009669323,0.08925747978,-0.6433333333,-0.94
605,2017,LAL,112,111.65,0.5771319592,0.5743692266,0.5301905182,0.08853693038,3.856666667,3.51
606,2017,MEM,106.5,106.7,0.5514616862,0.5524664593,0.5019664792,0.09860261398,-1.643333333,-1.44
607,2017,MIA,106.4,106.7,0.5396643292,0.5410726735,0.4927845002,0.09513251521,-1.743333333,-1.44
608,2017,MIL,108.7,109.2,0.5572139303,0.5601271245,0.5084826762,0.09583660644,0.5566666667,1.06
609,2017,MIN,110.9,111.3,0.5712688594,0.5717008039,0.5191913245,0.1003050947,2.756666667,3.16
610,2017,NOP,106.8,106.4,0.542432544,0.5400076913,0.497195018,0.09098547713,-1.343333333,-1.74
611,2017,NYK,110.7,111.1,0.5508961626,0.5515947063,0.5082215173,0.08396859201,2.556666667,2.96
612,2017,OKC,107.1,106.8,0.5509608646,0.5503701848,0.5052839697,0.09039846424,-1.043333333,-1.34
613,2017,ORL,110.3,110.05,0.55871332,0.5595255711,0.5161746819,0.08241132238,2.156666667,1.91
614,2017,PHI,108.2,108,0.5554706372,0.5546749572,0.5051546627,0.09960508775,0.05666666667,-0.14
615,2017,PHX,111.3,110.65,0.5722093327,0.568156132,0.5224731483,0.09519376179,3.156666667,2.51
616,2017,POR,110,109.85,0.554135016,0.5528336131,0.509911571,0.0867276751,1.856666667,1.71
617,2017,SAC,110.8,110.75,0.5681463932,0.5685984053,0.5177728428,0.09728889997,2.656666667,2.61
618,2017,SAS,102.9,102.5,0.5301612818,0.5290515764,0.4804064381,0.1035682285,-5.243333333,-5.64
619,2017,TOR,107.1,107.55,0.5495474085,0.5521807256,0.4996367142,0.09989396875,-1.043333333,-0.59
620,2017,UTA,104.7,104.1,0.5310221323,0.529360151,0.4909397335,0.08164423458,-3.443333333,-4.04
621,2017,WAS,108.8,108.85,0.5608223101,0.5626507464,0.5066704415,0.1068778917,0.6566666667,0.71
622,2018,ATL,110.1,109.65,0.5683642424,0.5675904709,0.5147204748,0.1042192222,2.26,1.865
623,2018,BKN,109.7,109.8,0.5530400086,0.5553565046,0.511403715,0.08141570418,1.86,2.015
624,2018,BOS,103.2,103.5,0.5318310747,0.5316154776,0.4841201535,0.09855181785,-4.64,-4.285
625,2018,CHI,110.5,110.8,0.5746679583,0.5748115186,0.5276555405,0.08909679557,2.66,3.015
626,2018,CHO,109,108.25,0.5634288653,0.5595854353,0.5155869993,0.09279106355,1.16,0.465
627,2018,CLE,111.1,111.25,0.5678668266,0.5686171131,0.5208164812,0.09033958613,3.26,3.465
628,2018,DAL,108.4,108.05,0.5652493666,0.563425925,0.5119249659,0.1041644857,0.56,0.265
629,2018,DEN,110,110.2,0.5669423973,0.5695450421,0.5172489956,0.09607249523,2.16,2.415
630,2018,DET,106.7,106.35,0.5555077475,0.5536826765,0.5015562901,0.1075681004,-1.14,-1.435
631,2018,GSW,106.8,106.4,0.5390772934,0.537037334,0.4941646632,0.09088596075,-1.04,-1.385
632,2018,HOU,105.7,105.55,0.5512983147,0.5516880784,0.5035826613,0.09475237528,-2.14,-2.235
633,2018,IND,107.3,107.45,0.5578235024,0.5563737159,0.5035697276,0.1077383564,-0.54,-0.335
634,2018,LAC,109.2,108.55,0.5574579816,0.55350594,0.5088186113,0.09559274993,1.36,0.765
635,2018,LAL,107.3,106.85,0.5491196004,0.546342998,0.5034207296,0.09077669666,-0.54,-0.935
636,2018,MEM,110.4,111.05,0.5728667433,0.578082424,0.5151043304,0.112137308,2.56,3.265
637,2018,MIA,105.8,106.6,0.5478749643,0.5515147409,0.4976769964,0.1008645533,-2.04,-1.185
638,2018,MIL,109.1,109.2,0.5677279471,0.5703849594,0.5165513531,0.09907358418,1.26,1.415
639,2018,MIN,110.2,110.2,0.5725334916,0.5737812468,0.5179263634,0.1054341544,2.36,2.415
640,2018,NOP,107.4,106.95,0.5469531556,0.5451962808,0.5012867134,0.09109844915,-0.44,-0.835
641,2018,NYK,109.7,109.95,0.5594545161,0.5594841852,0.5119260626,0.092842418,1.86,2.165
642,2018,OKC,106.4,106.25,0.5599200787,0.5594037747,0.5057567926,0.1070935414,-1.44,-1.535
643,2018,ORL,109.4,109.25,0.5588133057,0.5585325101,0.511231657,0.09307257898,1.56,1.465
644,2018,PHI,103.9,103.85,0.5323096877,0.5308772351,0.4899635492,0.08642712012,-3.94,-3.935
645,2018,PHX,111.7,111.9,0.5692290347,0.5707795534,0.5230172635,0.08835611066,3.86,4.115
646,2018,POR,105.7,105.55,0.5391661306,0.5376717487,0.4947109033,0.08986102176,-2.14,-2.235
647,2018,SAC,110.4,110.55,0.5759019832,0.5754578848,0.5230006992,0.1011495473,2.56,2.765
648,2018,SAS,104.1,103.6,0.539217236,0.5370608738,0.4899719435,0.1005063518,-3.74,-4.185
649,2018,TOR,105.3,105.95,0.5410974916,0.5453576661,0.4919127193,0.09998678701,-2.54,-1.835
650,2018,UTA,103,102.8,0.5426741966,0.5410223559,0.4943124185,0.09783646198,-4.84,-4.985
651,2018,WAS,107.7,107.25,0.559629437,0.5577849962,0.5057803468,0.106467344,-0.14,-0.535
652,2019,ATL,113.1,113.05,0.5799787633,0.5804282232,0.5307312249,0.09279186181,3.37,3.168333333
653,2019,BKN,109,109.2,0.5479090221,0.5478891259,0.5032962901,0.08864109044,-0.73,-0.6816666667
654,2019,BOS,107,107.9,0.5501088783,0.5546555676,0.5026301206,0.0944606298,-2.73,-1.981666667
655,2019,CHI,112.8,113.3,0.5730438214,0.5742222604,0.5279930017,0.08532465291,3.07,3.418333333
656,2019,CHO,112,112.55,0.570236526,0.5714519231,0.5248729454,0.08642773646,2.27,2.668333333
657,2019,CLE,116.8,117.35,0.5930494979,0.5978435609,0.5480246509,0.08215843392,7.07,7.468333333
658,2019,DAL,110.1,109.65,0.5569890033,0.5558139516,0.5109822718,0.09003586634,0.37,-0.2316666667
659,2019,DEN,108.1,107.9,0.5548665429,0.5530770016,0.5098057949,0.08838806546,-1.63,-1.981666667
660,2019,DET,108.7,108.85,0.5621236749,0.5630467594,0.5127828524,0.09622167019,-1.03,-1.031666667
661,2019,GSW,108.6,108.7,0.5464166571,0.5478637534,0.5033512597,0.08555734499,-1.13,-1.181666667
662,2019,HOU,110.1,110.2,0.5620898942,0.5627994684,0.5115829233,0.09872685069,0.37,0.3183333333
663,2019,IND,106,105.65,0.549205878,0.5481242019,0.4970515071,0.1049274977,-3.73,-4.231666667
664,2019,LAC,110.4,110.25,0.5552159015,0.5552859994,0.510793594,0.08696723681,0.67,0.3683333333
665,2019,LAL,108.9,109.35,0.5520044417,0.5544086595,0.5072340537,0.0882637663,-0.83,-0.5316666667
666,2019,MEM,108,108.8,0.5632193132,0.5679799463,0.5089997567,0.1065217729,-1.73,-1.081666667
667,2019,MIA,107.1,107.5,0.5473960408,0.5484636863,0.5005854666,0.09351165241,-2.63,-2.381666667
668,2019,MIL,104.9,105.45,0.5323637211,0.5350012846,0.4928289781,0.08022000485,-4.83,-4.431666667
669,2019,MIN,112.2,112.4,0.5705822308,0.571297505,0.5199802379,0.09731522318,2.47,2.518333333
670,2019,NOP,112,111.9,0.5660696381,0.5644437934,0.5218302153,0.08477742674,2.27,2.018333333
671,2019,NYK,112.9,113.5,0.5682704114,0.570027761,0.5246218,0.08320014813,3.17,3.618333333
672,2019,OKC,106.5,106.2,0.5595116989,0.5572907499,0.504920592,0.1081182027,-3.23,-3.681666667
673,2019,ORL,107.6,108.1,0.5505398338,0.552519235,0.5066956627,0.0865295964,-2.13,-1.781666667
674,2019,PHI,109,108.95,0.549646996,0.5511537395,0.510637921,0.07639282837,-0.73,-0.9316666667
675,2019,PHX,114.2,114.1,0.5823806305,0.580392447,0.5310551708,0.09664807458,4.47,4.218333333
676,2019,POR,109.5,109.45,0.5519186149,0.5514769214,0.5098548675,0.08250141361,-0.23,-0.4316666667
677,2019,SAC,110.8,109.9,0.5689531503,0.5672830826,0.5159268895,0.1027786336,1.07,0.01833333333
678,2019,SAS,110.6,110.4,0.5579230267,0.5557387225,0.5167458193,0.07968561303,0.87,0.5183333333
679,2019,TOR,106.8,107.15,0.5446402738,0.5453226137,0.495109643,0.1000397217,-2.93,-2.731666667
680,2019,UTA,105.3,105.2,0.5419209702,0.5412314754,0.4999037986,0.08405051473,-4.43,-4.681666667
681,2019,WAS,112.9,113.55,0.580542033,0.5844838141,0.527114395,0.1013587154,3.17,3.668333333
682,2020,ATL,114.4,114.5,0.5823880961,0.5827329882,0.5327287506,0.09321694283,4.246666667,4.268333333
683,2020,BKN,109.2,109.35,0.5463325679,0.5460974068,0.504238873,0.0834796704,-0.9533333333,-0.8816666667
684,2020,BOS,106.5,106.55,0.5487133032,0.5483992479,0.4974999485,0.102941427,-3.653333333,-3.681666667
685,2020,CHI,108.9,109.35,0.5848848403,0.5847853562,0.5193311857,0.1262270712,-1.253333333,-0.8816666667
686,2020,CHO,112.8,112.75,0.5731355,0.5746137598,0.5179019954,0.1066485648,2.646666667,2.518333333
687,2020,CLE,114.8,115.5,0.5866672957,0.5887036586,0.5417671149,0.08287727244,4.646666667,5.268333333
688,2020,DAL,111.2,110.9,0.5557157063,0.5527595184,0.5161305377,0.07669604037,1.046666667,0.6683333333
689,2020,DEN,110.4,109.95,0.5665404213,0.565154512,0.5186154983,0.09240935353,0.2466666667,-0.2816666667
690,2020,DET,112.3,112.55,0.5739503607,0.5753188106,0.5256038731,0.09198274617,2.146666667,2.318333333
691,2020,GSW,113,112.45,0.5855288708,0.5836704835,0.5309812431,0.1027298581,2.846666667,2.218333333
692,2020,HOU,109.8,109.8,0.5633110071,0.5641390199,0.5102657899,0.1039560523,-0.3533333333,-0.4316666667
693,2020,IND,107.5,108.1,0.5484504144,0.550563743,0.4984828231,0.1002393442,-2.653333333,-2.131666667
694,2020,LAC,106.9,106.75,0.5441449916,0.5412674752,0.497670452,0.09338416513,-3.253333333,-3.481666667
695,2020,LAL,106.1,105.6,0.5536447981,0.5514733173,0.500102075,0.1070635891,-4.053333333,-4.631666667
696,2020,MEM,109.7,109.05,0.5610898393,0.5580591345,0.5110006748,0.09802171891,-0.4533333333,-1.181666667
697,2020,MIA,109.3,109.35,0.5622070368,0.5630513823,0.5126290584,0.09671316429,-0.8533333333,-0.8816666667
698,2020,MIL,102.5,103,0.5253537705,0.5287834951,0.4825627265,0.08867457359,-7.653333333,-7.231666667
699,2020,MIN,111.6,111.45,0.5790736054,0.579898314,0.5245637816,0.1039145776,1.446666667,1.218333333
700,2020,NOP,111.8,111.45,0.5704816017,0.5696068375,0.5221644378,0.09253246753,1.646666667,1.218333333
701,2020,NYK,112.4,113,0.5766440855,0.5797639017,0.5296501121,0.08872644858,2.246666667,2.768333333
702,2020,OKC,108.1,108.55,0.5518468881,0.5542496676,0.5011220204,0.1012225879,-2.053333333,-1.681666667
703,2020,ORL,109.2,109.8,0.5663581131,0.5689959227,0.5188505868,0.09156301943,-0.9533333333,-0.4316666667
704,2020,PHI,108.4,108.7,0.5601316557,0.5646659466,0.5137804891,0.09021589499,-1.753333333,-1.531666667
705,2020,PHX,110.8,110.95,0.5777272803,0.577757107,0.520087255,0.1108276058,0.6466666667,0.7183333333
706,2020,POR,114.3,114,0.5664230382,0.5625953375,0.5205783854,0.08806484104,4.146666667,3.768333333
707,2020,SAC,111.4,111.65,0.5826338456,0.5846057777,0.5255908177,0.1085312489,1.246666667,1.418333333
708,2020,SAS,112.6,112.8,0.5755726867,0.5763728817,0.5323318178,0.08122916479,2.446666667,2.568333333
709,2020,TOR,104.7,104.95,0.5405424455,0.5413193505,0.4830075074,0.1191181031,-5.453333333,-5.281666667
710,2020,UTA,109.3,108.9,0.5520093563,0.5492901069,0.5111027033,0.0800360726,-0.8533333333,-1.331666667
711,2020,WAS,114.7,115.25,0.5958635643,0.598130717,0.5369758004,0.1096655825,4.546666667,5.018333333
712,2021,ATL,112.1,112.05,0.5658052935,0.5653616789,0.5246416029,0.0784605919,0.4033333333,0.2966666667
713,2021,BKN,113.1,113.15,0.5648586787,0.5657613097,0.5213305641,0.08349426957,1.403333333,1.396666667
714,2021,BOS,111.8,111.85,0.5770328802,0.5764805783,0.5257156669,0.09761400797,0.1033333333,0.09666666667
715,2021,CHI,111.5,112.05,0.5723956107,0.5744419104,0.5283478032,0.08336896109,-0.1966666667,0.2966666667
716,2021,CHO,112,112.1,0.5764575319,0.5776708482,0.524369449,0.09933470188,0.3033333333,0.3466666667
717,2021,CLE,113.5,113.85,0.5865689922,0.587996352,0.5365781131,0.09316607942,1.803333333,2.096666667
718,2021,DAL,112.3,111.9,0.5680841678,0.5657937206,0.5222349787,0.08779417494,0.6033333333,0.1466666667
719,2021,DEN,111.5,111.4,0.5789146282,0.5785487288,0.5302146804,0.0918494895,-0.1966666667,-0.3533333333
720,2021,DET,112.2,112.25,0.5739850841,0.5735614406,0.5229447057,0.09760186477,0.5033333333,0.4966666667
721,2021,GSW,109.4,109.5,0.5620959784,0.5633760904,0.5100000503,0.1021488685,-2.296666667,-2.253333333
722,2021,HOU,114.4,114.75,0.5889131252,0.5915359676,0.535740702,0.09925029579,2.703333333,2.996666667
723,2021,IND,111.9,111.85,0.5671419596,0.5665884055,0.5205069067,0.08959545467,0.2033333333,0.09666666667
724,2021,LAC,110.6,110.65,0.5643951289,0.5642395242,0.5199459963,0.08548797934,-1.096666667,-1.103333333
725,2021,LAL,106.8,106.75,0.5593886463,0.5591768329,0.5062574101,0.1049490539,-4.896666667,-5.003333333
726,2021,MEM,110.5,110.25,0.5703725239,0.5691584798,0.5231904846,0.09018137889,-1.196666667,-1.503333333
727,2021,MIA,110.7,110.55,0.5746557532,0.5736746828,0.5196809363,0.1057857101,-0.9966666667,-1.203333333
728,2021,MIL,110.7,111.2,0.5647486954,0.5656070536,0.5250893769,0.07552870091,-0.9966666667,-0.5533333333
729,2021,MIN,114.5,114.3,0.5907164171,0.5904830302,0.5387344541,0.09648902646,2.803333333,2.546666667
730,2021,NOP,113.3,113.3,0.5826960682,0.5823313306,0.5378385548,0.0834033057,1.603333333,1.546666667
731,2021,NYK,107.8,108.1,0.5454187717,0.5464252606,0.5018556679,0.08680404854,-3.896666667,-3.653333333
732,2021,OKC,113.4,113.4,0.575760258,0.5753067712,0.5318469385,0.08256758925,1.703333333,1.646666667
733,2021,ORL,113.9,114,0.577140755,0.5780133258,0.532534336,0.08376252193,2.203333333,2.246666667
734,2021,PHI,107,107.2,0.5572586884,0.557640795,0.506075508,0.101137438,-4.696666667,-4.553333333
735,2021,PHX,110.4,110.75,0.5682539225,0.5691234372,0.5195532936,0.09373557914,-1.296666667,-1.003333333
736,2021,POR,115.3,115.15,0.5816369218,0.5816252063,0.5368006136,0.08352506883,3.603333333,3.396666667
737,2021,SAC,116.5,116.6,0.5907228424,0.5914876449,0.5432715047,0.08734368973,4.803333333,4.846666667
738,2021,SAS,112,112,0.5701022998,0.5688974157,0.5253416046,0.08520302744,0.3033333333,0.2466666667
739,2021,TOR,112,112.05,0.5843769068,0.583713963,0.5257895012,0.1114274922,0.3033333333,0.2966666667
740,2021,UTA,107.5,107.35,0.537239109,0.5363968359,0.5016800691,0.07087991355,-4.196666667,-4.403333333
741,2021,WAS,112.3,112.3,0.5764822284,0.575714035,0.5258083764,0.09637323068,0.6033333333,0.5466666667
742,2022,ATL,113.7,113.7,0.5750059903,0.5746836306,0.532292201,0.08024500309,2.34,2.161666667
743,2022,BKN,112.3,112.8,0.5588568539,0.5599445908,0.5149131021,0.0853420734,0.94,1.261666667
744,2022,BOS,106.2,106.5,0.5377579254,0.5390591249,0.4919898742,0.09302640895,-5.16,-5.038333333
745,2022,CHI,113.2,113.45,0.5767713865,0.5799853461,0.5318779275,0.08440556876,1.84,1.911666667
746,2022,CHO,113.1,113.4,0.5753914934,0.5748758983,0.526101233,0.09368968803,1.74,1.861666667
747,2022,CLE,108.9,108.7,0.5517365215,0.5501179512,0.5045135476,0.09360100249,-2.46,-2.838333333
748,2022,DAL,109.1,109.95,0.5544177806,0.5565117726,0.5089400865,0.0893576579,-2.26,-1.588333333
749,2022,DEN,111.5,111.55,0.5692535196,0.5673994788,0.5251423348,0.08399853128,0.14,0.01166666667
750,2022,DET,113.3,113.85,0.5800287595,0.5811713476,0.5262503649,0.1021916527,1.94,2.311666667
751,2022,GSW,106.6,106.4,0.5456013728,0.5456111067,0.4983748646,0.09476101549,-4.76,-5.138333333
752,2022,HOU,116.4,116.55,0.5888986647,0.5897611124,0.5389282823,0.09272176665,5.04,5.011666667
753,2022,IND,115.5,115.1,0.5873152372,0.5858060577,0.5409950866,0.08562027967,4.14,3.561666667
754,2022,LAC,109.5,110.05,0.5460371757,0.5477082016,0.5034188073,0.08465787896,-1.86,-1.488333333
755,2022,LAL,112.8,112.75,0.5712149298,0.5705846881,0.5234597797,0.09122983627,1.44,1.211666667
756,2022,MEM,108.9,109.05,0.5579848662,0.5577175432,0.51377749,0.08604381673,-2.46,-2.488333333
757,2022,MIA,108.4,108.9,0.5623035153,0.5640329722,0.5076942926,0.1075631999,-2.96,-2.638333333
758,2022,MIL,111.1,111.65,0.5641131981,0.5663531859,0.521024574,0.08269979239,-0.26,0.1116666667
759,2022,MIN,111,111.85,0.5750349069,0.5779053277,0.5201172461,0.105587079,-0.36,0.3116666667
760,2022,NOP,112,111.95,0.5811457626,0.5806140768,0.5309841556,0.09446912209,0.64,0.4116666667
761,2022,NYK,110.2,110,0.5565077215,0.5554247151,0.5137268085,0.08327560916,-1.16,-1.538333333
762,2022,OKC,111.7,111.85,0.5634228584,0.5638484076,0.5190902957,0.08540433731,0.34,0.3116666667
763,2022,ORL,112.1,111.75,0.5670754852,0.5651406712,0.5216268546,0.08712862502,0.74,0.2116666667
764,2022,PHI,110.2,109.75,0.5586432605,0.5570374117,0.5140098492,0.08683376666,-1.16,-1.788333333
765,2022,PHX,106.8,106.55,0.5458431326,0.5448222817,0.4998954883,0.09191450091,-4.56,-4.988333333
766,2022,POR,116.3,116.5,0.5950579739,0.5951805544,0.5447152407,0.09242027648,4.94,4.961666667
767,2022,SAC,114.8,115.1,0.5810323806,0.5825227303,0.5337295965,0.08862687108,3.44,3.561666667
768,2022,SAS,111.7,112.15,0.5632705546,0.5659321633,0.5171371058,0.08920931861,0.34,0.6116666667
769,2022,TOR,109.9,110.05,0.5713371188,0.5733790759,0.5126989613,0.1143715162,-1.46,-1.488333333
770,2022,UTA,110,110.25,0.5503741121,0.5516028373,0.5130492844,0.07275095961,-1.36,-1.288333333
771,2022,WAS,113.6,114.05,0.5675217393,0.570389111,0.5264050843,0.0781083927,2.24,2.511666667
772,2023,ATL,115.4,115.45,0.5882631571,0.588363145,0.5369995876,0.09546295891,1.33,1.418333333
773,2023,BKN,113.5,113.4,0.5667631649,0.5651969162,0.518356274,0.093385367,-0.57,-0.6316666667
774,2023,BOS,110.6,110.35,0.5600427633,0.5598036435,0.5145001644,0.08851814254,-3.47,-3.681666667
775,2023,CHI,111.5,112.45,0.5777003871,0.58427063,0.5243211842,0.1018063059,-2.57,-1.581666667
776,2023,CHO,114.7,114.2,0.5820291681,0.5795238896,0.532492575,0.09302776297,0.63,0.1683333333
777,2023,CLE,109.9,110.2,0.57238248,0.5734503115,0.5137331589,0.1141630049,-4.17,-3.831666667
778,2023,DAL,116.1,116.25,0.5875529174,0.5892963778,0.5377925684,0.09252702995,2.03,2.218333333
779,2023,DEN,113.5,113.8,0.5774693043,0.5776521349,0.5328886239,0.08365853292,-0.57,-0.2316666667
780,2023,DET,117.8,117.35,0.5949757333,0.5953652904,0.5456090792,0.09047989853,3.73,3.318333333
781,2023,GSW,113.4,113.65,0.5763590192,0.5787351336,0.524893218,0.09805004032,-0.67,-0.3816666667
782,2023,HOU,118.6,117.9,0.6003205002,0.5967903167,0.5504401257,0.09061907396,4.53,3.868333333
783,2023,IND,117.1,116.6,0.593912938,0.5927969163,0.5413351017,0.09712622772,3.03,2.568333333
784,2023,LAC,113.6,113.15,0.5760285648,0.5750566206,0.5298808697,0.08709069856,-0.47,-0.8816666667
785,2023,LAL,113.2,113.35,0.5658307136,0.5666840194,0.5229940135,0.08190667374,-0.87,-0.6816666667
786,2023,MEM,110.7,110.45,0.5638713322,0.5610732208,0.5139448597,0.09714363624,-3.37,-3.581666667
787,2023,MIA,112.8,112.7,0.5936837274,0.5942855654,0.5320720729,0.1157956931,-1.27,-1.331666667
788,2023,MIL,110.9,110.6,0.5530120138,0.5517494333,0.5127279711,0.07856806137,-3.17,-3.431666667
789,2023,MIN,113.1,113.45,0.5779914114,0.5808047546,0.5228750253,0.1054102479,-0.97,-0.5816666667
790,2023,NOP,112,112.25,0.5795962998,0.5814954346,0.5282117658,0.09728017696,-2.07,-1.781666667
791,2023,NYK,114.2,114.2,0.5736078536,0.5745826765,0.5275360868,0.08733386773,0.13,0.1683333333
792,2023,OKC,113.2,113.15,0.5839737628,0.5823401139,0.5234407564,0.115644427,-0.87,-0.8816666667
793,2023,ORL,113.7,113.75,0.5871635715,0.5868799724,0.5326813031,0.1022792954,-0.37,-0.2816666667
794,2023,PHI,112.7,113.05,0.5785046158,0.5794032023,0.5265827593,0.09860151248,-1.37,-0.9816666667
795,2023,PHX,112.3,111.85,0.5740772347,0.5723106149,0.5208096145,0.1022784886,-1.77,-2.181666667
796,2023,POR,118,117.85,0.5983186426,0.5988802832,0.5487365609,0.09035680373,3.93,3.818333333
797,2023,SAC,116,115.8,0.5964086111,0.5944959721,0.5439937605,0.09635193345,1.93,1.768333333
798,2023,SAS,119.6,119.05,0.6068930348,0.6030608315,0.5571701147,0.08924190088,5.53,5.018333333
799,2023,TOR,113.1,113.3,0.6020498568,0.6024397578,0.5386344764,0.1177336083,-0.97,-0.7316666667
800,2023,UTA,116,116.3,0.5766874529,0.5787447086,0.5328650596,0.08223919448,1.93,2.268333333
801,2023,WAS,114.9,115.1,0.5751708708,0.5765277806,0.5317918288,0.08157147133,0.83,1.068333333
802,2024,ATL,118.4,118.4,0.6039161044,0.6059616338,0.5533282566,0.09142466021,3.883333333,3.82
803,2024,BKN,115.4,115.35,0.5790737812,0.5808247965,0.5349752991,0.08243087529,0.8833333333,0.77
804,2024,BOS,110.6,110.1,0.5501383177,0.5473517815,0.5101564244,0.07837183135,-3.916666667,-4.48
805,2024,CHI,115.7,116,0.5887731493,0.5905914869,0.5387627179,0.09282459561,1.183333333,1.42
806,2024,CHO,119.2,119.2,0.603383989,0.6047794198,0.5516170787,0.09384573525,4.683333333,4.62
807,2024,CLE,112.1,112.5,0.5695337864,0.5727043424,0.5237258592,0.08746546752,-2.416666667,-2.08
808,2024,DAL,114.9,115,0.5787483461,0.5790057373,0.5284374345,0.09520694083,0.3833333333,0.42
809,2024,DEN,112.3,112.2,0.5609610554,0.5611060576,0.5221745517,0.07427880894,-2.216666667,-2.38
810,2024,DET,118,118.15,0.5959040983,0.5981628434,0.5503896784,0.08269490101,3.483333333,3.57
811,2024,GSW,114.5,114.1,0.5740704715,0.5712300824,0.5286286891,0.08596162731,-0.01666666667,-0.48
812,2024,HOU,112.8,113.5,0.5705873675,0.5740852792,0.5198463365,0.09760774961,-1.716666667,-1.08
813,2024,IND,117.6,117.65,0.5941047456,0.5963025516,0.5467329104,0.08664529657,3.083333333,3.07
814,2024,LAC,114.6,114.95,0.5726063909,0.5741351907,0.5285795601,0.08329272295,0.08333333333,0.37
815,2024,LAL,114.8,114.5,0.5775846764,0.5756390884,0.5338468907,0.0819294567,0.2833333333,-0.08
816,2024,MEM,113.7,113.35,0.5845148735,0.5833466952,0.5302405026,0.1023580256,-0.8166666667,-1.23
817,2024,MIA,111.5,111.4,0.5734282337,0.5723620991,0.5236317705,0.09509824668,-3.016666667,-3.18
818,2024,MIL,115,115.25,0.5738491741,0.5763881829,0.5318188304,0.07903131902,0.4833333333,0.67
819,2024,MIN,108.4,108.4,0.5526130658,0.5527517312,0.5027997919,0.09907178719,-6.116666667,-6.18
820,2024,NOP,111.9,111.7,0.5741177542,0.5714275645,0.5236877219,0.09629790853,-2.616666667,-2.88
821,2024,NYK,112.4,112.5,0.5732800951,0.5740976699,0.5262876937,0.08929032925,-2.116666667,-2.08
822,2024,OKC,111,111.8,0.5669266794,0.5687598766,0.5109885491,0.1094704184,-3.516666667,-2.78
823,2024,ORL,110.8,110.7,0.5785777866,0.5792545245,0.5226063079,0.1071006564,-3.716666667,-3.88
824,2024,PHI,113,113.5,0.5756131819,0.576115055,0.5227789183,0.1010642582,-1.516666667,-1.08
825,2024,PHX,113.7,113.95,0.5674231493,0.5673347979,0.5240423706,0.08278105207,-0.8166666667,-0.63
826,2024,POR,116.6,115.65,0.5945917413,0.5898948847,0.5421280848,0.09677354488,2.083333333,1.07
827,2024,SAC,114.4,114.55,0.5924006604,0.592633981,0.5405029921,0.09601735611,-0.1166666667,-0.03
828,2024,SAS,115.6,115.8,0.5851655361,0.5840971255,0.5390985013,0.0854519808,1.083333333,1.22
829,2024,TOR,118.1,118.55,0.5945521663,0.595047058,0.5452328924,0.09045542659,3.583333333,3.97
830,2024,UTA,119.6,119.4,0.596421831,0.5946171186,0.5524864966,0.0795229108,5.083333333,4.82
831,2024,WAS,118.9,119.3,0.5946571041,0.5967610683,0.5458210525,0.08947264188,4.383333333,4.72
832,2025,ATL,114.8,115.2,0.5954555862,0.5966801221,0.5404885512,0.1016987962,1.116666667,1.446666667
833,2025,BKN,115.4,115.9,0.5928481968,0.5942638225,0.5368828356,0.1042412935,1.716666667,2.146666667
834,2025,BOS,110.1,110.55,0.5512242737,0.5531564039,0.5075998447,0.08594255775,-3.583333333,-3.203333333
835,2025,CHI,114.8,115.5,0.5711844783,0.5729584726,0.5314274049,0.07481186159,1.116666667,1.746666667
836,2025,CHO,115.7,115.9,0.5805717773,0.5799983212,0.5341280492,0.08695242301,2.016666667,2.146666667
837,2025,CLE,111.8,112.35,0.5608736308,0.5621514443,0.5137696741,0.09168302269,-1.883333333,-1.403333333
838,2025,DAL,115,114.9,0.5709748989,0.5710236584,0.526619648,0.08422635016,1.316666667,1.146666667
839,2025,DEN,115.1,115.45,0.5720729541,0.5746043171,0.5327630069,0.07378505387,1.416666667,1.696666667
840,2025,DET,112.5,112.65,0.5760217566,0.5769875585,0.5215568621,0.1044275293,-1.183333333,-1.103333333
841,2025,GSW,111,111,0.5737895953,0.573511944,0.5186104446,0.1063980706,-2.683333333,-2.753333333
842,2025,HOU,110.3,109.7,0.5607471975,0.5585060907,0.5109366339,0.0974887302,-3.383333333,-4.053333333
843,2025,IND,113.3,113.35,0.5779203926,0.5766140843,0.5270721119,0.09647310017,-0.3833333333,-0.4033333333
844,2025,LAC,109.4,108.85,0.5695676061,0.565610113,0.5188793983,0.0976878405,-4.283333333,-4.903333333
845,2025,LAL,113.8,114.1,0.5707229902,0.5708804636,0.5254678824,0.08612345189,0.1166666667,0.3466666667
846,2025,MEM,112.6,112.4,0.5694270786,0.568314819,0.519590661,0.09591476778,-1.083333333,-1.353333333
847,2025,MIA,112,112,0.5704131621,0.5698656255,0.5254711,0.08552718145,-1.683333333,-1.753333333
848,2025,MIL,112.7,112.75,0.5648495278,0.5640239412,0.5205642244,0.08507173814,-0.9833333333,-1.003333333
849,2025,MIN,110.8,110.9,0.5636789961,0.5633202914,0.5127260411,0.09937656927,-2.883333333,-2.853333333
850,2025,NOP,119.1,118.9,0.5956731917,0.596060106,0.5477596691,0.08747179705,5.416666667,5.146666667
851,2025,NYK,113.3,113.2,0.579763738,0.5790577485,0.5288010608,0.09637400713,-0.3833333333,-0.5533333333
852,2025,OKC,106.6,105.8,0.5526972326,0.548897367,0.4960388828,0.1142215899,-7.083333333,-7.953333333
853,2025,ORL,109.1,109.45,0.5753858509,0.5755294349,0.512977653,0.1216587068,-4.583333333,-4.303333333
854,2025,PHI,117.3,118.1,0.6024195717,0.6078252608,0.5417449903,0.1119984171,3.616666667,4.346666667
855,2025,PHX,117.7,117.95,0.5849931487,0.5867673774,0.5423907618,0.07854556132,4.016666667,4.196666667
856,2025,POR,113.7,113.05,0.5798584887,0.5758176992,0.5265508886,0.1012392177,0.01666666667,-0.7033333333
857,2025,SAC,115.3,115.35,0.5902880161,0.5898982416,0.5387287165,0.09570549694,1.616666667,1.596666667
858,2025,SAS,116.3,116.55,0.5793695025,0.5814072378,0.5349112956,0.08311323269,2.616666667,2.796666667
859,2025,TOR,113.6,113.9,0.5791261898,0.5798705177,0.5259083517,0.1011922284,-0.08333333333,0.1466666667
860,2025,UTA,119.4,118.45,0.5891946388,0.5851731321,0.5495022124,0.07223342427,5.716666667,4.696666667
861,2025,WAS,118,118.45,0.5834093412,0.5853540036,0.5407335053,0.0789221223,4.316666667,4.696666667