wavenumbers,intensity
450.0,0.034074625524620615
451.0,0.05389832893939967
452.0,0.08592596988766797
453.0,0.10522687525422791
454.0,0.1296404881397371
455.0,0.13973015814895898
456.0,0.14368908827520094
457.0,0.14289773887267754
458.0,0.1466418957238977
459.0,0.13867291979155286
460.0,0.1292112315561244
461.0,0.11253017802828025
462.0,0.10158827694447287
463.0,0.08462919104792098
464.0,0.07244386625238884
465.0,0.05653143688197701
466.0,0.031754347135650285
467.0,0.020965784721103456
468.0,0.022992904085331486
469.0,-0.00014983761168404879
470.0,0.01494902475818378
471.0,0.01950116165597609
472.0,0.023082757450973476
473.0,0.043940459828361346
474.0,0.04290200256791312
475.0,0.048936220778632605
476.0,0.06669061776963182
477.0,0.06876110088711516
478.0,0.08049311049293656
479.0,0.08798279686637288
480.0,0.0928497644025107
481.0,0.09386826347183662
482.0,0.07933292700954235
483.0,0.06987043434901946
484.0,0.07781384371455088
485.0,0.0733711147536702
486.0,0.0789937253018707
487.0,0.0695457448927062
488.0,0.06549794704755017
489.0,0.06552784608212901
490.0,0.05348268452285868
491.0,0.05287548821505178
492.0,0.04762507432558241
493.0,0.06360071755562428
494.0,0.05649441696185788
495.0,0.06174483885347684
496.0,0.06341819336406347
497.0,0.06675957142878264
498.0,0.06236723277320243
499.0,0.08207165984212514
500.0,0.08157703797467296
501.0,0.08911225004815694
502.0,0.09238224790799406
503.0,0.09716430628756587
504.0,0.09995504268151299
505.0,0.10558599266467668
506.0,0.10798943292471774
507.0,0.10292812664216106
508.0,0.10036018285986205
509.0,0.09706734870128711
510.0,0.08764924939308276
511.0,0.09312269061317609
512.0,0.08262992317549914
513.0,0.07809941356179806
514.0,0.09008128111712518
515.0,0.08494180100527085
516.0,0.09422986656721448
517.0,0.10683034348340555
518.0,0.12188852907354979
519.0,0.13306229557681162
520.0,0.1429373100359088
521.0,0.15088886469509233
522.0,0.16500761065449965
523.0,0.14376002718816686
524.0,0.15233755442930977
525.0,0.13491656111018688
526.0,0.12804303960559052
527.0,0.11890225669223443
528.0,0.11364461296785561
529.0,0.12195478235110303
530.0,0.13318916232037847
531.0,0.12969493915987465
532.0,0.138195444461207
533.0,0.15099525297640642
534.0,0.16186061818940475
535.0,0.1806016688507375
536.0,0.19702134664765983
537.0,0.19503005843695323
538.0,0.19009114712533914
539.0,0.18344643011918788
540.0,0.1666598652337968
541.0,0.15241870299061425
542.0,0.14490792918685902
543.0,0.13143480666755963
544.0,0.12820933224429218
545.0,0.12212154716445887
546.0,0.12095681800183454
547.0,0.10641946264450211
548.0,0.11112276734917863
549.0,0.11140862958828714
550.0,0.10667866551538828
551.0,0.1017686492127435
552.0,0.10322932755180346
553.0,0.09243702452138751
554.0,0.07456937274862699
555.0,0.07933437268151067
556.0,0.06027532909218031
557.0,0.05786493594958638
558.0,0.06486424498844323
559.0,0.06181708305857614
560.0,0.044732318219808755
561.0,0.05956943561128809
562.0,0.06749394161235936
563.0,0.06708303535849496
564.0,0.062211451734307796
565.0,0.07240901905926568
566.0,0.06420955576013418
567.0,0.07453405784738841
568.0,0.07548167178545877
569.0,0.08627327960831602
570.0,0.08599040179080687
571.0,0.10438702548187712
572.0,0.10670690092008712
573.0,0.11177357229243581
574.0,0.1085515576239024
575.0,0.11619239887591393
576.0,0.12215926488100666
577.0,0.11784690004802845
578.0,0.11671151881473067
579.0,0.12423513382774258
580.0,0.12528250906751742
581.0,0.12645001892308447
582.0,0.13197568572286567
583.0,0.1351422826232359
584.0,0.1500411262784793
585.0,0.14080040499956442
586.0,0.1501285946136818
587.0,0.1372246966135956
588.0,0.11239243567147464
589.0,0.10652752778923694
590.0,0.08812489716880975
591.0,0.07358001936256746
592.0,0.05776871593676727
593.0,0.05054635342538254
594.0,0.04346634644495172
595.0,0.03911748905092455
596.0,0.03247470970633325
597.0,0.03111021112715043
598.0,0.0368990444688692
599.0,0.05043047952968211
600.0,0.06326846729799541
601.0,0.05348656963169449
602.0,0.05948450406241789
603.0,0.06855742063422227
604.0,0.06787942812431039
605.0,0.0775878021481976
606.0,0.0722888057335307
607.0,0.0810761520149431
608.0,0.07474851100285565
609.0,0.07625187198843299
610.0,0.07113254963339292
611.0,0.0833006341717389
612.0,0.07114505805339746
613.0,0.06444566887145238
614.0,0.0662586540066421
615.0,0.07125693937173679
616.0,0.07741732545009994
617.0,0.07262719672444079
618.0,0.076459781497656
619.0,0.06911921192449486
620.0,0.08126908742233661
621.0,0.08428637866508677
622.0,0.09359848780780974
623.0,0.0800066766141892
624.0,0.10043217499911716
625.0,0.08684842062905919
626.0,0.08160958326767544
627.0,0.06885159233218735
628.0,0.0715142383266768
629.0,0.062354991915642706
630.0,0.05553743911412309
631.0,0.05283718809941663
632.0,0.048229429783170664
633.0,0.04283024243789979
634.0,0.0499957107166459
635.0,0.05753111929976101
636.0,0.058793068007742505
637.0,0.06783897679888044
638.0,0.05359344006376456
639.0,0.05392318115825089
640.0,0.06349846986830651
641.0,0.04376192062437677
642.0,0.036063359775554624
643.0,0.029793401101102044
644.0,0.027366022178461492
645.0,0.02089538681807345
646.0,0.016710966424448758
647.0,0.006401456109559039
648.0,0.011459452501142053
649.0,0.0203908853733087
650.0,0.03720663591478904
651.0,0.027626525593151874
652.0,0.038102774661864826
653.0,0.05225564693633289
654.0,0.049712219468742665
655.0,0.05656526606678757
656.0,0.05315800737499739
657.0,0.06263593661352765
658.0,0.05831635416382154
659.0,0.0696700167388782
660.0,0.07783887769346778
661.0,0.08186648117595921
662.0,0.09401696185228671
663.0,0.08565413563155416
664.0,0.0915187710793643
665.0,0.07800521278752953
666.0,0.08064639107002533
667.0,0.07852453117163308
668.0,0.07026620715856677
669.0,0.07344291201480156
670.0,0.06704555884556525
671.0,0.06152425396841292
672.0,0.05934847360682961
673.0,0.048346055854996704
674.0,0.04993119624389277
675.0,0.047351738728929095
676.0,0.0513282935334208
677.0,0.05262720722826545
678.0,0.04931697040491747
679.0,0.05080431984242757
680.0,0.03834551232503005
681.0,0.030311891266369996
682.0,0.03281350416600447
683.0,0.023821343044572185
684.0,0.007138511466934248
685.0,0.019696708494434775
686.0,0.02350766708042082
687.0,0.020037077326474396
688.0,0.019831276591765267
689.0,0.012086423283741498
690.0,0.03319195122040321
691.0,0.025443589374441532
692.0,0.027126023217935655
693.0,0.0333700005875094
694.0,0.040448301626609916
695.0,0.04246810133334557
696.0,0.07058937543039641
697.0,0.07334185587712735
698.0,0.08713118973962045
699.0,0.10609530472174816
700.0,0.10780833471487034
701.0,0.1029644671919659
702.0,0.10535463134679451
703.0,0.10498720002182324
704.0,0.08706944945639074
705.0,0.07159425205743997
706.0,0.05020737402461963
707.0,0.04024612089403101
708.0,0.04205703071708589
709.0,0.02820659700749661
710.0,0.03154250974197668
711.0,0.016428126311940277
712.0,0.02536775069350375
713.0,0.018921540686956728
714.0,0.02598308702652251
715.0,0.03601490924103728
716.0,0.048591311637579654
717.0,0.04597220516422869
718.0,0.04063277107538209
719.0,0.04368207180618312
720.0,0.04289740458794151
721.0,0.024341068401804132
722.0,0.026627041784201288
723.0,0.023119684315131388
724.0,0.013340819763624783
725.0,0.019385881916876655
726.0,0.020202597243251123
727.0,0.036485959847731134
728.0,0.04124324223784799
729.0,0.05209054443679361
730.0,0.06795459057555346
731.0,0.08091738534150857
732.0,0.08955963052774167
733.0,0.09599099304523988
734.0,0.09126397164916815
735.0,0.0970496071723148
736.0,0.08285994333534105
737.0,0.07341564268581223
738.0,0.06345131954611356
739.0,0.05196859767976962
740.0,0.045504820830424605
741.0,0.050654802277803654
742.0,0.04761167232449226
743.0,0.04524613894989313
744.0,0.04345575255376297
745.0,0.04159753661858281
746.0,0.0425187745040852
747.0,0.03359896105001854
748.0,0.035148328715623914
749.0,0.037002211381816405
750.0,0.03611666203988976
751.0,0.04603235108598455
752.0,0.04155606041173041
753.0,0.05841491756187177
754.0,0.050335871400212395
755.0,0.06468327665718451
756.0,0.06423498930633176
757.0,0.06855630273281431
758.0,0.07224955492033863
759.0,0.059056986905089835
760.0,0.07109834091160254
761.0,0.06899032055318745
762.0,0.06678182961039995
763.0,0.05612894840850375
764.0,0.06192550163330344
765.0,0.06522115035806522
766.0,0.07519641598721225
767.0,0.07340107204854486
768.0,0.07229366644414628
769.0,0.0872897441631421
770.0,0.08534293774331526
771.0,0.0845428066296823
772.0,0.08729037968982241
773.0,0.08450361774292171
774.0,0.07601541172360399
775.0,0.07919132094085288
776.0,0.07291197893038906
777.0,0.05372954495163706
778.0,0.05201544110774647
779.0,0.036232105854565246
780.0,0.03808172989023358
781.0,0.04225917592050588
782.0,0.029555074209759377
783.0,0.028635599543824972
784.0,0.014953266525095727
785.0,0.02111026086343579
786.0,0.019486534492407465
787.0,0.02025561903755006
788.0,0.018819712639309132
789.0,0.02031102595305307
790.0,0.013394748048038838
791.0,0.025857716561597348
792.0,0.019986479485672396
793.0,0.021612754022547094
794.0,0.029830102487362484
795.0,0.02365067838172491
796.0,0.01746192057900824
797.0,0.026211746066840395
798.0,0.028277254529308782
799.0,0.03210179739397197
800.0,0.04413275151260935
801.0,0.037936589819637226
802.0,0.05861533070022456
803.0,0.054098627375373486
804.0,0.054211265285776945
805.0,0.04809889450946125
806.0,0.0603013020215593
807.0,0.058591003198599875
808.0,0.06526134769661034
809.0,0.07930122888036849
810.0,0.08647555174193726
811.0,0.10002213593971368
812.0,0.12505033769202312
813.0,0.14701261065743004
814.0,0.1696108089993218
815.0,0.19092734468373654
816.0,0.20986658725955878
817.0,0.23079763130848893
818.0,0.2453801822443588
819.0,0.2500978457551458
820.0,0.25498801692708206
821.0,0.2506342865947171
822.0,0.23886502512220917
823.0,0.22557894999655786
824.0,0.21532247339559354
825.0,0.19598321162112742
826.0,0.188562945945074
827.0,0.16931985026480437
828.0,0.15378450398651275
829.0,0.13784725625154756
830.0,0.10938896310690363
831.0,0.11680027939154486
832.0,0.1140345455696749
833.0,0.12054450026139588
834.0,0.12232126199931284
835.0,0.12167546849027741
836.0,0.1326206367954586
837.0,0.14378998091638792
838.0,0.16487978060015365
839.0,0.1778708155970723
840.0,0.195041490905605
841.0,0.21743914421500085
842.0,0.2400535474584342
843.0,0.2470217312762747
844.0,0.2676919595672216
845.0,0.2850650337238054
846.0,0.3095653395917463
847.0,0.31506507940724804
848.0,0.31869318200731217
849.0,0.32045361618737783
850.0,0.34012049251285925
851.0,0.3407187749886722
852.0,0.36350891544849445
853.0,0.3798308553377942
854.0,0.3951937242176765
855.0,0.4011920859029756
856.0,0.419124962877196
857.0,0.43905689550272076
858.0,0.44894784837174445
859.0,0.4692499886915051
860.0,0.47337409964057264
861.0,0.4680122088223164
862.0,0.4620902649169927
863.0,0.43893598345567714
864.0,0.4229946382804373
865.0,0.40987022706136594
866.0,0.3939083370665165
867.0,0.37497457369642434
868.0,0.3634717585076571
869.0,0.3417088873726645
870.0,0.335846849367161
871.0,0.32600355289757477
872.0,0.334450046301296
873.0,0.33994106531147716
874.0,0.3469944086006172
875.0,0.369871636304612
876.0,0.37958958901806994
877.0,0.39692177788827065
878.0,0.41520222338516805
879.0,0.4162028421509718
880.0,0.42935961718423377
881.0,0.4307426371290968
882.0,0.4284488430866804
883.0,0.43722268443953316
884.0,0.44051826440648756
885.0,0.4288714514862028
886.0,0.42381739789954737
887.0,0.41360554916095915
888.0,0.3960850266030002
889.0,0.3853613845607787
890.0,0.36163971764935937
891.0,0.3346875020690092
892.0,0.31886864934521353
893.0,0.2854478571961841
894.0,0.2657581732182403
895.0,0.23422909350822313
896.0,0.21593234796870692
897.0,0.19750753670823576
898.0,0.18490213931152655
899.0,0.17869149025720366
900.0,0.17243925855998968
901.0,0.1870904435401669
902.0,0.18074814353029148
903.0,0.17307154865264412
904.0,0.18216831561092106
905.0,0.19343504749448873
906.0,0.19485114780757354
907.0,0.20397144181292973
908.0,0.2275482109560689
909.0,0.2325674105950098
910.0,0.2528431240670069
911.0,0.2791496448426509
912.0,0.2917502748205489
913.0,0.3063789729269296
914.0,0.32654117034515207
915.0,0.3394273428936909
916.0,0.338628277534076
917.0,0.3599081201715119
918.0,0.3733954899556924
919.0,0.37298419848395953
920.0,0.3688142807599265
921.0,0.37582721207256686
922.0,0.3703396923260969
923.0,0.36598831272279714
924.0,0.3604373885947183
925.0,0.3560125909959989
926.0,0.35401313000821805
927.0,0.35606734143207636
928.0,0.3518596689103488
929.0,0.35866588620391204
930.0,0.3623236972834028
931.0,0.36238162597901036
932.0,0.36397169953049896
933.0,0.3792247444636637
934.0,0.3769746597379906
935.0,0.38330171761915
936.0,0.3916939981151915
937.0,0.40205499425339924
938.0,0.3979703431918582
939.0,0.41767374152152953
940.0,0.41449846344143226
941.0,0.4391193692230754
942.0,0.4395294960889269
943.0,0.4422554958751782
944.0,0.45519812128336623
945.0,0.44292127575310836
946.0,0.43750095001886635
947.0,0.4338537143335022
948.0,0.4151637900030231
949.0,0.40591123626670167
950.0,0.3904867499120847
951.0,0.3824235776614654
952.0,0.3738356837498345
953.0,0.354130829995381
954.0,0.33889433725138374
955.0,0.3166614613059373
956.0,0.2990384208504711
957.0,0.27350950685198017
958.0,0.2643609716052509
959.0,0.24411185392291843
960.0,0.23112376597037992
961.0,0.2138600205853822
962.0,0.2178238770799115
963.0,0.20851185034878636
964.0,0.2108188705852814
965.0,0.22689535095205735
966.0,0.23679163415086002
967.0,0.2487443025245831
968.0,0.25766684816723134
969.0,0.26569673957193585
970.0,0.26128083487709014
971.0,0.2528046344536021
972.0,0.2507338644716151
973.0,0.236296106631358
974.0,0.23263256030925822
975.0,0.22366374072375306
976.0,0.1965333567288725
977.0,0.185448302185957
978.0,0.17380870721650676
979.0,0.15921384453486648
980.0,0.14824279251835965
981.0,0.14508980314833822
982.0,0.13466749285299487
983.0,0.119682828174557
984.0,0.10387991153581731
985.0,0.09466692928670256
986.0,0.07573857358652418
987.0,0.07202063567755909
988.0,0.051138959415947906
989.0,0.057398395234620474
990.0,0.038966217093697034
991.0,0.03600596721383833
992.0,0.03478893519723127
993.0,0.038455528952691165
994.0,0.07015520517995323
995.0,0.08362970146735454
996.0,0.1019784240081448
997.0,0.1427501169650665
998.0,0.18208883012222876
999.0,0.2065114147283002
1000.0,0.24796610785026071
1001.0,0.26778209620585425
1002.0,0.30547650322443115
1003.0,0.31789796660039094
1004.0,0.3253715574795998
1005.0,0.3293995951442192
1006.0,0.3206891239565174
1007.0,0.31662559980307686
1008.0,0.31107827544487165
1009.0,0.2959370958558271
1010.0,0.2779214890657926
1011.0,0.25230292478916977
1012.0,0.2426144086150328
1013.0,0.22409348321526967
1014.0,0.2154903157369154
1015.0,0.1880481746769058
1016.0,0.17246965176410897
1017.0,0.14399071391256166
1018.0,0.13317639759837582
1019.0,0.12933924482023434
1020.0,0.11947605974923378
1021.0,0.12288675889434134
1022.0,0.12497306248898937
1023.0,0.1381261902522315
1024.0,0.16382436403465864
1025.0,0.1777768759242627
1026.0,0.21000286843791474
1027.0,0.23915146116819555
1028.0,0.24716827527788493
1029.0,0.28194097038895694
1030.0,0.2901791749053098
1031.0,0.2919157588233887
1032.0,0.2892663469527021
1033.0,0.28226289051810577
1034.0,0.26976710170668
1035.0,0.2715299494821266
1036.0,0.2648751465123575
1037.0,0.2669020092635346
1038.0,0.26762570221793947
1039.0,0.2620338622861229
1040.0,0.2807694794295662
1041.0,0.28708008493763915
1042.0,0.28419681560201965
1043.0,0.28984482249189075
1044.0,0.28132284335748925
1045.0,0.2722808683302967
1046.0,0.25619509997896067
1047.0,0.24080059554151556
1048.0,0.2156724237543085
1049.0,0.2082073809930916
1050.0,0.18587771678521875
1051.0,0.15967499774878263
1052.0,0.15321152881451566
1053.0,0.15545850044942758
1054.0,0.1528918394584921
1055.0,0.15341176986029426
1056.0,0.15592229108418654
1057.0,0.17251004034080655
1058.0,0.17491349108194906
1059.0,0.1772366666896906
1060.0,0.1873537972238605
1061.0,0.18852554739268343
1062.0,0.20816098822489393
1063.0,0.2141102344238837
1064.0,0.21178023972542614
1065.0,0.2159472594646487
1066.0,0.22024911134362127
1067.0,0.22829418176756477
1068.0,0.22636142253528274
1069.0,0.23351709143328486
1070.0,0.23314040656930238
1071.0,0.24286813263510568
1072.0,0.23712845621191594
1073.0,0.24416014886152276
1074.0,0.24813534594584144
1075.0,0.24794252693359017
1076.0,0.25805982346009937
1077.0,0.2671923595139209
1078.0,0.27386923858963363
1079.0,0.2681170148429907
1080.0,0.27348061893566994
1081.0,0.2752222890558857
1082.0,0.28723775478565566
1083.0,0.2956956606540611
1084.0,0.2916863616315043
1085.0,0.29454489070791834
1086.0,0.2860400208562795
1087.0,0.27720083975242554
1088.0,0.26430321241847
1089.0,0.26931730203130616
1090.0,0.2426419989277782
1091.0,0.24453881735949695
1092.0,0.23800334715746002
1093.0,0.23349734122364726
1094.0,0.23198426091714033
1095.0,0.23437733610336958
1096.0,0.23252735707210073
1097.0,0.23090658007442422
1098.0,0.25001430815749526
1099.0,0.25244778392398853
1100.0,0.2538113143939055
1101.0,0.2555619855751318
1102.0,0.2620762693802421
1103.0,0.2683598020450494
1104.0,0.2797427028368451
1105.0,0.2948111960084889
1106.0,0.28087624806937594
1107.0,0.27287761830512336
1108.0,0.27227899324029436
1109.0,0.25929693129501724
1110.0,0.23892312251574782
1111.0,0.2209151203513831
1112.0,0.20915396949544673
1113.0,0.19701045559246758
1114.0,0.17991727738618468
1115.0,0.17437286961118048
1116.0,0.1609631138316666
1117.0,0.156254237164567
1118.0,0.149901709491259
1119.0,0.14471328372384282
1120.0,0.13532631005079154
1121.0,0.11507148810957715
1122.0,0.09254822615019655
1123.0,0.08865013281005715
1124.0,0.05389799244182643
1125.0,0.05073646024377141
1126.0,0.04107545337164399
1127.0,0.02187231482564144
1128.0,0.02361825927477603
1129.0,0.021735234449373395
1130.0,0.024532287178563896
1131.0,0.026545154593466756
1132.0,0.038478423644938184
1133.0,0.03552223920912536
1134.0,0.03770424894565493
1135.0,0.035593164751591085
1136.0,0.04107787903856127
1137.0,0.05005125404205706
1138.0,0.050564090602911296
1139.0,0.052190614509318986
1140.0,0.04557961862468817
1141.0,0.051448108417156066
1142.0,0.0338620547981497
1143.0,0.024659361572063276
1144.0,0.014130604143912545
1145.0,0.028415345911406042
1146.0,0.006780648242167175
1147.0,0.0030779161401748357
1148.0,0.00046859165189884586
1149.0,-0.005370154110121441
1150.0,-0.0024583636850756415
1151.0,-0.0016064259208576348
1152.0,-0.0020042018639836413
1153.0,0.004444468645044144
1154.0,0.015820698935382963
1155.0,0.026126617972793174
1156.0,0.03668733161771601
1157.0,0.04320685458800494
1158.0,0.05349476632557585
1159.0,0.06800346028413047
1160.0,0.07639586640793652
1161.0,0.08532728078262877
1162.0,0.0967357864006541
1163.0,0.11151494235048239
1164.0,0.10942023624822113
1165.0,0.1128246477078292
1166.0,0.11576687559745828
1167.0,0.11561469919364349
1168.0,0.12528874031446396
1169.0,0.12441047353522883
1170.0,0.1278907505010135
1171.0,0.13285858281558938
1172.0,0.1330956718142554
1173.0,0.15124204151196396
1174.0,0.158868913611677
1175.0,0.1701645447320189
1176.0,0.16310446602557926
1177.0,0.14672635667732858
1178.0,0.15225262697384093
1179.0,0.14150538731532433
1180.0,0.11803320975572461
1181.0,0.11960576276304771
1182.0,0.08884443980185497
1183.0,0.07482859858292351
1184.0,0.07408037908594228
1185.0,0.07485086374901403
1186.0,0.0711806251729922
1187.0,0.0667154133754872
1188.0,0.0678446993414109
1189.0,0.08113857087204963
1190.0,0.08695989088900667
1191.0,0.10331904982503436
1192.0,0.10865613770227024
1193.0,0.13184345347587986
1194.0,0.1491305307595413
1195.0,0.15701389229461257
1196.0,0.16762433162998308
1197.0,0.18326895024134435
1198.0,0.19400479821714212
1199.0,0.2064193488070339
1200.0,0.19879979676386844
1201.0,0.2050629313480427
1202.0,0.20594637140421723
1203.0,0.2103149881079379
1204.0,0.2017995812818088
1205.0,0.19476229911575366
1206.0,0.1937326443974732
1207.0,0.1830134313819171
1208.0,0.17289389535224303
1209.0,0.18181428516126208
1210.0,0.16706460278333463
1211.0,0.15396863593442656
1212.0,0.14838584646461958
1213.0,0.14328523115988778
1214.0,0.1395542397278772
1215.0,0.14996716584252867
1216.0,0.15498327616989668
1217.0,0.18191754087865578
1218.0,0.19208060321884554
1219.0,0.21357013163695757
1220.0,0.23017939899526077
1221.0,0.2526592627790756
1222.0,0.27376685320041494
1223.0,0.2910736151759614
1224.0,0.31704858298390204
1225.0,0.34101978201319993
1226.0,0.3633956211096841
1227.0,0.3889620905021134
1228.0,0.4064046778316136
1229.0,0.4366425652356421
1230.0,0.4650797872059078
1231.0,0.4945712787655528
1232.0,0.5213869116992016
1233.0,0.5541393617405231
1234.0,0.5865277552627326
1235.0,0.601287801050575
1236.0,0.6266362992798146
1237.0,0.6440965432915144
1238.0,0.6584931921725865
1239.0,0.671928804152109
1240.0,0.675346051746694
1241.0,0.6950915725007087
1242.0,0.6947512826845267
1243.0,0.7124245210584754
1244.0,0.7140328422411791
1245.0,0.7172675027689394
1246.0,0.7165050358507808
1247.0,0.7184746328504646
1248.0,0.7335358708485935
1249.0,0.7384888759687993
1250.0,0.7349812173716391
1251.0,0.7342806849007633
1252.0,0.7243278859141401
1253.0,0.7148342495757876
1254.0,0.707313540709189
1255.0,0.7090952410117042
1256.0,0.7020578547454605
1257.0,0.6884873371818137
1258.0,0.684585390128235
1259.0,0.678006555546382
1260.0,0.679393931706981
1261.0,0.6714772281577336
1262.0,0.6575079216050125
1263.0,0.6582990195442843
1264.0,0.6517963331067067
1265.0,0.6309120884309121
1266.0,0.6214915055808672
1267.0,0.5996077857588419
1268.0,0.5964160165394495
1269.0,0.5816837533743404
1270.0,0.589506890638674
1271.0,0.5856880926142058
1272.0,0.5789009816632005
1273.0,0.5773582420763621
1274.0,0.5856925772982783
1275.0,0.5817492508160016
1276.0,0.5799769494415549
1277.0,0.5708515533895195
1278.0,0.5676158348289756
1279.0,0.5552367293854937
1280.0,0.5447316763541922
1281.0,0.5350489079076624
1282.0,0.5285617940937029
1283.0,0.4985398081323386
1284.0,0.50472562758351
1285.0,0.5001493484211215
1286.0,0.4881625727512371
1287.0,0.48065318464863976
1288.0,0.47822504047884645
1289.0,0.4743258408678302
1290.0,0.45770355403741564
1291.0,0.4594235342036324
1292.0,0.44420241197395083
1293.0,0.433903269898179
1294.0,0.42143129506718324
1295.0,0.40052086722314034
1296.0,0.3871219022923261
1297.0,0.3748605395890253
1298.0,0.366860843031314
1299.0,0.35160640252396264
1300.0,0.33959086945166955
1301.0,0.3436510980656942
1302.0,0.3402454004686098
1303.0,0.34310683691402083
1304.0,0.33736006072439995
1305.0,0.3413531336056755
1306.0,0.3405875094969683
1307.0,0.33816320394644755
1308.0,0.3412885576308183
1309.0,0.3389910772167659
1310.0,0.3328655346119147
1311.0,0.34495623960893324
1312.0,0.34737034090889096
1313.0,0.33425315421862845
1314.0,0.3474867971728414
1315.0,0.3535188479702981
1316.0,0.3495338211224253
1317.0,0.3394403368070488
1318.0,0.3415310331275914
1319.0,0.32510537494837344
1320.0,0.31713790019126165
1321.0,0.2987236863950229
1322.0,0.2869009000181313
1323.0,0.26260416327169733
1324.0,0.23039685738709778
1325.0,0.2184414029048867
1326.0,0.20603330135833978
1327.0,0.18647966435521812
1328.0,0.17456018593980568
1329.0,0.18427360647078783
1330.0,0.1868352834192785
1331.0,0.1801447094048898
1332.0,0.17060364612479792
1333.0,0.17445530401208334
1334.0,0.19308635554937548
1335.0,0.1890114579443204
1336.0,0.19311948161567216
1337.0,0.1879473674912822
1338.0,0.17883740004338397
1339.0,0.16559530341802764
1340.0,0.16572391061192604
1341.0,0.1595823421968729
1342.0,0.15685048216446615
1343.0,0.15091312852200434
1344.0,0.15569455202077212
1345.0,0.15652249626394718
1346.0,0.15530010807784694
1347.0,0.15155424416507457
1348.0,0.16210316721282989
1349.0,0.15820400176182897
1350.0,0.15870962015882278
1351.0,0.14820808581851377
1352.0,0.13793676547131087
1353.0,0.12087812228297422
1354.0,0.11993528704668079
1355.0,0.0973245269239217
1356.0,0.08670886703791511
1357.0,0.07582433243597046
1358.0,0.06142078187109845
1359.0,0.042414834071920954
1360.0,0.04564079449216922
1361.0,0.02829347981599068
1362.0,0.027943407195880197
1363.0,0.0373485025391216
1364.0,0.04534917011905341
1365.0,0.05589170047168216
1366.0,0.05760313501558887
1367.0,0.06028145034462214
1368.0,0.08098068047685422
1369.0,0.09960581350422881
1370.0,0.11504119171858866
1371.0,0.1326379945092713
1372.0,0.14959701577911205
1373.0,0.15670605704589965
1374.0,0.16144664359924005
1375.0,0.17636996626801518
1376.0,0.17214567829965594
1377.0,0.18672808149163644
1378.0,0.17887620904965668
1379.0,0.18631876312635806
1380.0,0.17315868396050496
1381.0,0.17452810583989856
1382.0,0.166275118283349
1383.0,0.1503501155518029
1384.0,0.15275977106756616
1385.0,0.1544330298517536
1386.0,0.1580964661278544
1387.0,0.1644922167381357
1388.0,0.17599306858238917
1389.0,0.19253205913109828
1390.0,0.21199365123913438
1391.0,0.21307368939587343
1392.0,0.22307001628924442
1393.0,0.2257828195918811
1394.0,0.2337640479375997
1395.0,0.24046642080704894
1396.0,0.23062314429105504
1397.0,0.2446152330784631
1398.0,0.23877887744200646
1399.0,0.2356429529229637
1400.0,0.22790559619000508
1401.0,0.2354037246318818
1402.0,0.23477035415272693
1403.0,0.22354419293329356
1404.0,0.23646127076828932
1405.0,0.23461049852246382
1406.0,0.2253109744922142
1407.0,0.2360555996694459
1408.0,0.23443973690724734
1409.0,0.2413133451251636
1410.0,0.2391375304230221
1411.0,0.24478323968752644
1412.0,0.2387987092775955
1413.0,0.25995429734385544
1414.0,0.2685335020157935
1415.0,0.285288811444595
1416.0,0.29505380297136974
1417.0,0.3127516243851568
1418.0,0.3309981866541129
1419.0,0.3574566987988807
1420.0,0.3692611968312927
1421.0,0.3988346700113637
1422.0,0.3958526194992292
1423.0,0.408092362829867
1424.0,0.4151619026422731
1425.0,0.42952867438972486
1426.0,0.4274225016162397
1427.0,0.4193403391074398
1428.0,0.41370578698088345
1429.0,0.39383858294686025
1430.0,0.4060470864712414
1431.0,0.416222888915616
1432.0,0.4373987402702054
1433.0,0.441805730977136
1434.0,0.48800104809042966
1435.0,0.5207847387297653
1436.0,0.5510605813480357
1437.0,0.5915518183198779
1438.0,0.6253528297634947
1439.0,0.6461153972206914
1440.0,0.6962755276332921
1441.0,0.7320118518539294
1442.0,0.7557140181963018
1443.0,0.7983918997994822
1444.0,0.8096284658185863
1445.0,0.8431075440005272
1446.0,0.8640333521827175
1447.0,0.8890759288598612
1448.0,0.9219145908418251
1449.0,0.9440082247282939
1450.0,0.971240548694228
1451.0,0.9873210360014689
1452.0,0.995344301903893
1453.0,1.0069818136
1454.0,0.9970704279544375
1455.0,0.9966465578504041
1456.0,0.9928136309663621
1457.0,0.993111143725877
1458.0,0.9895605443381775
1459.0,0.9795237067576439
1460.0,0.962228183505706
1461.0,0.9511263225141116
1462.0,0.9460283351600942
1463.0,0.9095812870530818
1464.0,0.8938902733526014
1465.0,0.8665067877062026
1466.0,0.8385776162628046
1467.0,0.8175696672138821
1468.0,0.7918393032921881
1469.0,0.7637359148611115
1470.0,0.7444957335369866
1471.0,0.7243926333968094
1472.0,0.6998167643236037
1473.0,0.6634666885619539
1474.0,0.6619499746795919
1475.0,0.641958604249565
1476.0,0.6274256839902455
1477.0,0.6060031753598648
1478.0,0.5749472521031979
1479.0,0.5344540826534367
1480.0,0.4893046384169844
1481.0,0.4442882063453547
1482.0,0.40515069347362603
1483.0,0.3579273661827315
1484.0,0.3124055279514649
1485.0,0.2743790706869139
1486.0,0.234543404662513
1487.0,0.21426814973645406
1488.0,0.19717514017331153
1489.0,0.17471940113805176
1490.0,0.17478940039244875
1491.0,0.1727112078467958
1492.0,0.14937455546459222
1493.0,0.1294420254245345
1494.0,0.11779558020836069
1495.0,0.10168776719331131
1496.0,0.09050452158559055
1497.0,0.07727273989437888
1498.0,0.06202586286440957
1499.0,0.052055476965646164
1500.0,0.04113133987810608
1501.0,0.03747771816637634
1502.0,0.03619803162843325
1503.0,0.03337714839985261
1504.0,0.023678594073712627
1505.0,0.019768721584312924
1506.0,0.020613355341980708
1507.0,0.025128020911619607
1508.0,0.010239278576296102
1509.0,0.013155171437166126
1510.0,0.02185376480501102
1511.0,0.021635996118482166
1512.0,0.027327259527085045
1513.0,0.02808687819596621
1514.0,0.03597374110208713
1515.0,0.0343611545991397
1516.0,0.040279599618484756
1517.0,0.03178452258846765
1518.0,0.02324183433274584
1519.0,0.027000047330947165
1520.0,0.028056433703881833
1521.0,0.03473745425990673
1522.0,0.030707606270096145
1523.0,0.03062018565960483
1524.0,0.03648936166602008
1525.0,0.013561785105156054
1526.0,0.0178310022850599
1527.0,0.019110387932283982
1528.0,0.013377957761989967
1529.0,0.007510725722574911
1530.0,0.007152216600807732
1531.0,0.005253146101837475
1532.0,0.002512304222810018
1533.0,0.008534134160184621
1534.0,0.0009125789401790876
1535.0,0.008966442164040201
1536.0,0.01686413670580618
1537.0,0.0317625761472301
1538.0,0.04154668338840573
1539.0,0.05652251562817741
1540.0,0.05943538633169781
1541.0,0.08376815760755572
1542.0,0.0914489284321652
1543.0,0.09850851705173103
1544.0,0.10732428228582613
1545.0,0.10389702943523618
1546.0,0.09510535443285814
1547.0,0.10070001311470464
1548.0,0.08911704451333105
1549.0,0.07152963597777397
1550.0,0.06263904117087901
1551.0,0.053824058851145405
1552.0,0.050209053415129976
1553.0,0.053021693380944604
1554.0,0.045383878039463144
1555.0,0.04197570567243675
1556.0,0.050801904734873976
1557.0,0.04657047143113782
1558.0,0.06348775910901346
1559.0,0.054120186819940276
1560.0,0.06039507268741757
1561.0,0.06090463835578264
1562.0,0.06442194341879505
1563.0,0.06939959273158733
1564.0,0.05738805548265733
1565.0,0.07191946239115574
1566.0,0.07208057895759722
1567.0,0.07270767334459846
1568.0,0.05976728942142636
1569.0,0.07094253844427818
1570.0,0.0736410799925241
1571.0,0.07680235706059313
1572.0,0.07860261092378983
1573.0,0.09125268387765066
1574.0,0.1017473655222691
1575.0,0.11868532242533988
1576.0,0.12338526066314459
1577.0,0.12228961346009518
1578.0,0.1206804288156372
1579.0,0.11190924619400593
1580.0,0.10681453921979199
1581.0,0.09222795715573427
1582.0,0.07062583098225199
1583.0,0.06591497846875664
1584.0,0.04746663470001348
1585.0,0.033428884873357524
1586.0,0.025709942434366723
1587.0,0.011813726964011262
1588.0,0.02391732595831683
1589.0,0.031878984559335515
1590.0,0.023220414901495488
1591.0,0.02448154494952231
1592.0,0.031108898290168163
1593.0,0.03131400219420983
1594.0,0.04875995278316145
1595.0,0.047164850787638074
1596.0,0.05625678060569753
1597.0,0.0683413257670209
1598.0,0.07961862280772808
1599.0,0.0922245172616622
1600.0,0.0867104399212039
1601.0,0.11030704306563024
1602.0,0.11709518248758138
1603.0,0.12555444319488152
1604.0,0.12260060881073735
1605.0,0.11915129878781815
1606.0,0.12895347212965788
1607.0,0.12605388502168924
1608.0,0.1271389147315697
1609.0,0.1289994293543392
1610.0,0.12217772072695293
1611.0,0.12782515553992682
1612.0,0.13862160029265444
1613.0,0.14084063383535894
1614.0,0.15262281695203686
1615.0,0.15835173309358322
1616.0,0.17263144276496167
1617.0,0.19710022226738116
1618.0,0.20165615138030912
1619.0,0.21642077818594782
1620.0,0.23343149708108424
1621.0,0.2482701484677516
1622.0,0.255738389156351
1623.0,0.26555062773983024
1624.0,0.26342775868122387
1625.0,0.27377025651620585
1626.0,0.28857274448878895
1627.0,0.2948051364732229
1628.0,0.30325118631745157
1629.0,0.3228717358110616
1630.0,0.3438340130859395
1631.0,0.3790596784985548
1632.0,0.40473438507941834
1633.0,0.4378507169739689
1634.0,0.474033952479854
1635.0,0.5138446931408408
1636.0,0.5451462061336391
1637.0,0.5735645162443265
1638.0,0.6027060004149533
1639.0,0.625652525407405
1640.0,0.6449784988740407
1641.0,0.6539373985749296
1642.0,0.6472253858991179
1643.0,0.6647616555628855
1644.0,0.6602815713972634
1645.0,0.6684623715881549
1646.0,0.6792197559368559
1647.0,0.6940281226014678
1648.0,0.7067963033084284
1649.0,0.7283224368078087
1650.0,0.7523895522236719
1651.0,0.7710956514631556
1652.0,0.8016912615890135
1653.0,0.8285131914753283
1654.0,0.8515368533308257
1655.0,0.8765913500658625
1656.0,0.888769952564476
1657.0,0.9001677797336917
1658.0,0.9265314213732648
1659.0,0.9176607574305543
1660.0,0.9262677116315369
1661.0,0.928967337930648
1662.0,0.92205865351165
1663.0,0.940489694964406
1664.0,0.9364873105496212
1665.0,0.9469117239449989
1666.0,0.9555089627964146
1667.0,0.9518124510403717
1668.0,0.9520674563464693
1669.0,0.9446185114263322
1670.0,0.9363101654676718
1671.0,0.9380503426750204
1672.0,0.9295149483039277
1673.0,0.9374142865127567
1674.0,0.9454172843285238
1675.0,0.9418985126201922
1676.0,0.942358582577282
1677.0,0.9522343535869894
1678.0,0.9695097727792077
1679.0,0.974741530054563
1680.0,0.9876307563699543
1681.0,0.9865439035051791
1682.0,0.9844616893584628
1683.0,0.9768714829484285
1684.0,0.9591412050939949
1685.0,0.9360398733569296
1686.0,0.9226336054287859
1687.0,0.8985028172582847
1688.0,0.8872458262716442
1689.0,0.8580064891666507
1690.0,0.8398320769752182
1691.0,0.8186528020169238
1692.0,0.7977075458746781
1693.0,0.786782204130006
1694.0,0.7806444565459574
1695.0,0.7506867915443682
1696.0,0.7295737081083632
1697.0,0.7173661278904717
1698.0,0.6974128717427792
1699.0,0.6593262006340724
1700.0,0.6293382129574524
1701.0,0.6055631795053331
1702.0,0.5755169213887574
1703.0,0.567642238242599
1704.0,0.5292315501481086
1705.0,0.4985624435340314
1706.0,0.46280463449059317
1707.0,0.4352252674874362
1708.0,0.4014732353337555
1709.0,0.3701056334494575
1710.0,0.36446003685614337
1711.0,0.34570496715611004
1712.0,0.3208883017800727
1713.0,0.29091807605199277
1714.0,0.24887243006478732
1715.0,0.2221652322092931
1716.0,0.18833489729788133
1717.0,0.1704438368875922
1718.0,0.14340839780021983
1719.0,0.11952811262616245
1720.0,0.09239391154580741
1721.0,0.07360890448540924
1722.0,0.06825051399181882
1723.0,0.0667110289397106
1724.0,0.048648354097918095
1725.0,0.05603400355995941
1726.0,0.05238930434860845
1727.0,0.054757473203251465
1728.0,0.04940428666984022
1729.0,0.03491949218354738
1730.0,0.01732857526904675
1731.0,0.02291093601615151
1732.0,0.02385290761987507
1733.0,0.013633573898144569
1734.0,0.008105078318655562
1735.0,0.0031335569276448334
1736.0,0.026643176737227145
1737.0,0.03749242564255951
1738.0,0.037688012403298075
1739.0,0.037385526469329994
1740.0,0.047961660800603045
1741.0,0.0409001079751655
1742.0,0.04704626369614975
1743.0,0.04808131492815129
1744.0,0.05107541335023154
1745.0,0.04695479231677743
1746.0,0.048397267172077284
1747.0,0.05595265437873202
1748.0,0.07610905661499236
1749.0,0.0790236851621875
1750.0,0.10244156537717033
1751.0,0.0880965282928676
1752.0,0.09787250045519622
1753.0,0.10271335466980322
1754.0,0.08772881738500254
1755.0,0.07850061195658174
1756.0,0.06661995143151409
1757.0,0.05790920330177037
1758.0,0.0424771772365922
1759.0,0.04639308244781907
1760.0,0.039705784226968834
1761.0,0.03926691352212257
1762.0,0.042104368768373
1763.0,0.04143126553260081
1764.0,0.05484931212522986
1765.0,0.06475772050195377
1766.0,0.07141151152549367
1767.0,0.06711655423910523
1768.0,0.07481065344470453
1769.0,0.07226105087477579
1770.0,0.079754896269507
1771.0,0.07177372370703992
1772.0,0.06873538834295266
1773.0,0.052084775443084125
1774.0,0.055926367576193466
1775.0,0.05429120711335432
1776.0,0.04998289373635757
1777.0,0.04216840016494176
1778.0,0.05049382547385942
1779.0,0.04624300692532341
1780.0,0.051012541419009294
1781.0,0.05221758221521887
1782.0,0.03517503183221682
1783.0,0.039668348739288144
1784.0,0.034938812068212734
1785.0,0.024423344339198336
1786.0,0.01680395537490994
1787.0,0.017686428476089366
1788.0,0.014050203792601848
1789.0,0.012758684115565284
1790.0,0.010827467703693538
1791.0,0.01264546408787047
1792.0,0.010476877788639103
1793.0,0.014973237140518528
1794.0,0.012205145117691725
1795.0,0.02485274227095799
1796.0,0.021079794452501528
1797.0,0.038677320729536266
1798.0,0.03999900971299833
1799.0,0.05200654733291798
1800.0,0.05912556961098459
